"detail_id","name","prefecture","address","geocode_address","latitude","longitude","start_date","status_text","detail_url","image_url"
"88","岩見三内郵便局","秋田県","〒019-2742 秋田県秋田市河辺三内字外川原143－1","秋田県秋田市河辺三内字外川原143－1","39.708412","140.291473","2006-01-23","","https://www.post.japanpost.jp/kitte_hagaki/stamp/fuke//detail.php?id=88","https://www.post.japanpost.jp/kitte_hagaki/stamp/preview/img/fuke/./2_20060106132759_thum.gif"
"90","広島基町郵便局","広島県","〒730-0011 広島県広島市中区基町16－17－101","広島県広島市中区基町16－17－101","34.403072","132.452499","2006-02-01","","https://www.post.japanpost.jp/kitte_hagaki/stamp/fuke//detail.php?id=90","https://www.post.japanpost.jp/kitte_hagaki/stamp/preview/img/fuke/./10_20060112183748_thum.jpg"
"91","北斗郵便局","北海道","〒049-0199 北海道北斗市飯生２－１１－１","北海道北斗市飯生２－１１－１","41.817932","140.642212","2006-02-01","","https://www.post.japanpost.jp/kitte_hagaki/stamp/fuke//detail.php?id=91","https://www.post.japanpost.jp/kitte_hagaki/stamp/preview/img/fuke/./1_20250327124707_thum.png"
"92","北斗北郵便局","北海道","〒041-1299 北海道北斗市本町２－７－１１","北海道北斗市本町２－７－１１","41.883667","140.641739","2006-02-01","","https://www.post.japanpost.jp/kitte_hagaki/stamp/fuke//detail.php?id=92","https://www.post.japanpost.jp/kitte_hagaki/stamp/preview/img/fuke/./1_20060113142317_thum.jpg"
"93","名古屋中切郵便局","愛知県","〒462-0021 愛知県名古屋市北区成願寺1-4-23","愛知県名古屋市北区成願寺1-4-23","35.214741","136.911819","2006-02-10","","https://www.post.japanpost.jp/kitte_hagaki/stamp/fuke//detail.php?id=93","https://www.post.japanpost.jp/kitte_hagaki/stamp/preview/img/fuke/./1_20060130205548_thum.jpg"
"94","東外城田郵便局","三重県","〒519-0438 三重県度会郡玉城町原877","三重県度会郡玉城町原877","34.478935","136.583237","2006-02-10","","https://www.post.japanpost.jp/kitte_hagaki/stamp/fuke//detail.php?id=94","https://www.post.japanpost.jp/kitte_hagaki/stamp/preview/img/fuke/./8_20060130205759_thum.jpg"
"97","中野サンクォーレ内郵便局","東京都","〒164-0001 東京都中野区中野4－3－1","東京都中野区中野4－3－1","35.708858","139.66452","2006-02-15","","https://www.post.japanpost.jp/kitte_hagaki/stamp/fuke//detail.php?id=97","https://www.post.japanpost.jp/kitte_hagaki/stamp/preview/img/fuke/./5_20060213193508_thum.jpg"
"101","蓮田西新宿郵便局","埼玉県","〒349-0141 埼玉県蓮田市西新宿2-71-6","埼玉県蓮田市西新宿2-71-6","36.003502","139.653763","2006-02-23","","https://www.post.japanpost.jp/kitte_hagaki/stamp/fuke//detail.php?id=101","https://www.post.japanpost.jp/kitte_hagaki/stamp/preview/img/fuke/./3_20060216230838_thum.gif"
"103","蓮田駅東口郵便局","埼玉県","〒349-0111 埼玉県蓮田市東6-3-24","埼玉県蓮田市東6-3-24","35.978855","139.653687","2006-02-23","","https://www.post.japanpost.jp/kitte_hagaki/stamp/fuke//detail.php?id=103","https://www.post.japanpost.jp/kitte_hagaki/stamp/preview/img/fuke/./3_20060216231532_thum.gif"
"104","蓮田閏戸郵便局","埼玉県","〒349-0133 埼玉県蓮田市閏戸4005","埼玉県蓮田市閏戸4005","36.015064","139.637177","2006-02-23","","https://www.post.japanpost.jp/kitte_hagaki/stamp/fuke//detail.php?id=104","https://www.post.japanpost.jp/kitte_hagaki/stamp/preview/img/fuke/./3_20060216231721_thum.gif"
"105","蓮田椿山郵便局","埼玉県","〒349-0144 埼玉県蓮田市椿山4-1-12","埼玉県蓮田市椿山4-1-12","35.993435","139.659027","2006-02-23","","https://www.post.japanpost.jp/kitte_hagaki/stamp/fuke//detail.php?id=105","https://www.post.japanpost.jp/kitte_hagaki/stamp/preview/img/fuke/./3_20060216232330_thum.gif"
"107","米沢春日郵便局","山形県","〒992-0044 山形県山形県米沢市春日2丁目2の2","山形県山形県米沢市春日2丁目2の2","38.255459","140.339767","2006-03-24","","https://www.post.japanpost.jp/kitte_hagaki/stamp/fuke//detail.php?id=107","https://www.post.japanpost.jp/kitte_hagaki/stamp/preview/img/fuke/./2_20060224165548_thum.gif"
"108","玉米郵便局","秋田県","〒015-0221 秋田県由利本荘市東由利舘合字舘前30","秋田県由利本荘市東由利舘合字舘前30","39.271523","140.305359","2006-04-01","","https://www.post.japanpost.jp/kitte_hagaki/stamp/fuke//detail.php?id=108","https://www.post.japanpost.jp/kitte_hagaki/stamp/preview/img/fuke/./2_20060307164520_thum.gif"
"109","三春郵便局","福島県","〒963-7799 福島県田村郡三春町字大町3","福島県田村郡三春町字大町3","37.441628","140.49144","2006-04-01","","https://www.post.japanpost.jp/kitte_hagaki/stamp/fuke//detail.php?id=109","https://www.post.japanpost.jp/kitte_hagaki/stamp/preview/img/fuke/./2_20060227183501_thum.gif"
"110","玉城郵便局","三重県","〒519-0499 三重県度会郡玉城町佐田1002-45","三重県度会郡玉城町佐田1002-45","34.49099","136.639633","2006-03-10","","https://www.post.japanpost.jp/kitte_hagaki/stamp/fuke//detail.php?id=110","https://www.post.japanpost.jp/kitte_hagaki/stamp/preview/img/fuke/./8_20060302230655_thum.jpg"
"111","高知県庁内郵便局","高知県","〒780-0850 高知県高知県高知市丸ノ内1－2－20","高知県高知県高知市丸ノ内1－2－20","33.558723","133.531097","2006-04-03","","https://www.post.japanpost.jp/kitte_hagaki/stamp/fuke//detail.php?id=111","https://www.post.japanpost.jp/kitte_hagaki/stamp/preview/img/fuke/./11_20060314132259_thum.jpg"
"112","津中央郵便局","三重県","〒514-8799 三重県津市中央1－1","三重県津市中央1－1","34.718544","136.510101","2006-04-01","","https://www.post.japanpost.jp/kitte_hagaki/stamp/fuke//detail.php?id=112","https://www.post.japanpost.jp/kitte_hagaki/stamp/preview/img/fuke/./8_20060319144735_thum.jpg"
"113","上野本町通郵便局","三重県","〒518-0869 三重県伊賀市上野中町3000番地","三重県伊賀市上野中町3000番地","34.766113","136.128754","2006-04-01","","https://www.post.japanpost.jp/kitte_hagaki/stamp/fuke//detail.php?id=113","https://www.post.japanpost.jp/kitte_hagaki/stamp/preview/img/fuke/./8_20060319145153_thum.jpg"
"114","名古屋楠郵便局","愛知県","〒462-0014 愛知県名古屋市北区楠味鋺5－2407","愛知県名古屋市北区楠味鋺5－2407","35.218712","136.93277","2006-04-03","","https://www.post.japanpost.jp/kitte_hagaki/stamp/fuke//detail.php?id=114","https://www.post.japanpost.jp/kitte_hagaki/stamp/preview/img/fuke/./8_20060319145459_thum.jpg"
"115","関小瀬郵便局","岐阜県","〒501-3265 岐阜県関市小瀬56","岐阜県関市小瀬56","35.501411","136.891647","2006-04-03","","https://www.post.japanpost.jp/kitte_hagaki/stamp/fuke//detail.php?id=115","https://www.post.japanpost.jp/kitte_hagaki/stamp/preview/img/fuke/./8_20060319145807_thum.jpg"
"116","内城田郵便局","三重県","〒516-2199 三重県度会郡度会町棚橋土橋541－1","三重県度会郡度会町棚橋土橋541－1","34.444275","136.619919","2006-04-03","","https://www.post.japanpost.jp/kitte_hagaki/stamp/fuke//detail.php?id=116","https://www.post.japanpost.jp/kitte_hagaki/stamp/preview/img/fuke/./8_20060319150029_thum.jpg"
"118","龍江郵便局","長野県","〒399-2299 長野県飯田市龍江4520-1","長野県飯田市龍江4520-1","35.443916","137.841003","2006-05-01","","https://www.post.japanpost.jp/kitte_hagaki/stamp/fuke//detail.php?id=118","https://www.post.japanpost.jp/kitte_hagaki/stamp/preview/img/fuke/./6_20060407121935_thum.jpg"
"120","秋田菅野郵便局","秋田県","〒010-0816 秋田県秋田市泉菅野1－1－1","秋田県秋田市泉菅野1－1－1","39.737656","140.107178","2006-06-23","","https://www.post.japanpost.jp/kitte_hagaki/stamp/fuke//detail.php?id=120","https://www.post.japanpost.jp/kitte_hagaki/stamp/preview/img/fuke/./2_20060427173430_thum.gif"
"121","坪田郵便局","東京都","〒111-0033 東京都台東区花川戸2－6－5","東京都台東区花川戸2－6－5","35.714359","139.798386","2006-04-28","","https://www.post.japanpost.jp/kitte_hagaki/stamp/fuke//detail.php?id=121","https://www.post.japanpost.jp/kitte_hagaki/stamp/preview/img/fuke/./5_20060421163324_thum.gif"
"122","三宅島郵便局","東京都","〒111-0033 東京都台東区花川戸2－6－5","東京都台東区花川戸2－6－5","35.714359","139.798386","2006-04-28","","https://www.post.japanpost.jp/kitte_hagaki/stamp/fuke//detail.php?id=122","https://www.post.japanpost.jp/kitte_hagaki/stamp/preview/img/fuke/./5_20060421171111_thum.gif"
"123","三宅島阿古郵便局","東京都","〒111-0033 東京都台東区花川戸2－6－5","東京都台東区花川戸2－6－5","35.714359","139.798386","2006-04-28","","https://www.post.japanpost.jp/kitte_hagaki/stamp/fuke//detail.php?id=123","https://www.post.japanpost.jp/kitte_hagaki/stamp/preview/img/fuke/./5_20060421172055_thum.gif"
"126","五所川原郵便局","青森県","〒037-8799 青森県五所川原市字旭町53－1","青森県五所川原市字旭町53－1","40.810936","140.446777","2006-06-23","","https://www.post.japanpost.jp/kitte_hagaki/stamp/fuke//detail.php?id=126","https://www.post.japanpost.jp/kitte_hagaki/stamp/preview/img/fuke/./2_20060531140949_thum.jpg"
"128","尾花沢郵便局","山形県","〒999-4299 山形県尾花沢市横町一丁目5－23","山形県尾花沢市横町一丁目5－23","38.608349","140.40538","2006-07-03","","https://www.post.japanpost.jp/kitte_hagaki/stamp/fuke//detail.php?id=128","https://www.post.japanpost.jp/kitte_hagaki/stamp/preview/img/fuke/./2_20060619190357_thum.JPG"
"129","中部国際郵便局","愛知県","〒479-0199 愛知県常滑市セントレア3-13-2","愛知県常滑市セントレア3-13-2","34.871017","136.813721","2006-06-26","","https://www.post.japanpost.jp/kitte_hagaki/stamp/fuke//detail.php?id=129","https://www.post.japanpost.jp/kitte_hagaki/stamp/preview/img/fuke/./8_20060616194047_thum.jpg"
"130","重富郵便局","鹿児島県","〒899-5699 鹿児島県姶良市脇元227－2","鹿児島県姶良市脇元227－2","31.7029","130.611328","2006-07-07","","https://www.post.japanpost.jp/kitte_hagaki/stamp/fuke//detail.php?id=130","https://www.post.japanpost.jp/kitte_hagaki/stamp/preview/img/fuke/./12_20060623162106_thum.gif"
"131","新潟竜ヶ島郵便局","新潟県","〒950-0072 新潟県新潟市竜が島1-7-1","新潟県新潟市竜が島1-7-1","37.916077","139.036545","2006-08-01","","https://www.post.japanpost.jp/kitte_hagaki/stamp/fuke//detail.php?id=131","https://www.post.japanpost.jp/kitte_hagaki/stamp/preview/img/fuke/./6_20060707100619_thum.jpg"
"132","今井郵便局","徳島県","〒771-3499 徳島県名西郡神山町下分字今井68－1","徳島県名西郡神山町下分字今井68－1","33.967007","134.310974","2006-08-01","","https://www.post.japanpost.jp/kitte_hagaki/stamp/fuke//detail.php?id=132","https://www.post.japanpost.jp/kitte_hagaki/stamp/preview/img/fuke/./11_20060707171459_thum.jpg"
"136","藪塚本町郵便局","群馬県","〒379-2399 群馬県太田市大原町610－1","群馬県太田市大原町610－1","36.357487","139.293549","2006-08-01","","https://www.post.japanpost.jp/kitte_hagaki/stamp/fuke//detail.php?id=136","https://www.post.japanpost.jp/kitte_hagaki/stamp/preview/img/fuke/./3_20060803173135_thum.jpg"
"137","都幾川桃木簡易郵便局","埼玉県","〒355-0361 埼玉県比企郡ときがわ町桃木178-1","埼玉県比企郡ときがわ町桃木178-1","36.000729","139.267715","2006-08-01","","https://www.post.japanpost.jp/kitte_hagaki/stamp/fuke//detail.php?id=137","https://www.post.japanpost.jp/kitte_hagaki/stamp/preview/img/fuke/./3_20060803182600_thum.jpg"
"138","永山西郵便局","北海道","〒079-8415 北海道旭川市永山5条2丁目4－10","北海道旭川市永山5条2丁目4－10","43.786308","142.401657","2006-09-25","","https://www.post.japanpost.jp/kitte_hagaki/stamp/fuke//detail.php?id=138","https://www.post.japanpost.jp/kitte_hagaki/stamp/preview/img/fuke/./1_20060822115920_thum.jpg"
"139","貝塚郵便局","大阪府","〒597-8799 大阪府貝塚市海塚308－1","大阪府貝塚市海塚308－1","34.444939","135.3582","2006-09-25","","https://www.post.japanpost.jp/kitte_hagaki/stamp/fuke//detail.php?id=139","https://www.post.japanpost.jp/kitte_hagaki/stamp/preview/img/fuke/./9_20060828175958_thum.jpg"
"140","松代郵便局","長野県","〒381-1231 長野県長野市松代町松代515","長野県長野市松代町松代515","36.561485","138.200409","2006-10-16","","https://www.post.japanpost.jp/kitte_hagaki/stamp/fuke//detail.php?id=140","https://www.post.japanpost.jp/kitte_hagaki/stamp/preview/img/fuke/./6_20060905144725_thum.jpg"
"141","神戸月見山郵便局","兵庫県","〒654-0065 兵庫県神戸市須磨区離宮前町2－1－1","兵庫県神戸市須磨区離宮前町2－1－1","34.64978","135.12146","2006-10-02","","https://www.post.japanpost.jp/kitte_hagaki/stamp/fuke//detail.php?id=141","https://www.post.japanpost.jp/kitte_hagaki/stamp/preview/img/fuke/./9_20060911135333_thum.jpg"
"143","鳳来寺郵便局","愛知県","〒441-1945 愛知県新城市玖老勢井ノ本3番地の7","愛知県新城市玖老勢井ノ本3番地の7","34.985912","137.561813","2006-10-16","","https://www.post.japanpost.jp/kitte_hagaki/stamp/fuke//detail.php?id=143",""
"145","サンポート高松郵便局","香川県","〒760-0019 香川県高松市サンポート3－33","香川県高松市サンポート3－33","34.352581","134.045914","2006-12-04","","https://www.post.japanpost.jp/kitte_hagaki/stamp/fuke//detail.php?id=145","https://www.post.japanpost.jp/kitte_hagaki/stamp/preview/img/fuke/./11_20061124215753_thum.jpg"
"147","福良郵便局","福島県","〒963-1699 福島県郡山市湖南町福良字中町80","福島県郡山市湖南町福良字中町80","37.385002","140.09288","2007-02-01","","https://www.post.japanpost.jp/kitte_hagaki/stamp/fuke//detail.php?id=147","https://www.post.japanpost.jp/kitte_hagaki/stamp/preview/img/fuke/./2_20070122114852_thum.jpg"
"148","金木郵便局","青森県","〒037-0299 青森県五所川原市金木町大字金木字朝日山348－3","青森県五所川原市金木町大字金木字朝日山348－3","40.920578","140.55191","2007-03-01","","https://www.post.japanpost.jp/kitte_hagaki/stamp/fuke//detail.php?id=148","https://www.post.japanpost.jp/kitte_hagaki/stamp/preview/img/fuke/./2_20070122115531_thum.jpg"
"149","函館中道郵便局","北海道","〒041-0853 北海道函館市中道1丁目19番10号","北海道函館市中道1丁目19番10号","41.802528","140.754639","2007-02-22","","https://www.post.japanpost.jp/kitte_hagaki/stamp/fuke//detail.php?id=149","https://www.post.japanpost.jp/kitte_hagaki/stamp/preview/img/fuke/./1_20070207121253_thum.jpg"
"151","函館本町郵便局","北海道","〒040-0011 北海道函館市本町9番2号","北海道函館市本町9番2号","41.790199","140.749969","2007-04-09","","https://www.post.japanpost.jp/kitte_hagaki/stamp/fuke//detail.php?id=151","https://www.post.japanpost.jp/kitte_hagaki/stamp/preview/img/fuke/./1_20070326103749_thum.jpg"
"152","函館港町郵便局","北海道","〒041-0821 北海道函館市港町1丁目20番23号","北海道函館市港町1丁目20番23号","41.803394","140.723969","2007-04-09","","https://www.post.japanpost.jp/kitte_hagaki/stamp/fuke//detail.php?id=152","https://www.post.japanpost.jp/kitte_hagaki/stamp/preview/img/fuke/./1_20070516143208_thum.jpg"
"153","小諸郵便局","長野県","〒384-8799 長野県小諸市紺屋町2-9-1","長野県小諸市紺屋町2-9-1","36.32946","138.432312","2007-06-01","","https://www.post.japanpost.jp/kitte_hagaki/stamp/fuke//detail.php?id=153","https://www.post.japanpost.jp/kitte_hagaki/stamp/preview/img/fuke/./6_20070425143829_thum.jpg"
"154","大里郵便局","沖縄県","〒901-1206 沖縄県南城市大里仲間1133-5","沖縄県南城市大里仲間1133-5","26.173967","127.746712","2007-06-23","","https://www.post.japanpost.jp/kitte_hagaki/stamp/fuke//detail.php?id=154","https://www.post.japanpost.jp/kitte_hagaki/stamp/preview/img/fuke/./13_20180313101730_thum.jpg"
"156","東京ミッドタウン郵便局","東京都","〒107-6203 東京都港区赤坂9-7-1","東京都港区赤坂9-7-1","35.666023","139.732208","2007-07-06","","https://www.post.japanpost.jp/kitte_hagaki/stamp/fuke//detail.php?id=156","https://www.post.japanpost.jp/kitte_hagaki/stamp/preview/img/fuke/./5_20070704174256_thum.gif"
"158","朝里郵便局","北海道","〒047-0152 北海道小樽市新光2-6-3","北海道小樽市新光2-6-3","43.173897","141.057022","2007-07-30","","https://www.post.japanpost.jp/kitte_hagaki/stamp/fuke//detail.php?id=158","https://www.post.japanpost.jp/kitte_hagaki/stamp/preview/img/fuke/./1_20070717140300_thum.jpg"
"160","大津瀬田郵便局","滋賀県","〒520-2153 滋賀県大津市一里山3－34－14","滋賀県大津市一里山3－34－14","34.982697","135.933731","2007-07-30","","https://www.post.japanpost.jp/kitte_hagaki/stamp/fuke//detail.php?id=160","https://www.post.japanpost.jp/kitte_hagaki/stamp/preview/img/fuke/./9_20070725142911_thum.jpg"
"161","比叡辻郵便局","滋賀県","〒520-0104 滋賀県大津市比叡辻1－15－10","滋賀県大津市比叡辻1－15－10","35.069958","135.884659","2007-07-30","","https://www.post.japanpost.jp/kitte_hagaki/stamp/fuke//detail.php?id=161","https://www.post.japanpost.jp/kitte_hagaki/stamp/preview/img/fuke/./9_20070725142840_thum.jpg"
"162","北浜東郵便局","大阪府","〒540-0031 大阪府大阪市中央区北浜東3－9","大阪府大阪市中央区北浜東3－9","34.690098","135.512482","2007-07-30","","https://www.post.japanpost.jp/kitte_hagaki/stamp/fuke//detail.php?id=162","https://www.post.japanpost.jp/kitte_hagaki/stamp/preview/img/fuke/./9_20070725142943_thum.jpg"
"166","青森中央郵便局","青森県","〒030-8799 青森県青森市堤町1丁目7－24","青森県青森市堤町1丁目7－24","40.824116","140.757828","2007-10-01","","https://www.post.japanpost.jp/kitte_hagaki/stamp/fuke//detail.php?id=166",""
"168","青柳郵便局","滋賀県","〒520-1221 滋賀県高島市安曇川町青柳1150ー7","滋賀県高島市安曇川町青柳1150ー7","35.325874","136.031265","2007-09-03","","https://www.post.japanpost.jp/kitte_hagaki/stamp/fuke//detail.php?id=168","https://www.post.japanpost.jp/kitte_hagaki/stamp/preview/img/fuke/./9_20070814111840_thum.jpg"
"170","静岡駅南口郵便局","静岡県","〒422-8067 静岡県静岡県静岡市駿河区南町18－3","静岡県静岡県静岡市駿河区南町18－3","34.975185","138.383286","2007-08-27","","https://www.post.japanpost.jp/kitte_hagaki/stamp/fuke//detail.php?id=170",""
"172","八重洲地下街郵便局","東京都","〒104-0028 東京都中央区八重洲2－1 八重洲地下街北1号","東京都中央区八重洲2－1 八重洲地下街北1号","35.679859","139.769608","2007-09-03","","https://www.post.japanpost.jp/kitte_hagaki/stamp/fuke//detail.php?id=172","https://www.post.japanpost.jp/kitte_hagaki/stamp/preview/img/fuke/./5_20070827183232_thum.gif"
"176","松山中央郵便局","愛媛県","〒790-8799 愛媛県松山市三番町3丁目5－2","愛媛県松山市三番町3丁目5－2","33.837975","132.768463","2007-10-01","","https://www.post.japanpost.jp/kitte_hagaki/stamp/fuke//detail.php?id=176","https://www.post.japanpost.jp/kitte_hagaki/stamp/preview/img/fuke/./11_20240906142152_thum.jpg"
"177","函館中央郵便局","北海道","〒040-8799 北海道函館市新川町1－6","北海道函館市新川町1－6","41.77351","140.733719","2007-10-01","","https://www.post.japanpost.jp/kitte_hagaki/stamp/fuke//detail.php?id=177","https://www.post.japanpost.jp/kitte_hagaki/stamp/preview/img/fuke/./1_20070928135400_thum.jpg"
"178","函館中央郵便局","北海道","〒040-8799 北海道函館市新川町1－6","北海道函館市新川町1－6","41.77351","140.733719","2007-10-01","","https://www.post.japanpost.jp/kitte_hagaki/stamp/fuke//detail.php?id=178","https://www.post.japanpost.jp/kitte_hagaki/stamp/preview/img/fuke/./1_20070928135700_thum.jpg"
"179","函館東郵便局","北海道","〒042-8799 北海道函館市湯川町2－9－1","北海道函館市湯川町2－9－1","41.778488","140.786209","2007-10-01","","https://www.post.japanpost.jp/kitte_hagaki/stamp/fuke//detail.php?id=179","https://www.post.japanpost.jp/kitte_hagaki/stamp/preview/img/fuke/./1_20070928140031_thum.jpg"
"180","函館東郵便局","北海道","〒042-8799 北海道函館市湯川町2－9－1","北海道函館市湯川町2－9－1","41.778488","140.786209","2007-10-01","","https://www.post.japanpost.jp/kitte_hagaki/stamp/fuke//detail.php?id=180","https://www.post.japanpost.jp/kitte_hagaki/stamp/preview/img/fuke/./1_20070928140411_thum.jpg"
"181","千代田霞が関郵便局","東京都","〒100-0013 東京都千代田区霞が関1－3－2","東京都千代田区霞が関1－3－2","35.672325","139.750717","2007-10-01","","https://www.post.japanpost.jp/kitte_hagaki/stamp/fuke//detail.php?id=181","https://www.post.japanpost.jp/kitte_hagaki/stamp/preview/img/fuke/./5_20071011153329_thum.gif"
"182","秋山郵便局","長野県","〒384-1403 長野県南佐久郡川上村秋山859","長野県南佐久郡川上村秋山859","35.932495","138.682846","2007-10-22","","https://www.post.japanpost.jp/kitte_hagaki/stamp/fuke//detail.php?id=182","https://www.post.japanpost.jp/kitte_hagaki/stamp/preview/img/fuke/./6_20080311180124_thum.JPG"
"183","名古屋南陽通郵便局","愛知県","〒457-0866 愛知県名古屋市南区三条2－19－14","愛知県名古屋市南区三条2－19－14","35.105373","136.902954","2008-04-01","","https://www.post.japanpost.jp/kitte_hagaki/stamp/fuke//detail.php?id=183","https://www.post.japanpost.jp/kitte_hagaki/stamp/preview/img/fuke/./8_20080325115902_thum.JPG"
"185","エミフルＭＡＳＡＫＩ郵便局","愛媛県","〒791-3120 愛媛県伊予郡松前町筒井850","愛媛県伊予郡松前町筒井850","33.789639","132.715591","2008-04-23","","https://www.post.japanpost.jp/kitte_hagaki/stamp/fuke//detail.php?id=185","https://www.post.japanpost.jp/kitte_hagaki/stamp/preview/img/fuke/./11_20080501180720_thum.JPG"
"187","櫛生郵便局","愛媛県","〒799-3452 愛媛県大洲市長浜町櫛生甲170－8","愛媛県大洲市長浜町櫛生甲170－8","33.570133","132.449158","2008-08-08","","https://www.post.japanpost.jp/kitte_hagaki/stamp/fuke//detail.php?id=187","https://www.post.japanpost.jp/kitte_hagaki/stamp/preview/img/fuke/./11_20080723221828_thum.JPG"
"194","北杜郵便局","山梨県","〒408-8799 山梨県北杜市長坂町長坂上条字大林2051-1","山梨県北杜市長坂町長坂上条字大林2051-1","35.823833","138.37207","2008-09-01","","https://www.post.japanpost.jp/kitte_hagaki/stamp/fuke//detail.php?id=194","https://www.post.japanpost.jp/kitte_hagaki/stamp/preview/img/fuke/./4_20080826191200_thum.jpg"
"195","上五明簡易郵便局","長野県","〒389-0606 長野県埴科郡坂城町上五明640-1","長野県埴科郡坂城町上五明640-1","36.449657","138.169357","2008-09-12","","https://www.post.japanpost.jp/kitte_hagaki/stamp/fuke//detail.php?id=195","https://www.post.japanpost.jp/kitte_hagaki/stamp/preview/img/fuke/./6_20080826195427_thum.jpg"
"196","秋山郵便局","山梨県","〒401-0201 山梨県上野原市秋山11917","山梨県上野原市秋山11917","35.568935","139.067337","2008-10-27","","https://www.post.japanpost.jp/kitte_hagaki/stamp/fuke//detail.php?id=196","https://www.post.japanpost.jp/kitte_hagaki/stamp/preview/img/fuke/./4_20081017210434_thum.jpg"
"197","町田相原郵便局","東京都","〒194-0211 東京都町田市相原町792－5","東京都町田市相原町792－5","35.604332","139.33403","2008-11-17","","https://www.post.japanpost.jp/kitte_hagaki/stamp/fuke//detail.php?id=197","https://www.post.japanpost.jp/kitte_hagaki/stamp/preview/img/fuke/./5_20241129153511_thum.jpg"
"198","寒川駅前郵便局","神奈川県","〒253-0111 神奈川県高座郡寒川町一之宮1-8-3","神奈川県高座郡寒川町一之宮1-8-3","35.366844","139.388107","2008-11-17","","https://www.post.japanpost.jp/kitte_hagaki/stamp/fuke//detail.php?id=198","https://www.post.japanpost.jp/kitte_hagaki/stamp/preview/img/fuke/./4_20081113182058_thum.jpg"
"200","穴水郵便局","石川県","〒927-8799 石川県鳳珠郡穴水町大町い－９","石川県鳳珠郡穴水町大町い－９","37.225208","136.908844","2009-03-25","","https://www.post.japanpost.jp/kitte_hagaki/stamp/fuke//detail.php?id=200","https://www.post.japanpost.jp/kitte_hagaki/stamp/preview/img/fuke/./7_20090326085332_thum.jpg"
"202","十六合郵便局","山形県","〒999-7735 山形県東田川郡庄内町前田野目字前割62-2","山形県東田川郡庄内町前田野目字前割62-2","38.800713","139.935577","2009-06-16","","https://www.post.japanpost.jp/kitte_hagaki/stamp/fuke//detail.php?id=202","https://www.post.japanpost.jp/kitte_hagaki/stamp/preview/img/fuke/./2_20090423181548_thum.JPG"
"203","橿原久米郵便局","奈良県","〒634-0063 奈良県橿原市久米町909-2","奈良県橿原市久米町909-2","34.485134","135.792206","2009-06-01","","https://www.post.japanpost.jp/kitte_hagaki/stamp/fuke//detail.php?id=203","https://www.post.japanpost.jp/kitte_hagaki/stamp/preview/img/fuke/./9_20090522111009_thum.JPG"
"207","大柳生郵便局","奈良県","〒630-1242 奈良県奈良市大柳生町4557－1","奈良県奈良市大柳生町4557－1","34.708763","135.932098","2009-10-07","","https://www.post.japanpost.jp/kitte_hagaki/stamp/fuke//detail.php?id=207","https://www.post.japanpost.jp/kitte_hagaki/stamp/preview/img/fuke/./9_20090907170749_thum.JPG"
"209","神戸西落合郵便局","兵庫県","〒654-0155 兵庫県神戸市須磨区西落合5－13－1","兵庫県神戸市須磨区西落合5－13－1","34.681931","135.086014","2009-10-23","","https://www.post.japanpost.jp/kitte_hagaki/stamp/fuke//detail.php?id=209","https://www.post.japanpost.jp/kitte_hagaki/stamp/preview/img/fuke/./9_20090929130733_thum.JPG"
"210","神戸横尾郵便局","兵庫県","〒654-0131 兵庫県神戸市須磨区横尾1－11－4","兵庫県神戸市須磨区横尾1－11－4","34.673843","135.110886","2009-10-23","","https://www.post.japanpost.jp/kitte_hagaki/stamp/fuke//detail.php?id=210","https://www.post.japanpost.jp/kitte_hagaki/stamp/preview/img/fuke/./9_20090929130757_thum.JPG"
"212","神戸東落合郵便局","兵庫県","〒654-0152 兵庫県神戸市須磨区東落合2－11－23","兵庫県神戸市須磨区東落合2－11－23","34.683411","135.102524","2009-10-23","","https://www.post.japanpost.jp/kitte_hagaki/stamp/fuke//detail.php?id=212","https://www.post.japanpost.jp/kitte_hagaki/stamp/preview/img/fuke/./9_20090929130902_thum.JPG"
"213","神戸須磨本町郵便局","兵庫県","〒654-0054 兵庫県神戸市須磨区須磨本町2－3－4","兵庫県神戸市須磨区須磨本町2－3－4","34.64378","135.115921","2009-10-23","","https://www.post.japanpost.jp/kitte_hagaki/stamp/fuke//detail.php?id=213","https://www.post.japanpost.jp/kitte_hagaki/stamp/preview/img/fuke/./9_20090929130816_thum.JPG"
"214","神戸大田郵便局","兵庫県","〒654-0024 兵庫県神戸市須磨区大田町7－3－3","兵庫県神戸市須磨区大田町7－3－3","34.654449","135.132019","2009-10-23","","https://www.post.japanpost.jp/kitte_hagaki/stamp/fuke//detail.php?id=214","https://www.post.japanpost.jp/kitte_hagaki/stamp/preview/img/fuke/./9_20090929130916_thum.JPG"
"215","神戸南町郵便局","兵庫県","〒654-0036 兵庫県神戸市須磨区南町2－1－1","兵庫県神戸市須磨区南町2－1－1","34.649273","135.126068","2009-10-23","","https://www.post.japanpost.jp/kitte_hagaki/stamp/fuke//detail.php?id=215","https://www.post.japanpost.jp/kitte_hagaki/stamp/preview/img/fuke/./9_20090929130833_thum.JPG"
"216","神戸衣掛郵便局","兵庫県","〒654-0048 兵庫県神戸市須磨区衣掛町4－1－6","兵庫県神戸市須磨区衣掛町4－1－6","34.645222","135.129349","2009-10-23","","https://www.post.japanpost.jp/kitte_hagaki/stamp/fuke//detail.php?id=216","https://www.post.japanpost.jp/kitte_hagaki/stamp/preview/img/fuke/./9_20090929115540_thum.JPG"
"218","千早簡易郵便局","大阪府","〒585-0051 大阪府南河内郡千早赤阪村千早235","大阪府南河内郡千早赤阪村千早235","34.418232","135.646667","2009-11-13","","https://www.post.japanpost.jp/kitte_hagaki/stamp/fuke//detail.php?id=218","https://www.post.japanpost.jp/kitte_hagaki/stamp/preview/img/fuke/./9_20091027092649_thum.JPG"
"219","那覇新都心郵便局","沖縄県","〒900-0006 沖縄県那覇市おもろまち2丁目5番33号","沖縄県那覇市おもろまち2丁目5番33号","26.226582","127.692688","2009-11-16","","https://www.post.japanpost.jp/kitte_hagaki/stamp/fuke//detail.php?id=219","https://www.post.japanpost.jp/kitte_hagaki/stamp/preview/img/fuke/./13_20091120113610_thum.JPG"
"220","白根郵便局","新潟県","〒950-1299 新潟県新潟市南区白根日の出町11-1","新潟県新潟市南区白根日の出町11-1","37.756321","139.016434","2010-01-01","","https://www.post.japanpost.jp/kitte_hagaki/stamp/fuke//detail.php?id=220","https://www.post.japanpost.jp/kitte_hagaki/stamp/preview/img/fuke/./6_20091203185827_thum.jpg"
"221","須崎駅内郵便局","高知県","〒785-0001 高知県高知県須崎市原町1－10－13 JR須崎駅1F","高知県高知県須崎市原町1－10－13 JR須崎駅1F","33.558723","133.531097","2010-01-04","","https://www.post.japanpost.jp/kitte_hagaki/stamp/fuke//detail.php?id=221","https://www.post.japanpost.jp/kitte_hagaki/stamp/preview/img/fuke/./11_20091214112634_thum.JPG"
"224","晴海支店","東京都","〒104-8799 東京都中央区晴海4丁目6－26","東京都中央区晴海4丁目6－26","35.653843","139.78006","2010-03-23","","https://www.post.japanpost.jp/kitte_hagaki/stamp/fuke//detail.php?id=224","https://www.post.japanpost.jp/kitte_hagaki/stamp/preview/img/fuke/./5_20100226173114_thum.JPG"
"225","三戸郵便局","青森県","〒039-0199 青森県三戸郡三戸町大字八日町15－2","青森県三戸郡三戸町大字八日町15－2","40.377567","141.2556","2010-04-01","","https://www.post.japanpost.jp/kitte_hagaki/stamp/fuke//detail.php?id=225","https://www.post.japanpost.jp/kitte_hagaki/stamp/preview/img/fuke/./2_20100318194015_thum.JPG"
"226","塩沢郵便局","新潟県","〒949-6408 新潟県南魚沼市塩沢1146－1","新潟県南魚沼市塩沢1146－1","37.041462","138.852295","2010-04-01","","https://www.post.japanpost.jp/kitte_hagaki/stamp/fuke//detail.php?id=226","https://www.post.japanpost.jp/kitte_hagaki/stamp/preview/img/fuke/./6_20100323192033_thum.jpg"
"227","日吉郵便局","神奈川県","〒223-0062 神奈川県横浜市港北区日吉本町1-4-29","神奈川県横浜市港北区日吉本町1-4-29","35.553898","139.645248","2010-04-02","","https://www.post.japanpost.jp/kitte_hagaki/stamp/fuke//detail.php?id=227","https://www.post.japanpost.jp/kitte_hagaki/stamp/preview/img/fuke/./4_20100325184351_thum.jpg"
"228","長久手郵便局","愛知県","〒480-1199 愛知県長久手市西浦815","愛知県長久手市西浦815","35.17712","137.037323","2010-06-02","","https://www.post.japanpost.jp/kitte_hagaki/stamp/fuke//detail.php?id=228","https://www.post.japanpost.jp/kitte_hagaki/stamp/preview/img/fuke/./8_20180314100639_thum.JPG"
"229","斑鳩興留郵便局","奈良県","〒636-0123 奈良県生駒郡斑鳩町興留6丁目1-10","奈良県生駒郡斑鳩町興留6丁目1-10","34.602394","135.73468","2010-04-23","","https://www.post.japanpost.jp/kitte_hagaki/stamp/fuke//detail.php?id=229","https://www.post.japanpost.jp/kitte_hagaki/stamp/preview/img/fuke/./9_20100402175549_thum.JPG"
"230","奈良西大寺郵便局","奈良県","〒631-0824 奈良県奈良市西大寺南町1-28","奈良県奈良市西大寺南町1-28","34.694073","135.781525","2010-04-20","","https://www.post.japanpost.jp/kitte_hagaki/stamp/fuke//detail.php?id=230","https://www.post.japanpost.jp/kitte_hagaki/stamp/preview/img/fuke/./9_20100402180036_thum.JPG"
"231","奈良宝来郵便局","奈良県","〒631-0845 奈良県奈良市宝来1-6-5","奈良県奈良市宝来1-6-5","34.681839","135.781464","2010-04-20","","https://www.post.japanpost.jp/kitte_hagaki/stamp/fuke//detail.php?id=231","https://www.post.japanpost.jp/kitte_hagaki/stamp/preview/img/fuke/./9_20100402180531_thum.JPG"
"232","奈良大安寺郵便局","奈良県","〒630-8141 奈良県奈良市南京終町2-1201-18","奈良県奈良市南京終町2-1201-18","34.668724","135.819107","2010-04-20","","https://www.post.japanpost.jp/kitte_hagaki/stamp/fuke//detail.php?id=232","https://www.post.japanpost.jp/kitte_hagaki/stamp/preview/img/fuke/./9_20100406101320_thum.JPG"
"233","慶應義塾前郵便局","東京都","〒108-0014 東京都港区芝5－13－18 M・T・Cビルディング","東京都港区芝5－13－18 M・T・Cビルディング","35.649288","139.745026","2010-04-23","","https://www.post.japanpost.jp/kitte_hagaki/stamp/fuke//detail.php?id=233","https://www.post.japanpost.jp/kitte_hagaki/stamp/preview/img/fuke/./5_20100419143241_thum.JPG"
"236","藤沢慶応前郵便局","神奈川県","〒252-0816 神奈川県藤沢市遠藤4250-1","神奈川県藤沢市遠藤4250-1","35.389614","139.432434","2010-05-10","","https://www.post.japanpost.jp/kitte_hagaki/stamp/fuke//detail.php?id=236","https://www.post.japanpost.jp/kitte_hagaki/stamp/preview/img/fuke/./4_20100426121352_thum.jpg"
"237","纒向郵便局","奈良県","〒633-0082 奈良県桜井市巻野内250-6","奈良県桜井市巻野内250-6","34.545876","135.842758","2010-06-01","","https://www.post.japanpost.jp/kitte_hagaki/stamp/fuke//detail.php?id=237","https://www.post.japanpost.jp/kitte_hagaki/stamp/preview/img/fuke/./9_20100518114723_thum.JPG"
"238","小城郵便局","佐賀県","〒845-8799 佐賀県小城市小城町256-5","佐賀県小城市小城町256-5","33.293877","130.197769","2010-07-23","","https://www.post.japanpost.jp/kitte_hagaki/stamp/fuke//detail.php?id=238","https://www.post.japanpost.jp/kitte_hagaki/stamp/preview/img/fuke/./12_20100624202000_thum.JPG"
"239","塩釜西町郵便局","宮城県","〒985-0057 宮城県塩釜市西町2－15","宮城県塩釜市西町2－15","38.314342","141.022064","2010-07-01","","https://www.post.japanpost.jp/kitte_hagaki/stamp/fuke//detail.php?id=239","https://www.post.japanpost.jp/kitte_hagaki/stamp/preview/img/fuke/./2_20100627175141_thum.JPG"
"240","香久山郵便局","奈良県","〒634-0011 奈良県橿原市出垣内町53－2","奈良県橿原市出垣内町53－2","34.510868","135.824875","2010-07-12","","https://www.post.japanpost.jp/kitte_hagaki/stamp/fuke//detail.php?id=240","https://www.post.japanpost.jp/kitte_hagaki/stamp/preview/img/fuke/./9_20100701112628_thum.JPG"
"241","大割野郵便局","新潟県","〒949-8299 新潟県中魚沼郡津南町下船渡戊460-1","新潟県中魚沼郡津南町下船渡戊460-1","37.026825","138.672546","2010-07-18","","https://www.post.japanpost.jp/kitte_hagaki/stamp/fuke//detail.php?id=241","https://www.post.japanpost.jp/kitte_hagaki/stamp/preview/img/fuke/./6_20100716175857_thum.jpg"
"247","銀座支店","東京都","〒100-8799 東京都中央区銀座8－20－26","東京都中央区銀座8－20－26","35.664875","139.763565","2010-09-01","","https://www.post.japanpost.jp/kitte_hagaki/stamp/fuke//detail.php?id=247","https://www.post.japanpost.jp/kitte_hagaki/stamp/preview/img/fuke/./5_20100820190921_thum.JPG"
"248","旭川駅内郵便局","北海道","〒070-0030 北海道旭川市宮下通8西4153－1","北海道旭川市宮下通8西4153－1","43.763382","142.35881","2010-10-12","","https://www.post.japanpost.jp/kitte_hagaki/stamp/fuke//detail.php?id=248","https://www.post.japanpost.jp/kitte_hagaki/stamp/preview/img/fuke/./1_20100917165352_thum.jpg"
"255","霞が関ビル内郵便局","東京都","〒100-6003 東京都千代田区霞が関3-2-5","東京都千代田区霞が関3-2-5","35.671192","139.74791","2010-10-01","","https://www.post.japanpost.jp/kitte_hagaki/stamp/fuke//detail.php?id=255","https://www.post.japanpost.jp/kitte_hagaki/stamp/preview/img/fuke/./5_20100922115742_thum.JPG"
"256","北吉見郵便局","埼玉県","〒355-0104 埼玉県比企郡吉見町地頭方451","埼玉県比企郡吉見町地頭方451","36.062191","139.45932","2010-08-02","","https://www.post.japanpost.jp/kitte_hagaki/stamp/fuke//detail.php?id=256","https://www.post.japanpost.jp/kitte_hagaki/stamp/preview/img/fuke/./3_20100922153358_thum.jpg"
"257","小伝馬町郵便局","東京都","〒103-0001 東京都中央区日本橋小伝馬町10-10","東京都中央区日本橋小伝馬町10-10","35.691357","139.779282","2010-10-01","","https://www.post.japanpost.jp/kitte_hagaki/stamp/fuke//detail.php?id=257","https://www.post.japanpost.jp/kitte_hagaki/stamp/preview/img/fuke/./5_20100922194559_thum.JPG"
"259","新宿北支店","東京都","〒169-8799 東京都新宿区大久保3-14-8","東京都新宿区大久保3-14-8","35.707317","139.708862","2010-10-15","","https://www.post.japanpost.jp/kitte_hagaki/stamp/fuke//detail.php?id=259","https://www.post.japanpost.jp/kitte_hagaki/stamp/preview/img/fuke/./5_20101008171149_thum.JPG"
"260","新宿北郵便局","東京都","〒169-8799 東京都新宿区大久保3-14-8","東京都新宿区大久保3-14-8","35.707317","139.708862","2010-10-15","","https://www.post.japanpost.jp/kitte_hagaki/stamp/fuke//detail.php?id=260","https://www.post.japanpost.jp/kitte_hagaki/stamp/preview/img/fuke/./5_20101008172513_thum.JPG"
"261","飛島郵便局","山形県","〒998-0299 山形県酒田市飛島字勝浦甲95","山形県酒田市飛島字勝浦甲95","39.195004","139.549728","2010-11-01","","https://www.post.japanpost.jp/kitte_hagaki/stamp/fuke//detail.php?id=261","https://www.post.japanpost.jp/kitte_hagaki/stamp/preview/img/fuke/./2_20101013120441_thum.JPG"
"262","水戸元吉田郵便局","茨城県","〒310-0836 茨城県水戸市元吉田町1590-4","茨城県水戸市元吉田町1590-4","36.349533","140.479294","2010-11-01","","https://www.post.japanpost.jp/kitte_hagaki/stamp/fuke//detail.php?id=262","https://www.post.japanpost.jp/kitte_hagaki/stamp/preview/img/fuke/./3_20101020173649_thum.jpg"
"263","神津島郵便局","東京都","〒100-0699 東京都神津島村1114","東京都神津島村1114","34.203739","139.134216","2010-11-01","","https://www.post.japanpost.jp/kitte_hagaki/stamp/fuke//detail.php?id=263","https://www.post.japanpost.jp/kitte_hagaki/stamp/preview/img/fuke/./5_20101022192705_thum.JPG"
"264","日本橋南郵便局","東京都","〒103-0027 東京都中央区日本橋2-2-10","東京都中央区日本橋2-2-10","35.681637","139.772964","2010-11-01","","https://www.post.japanpost.jp/kitte_hagaki/stamp/fuke//detail.php?id=264","https://www.post.japanpost.jp/kitte_hagaki/stamp/preview/img/fuke/./5_20101022194342_thum.JPG"
"265","塩野町郵便局","新潟県","〒958-0205 新潟県村上市塩野町306-3","新潟県村上市塩野町306-3","38.327641","139.555023","2010-11-15","","https://www.post.japanpost.jp/kitte_hagaki/stamp/fuke//detail.php?id=265","https://www.post.japanpost.jp/kitte_hagaki/stamp/preview/img/fuke/./6_20101028101954_thum.jpg"
"266","酒田山居町郵便局","山形県","〒998-0838 山形県酒田市山居町1-4-40","山形県酒田市山居町1-4-40","38.909378","139.836365","2010-11-22","","https://www.post.japanpost.jp/kitte_hagaki/stamp/fuke//detail.php?id=266","https://www.post.japanpost.jp/kitte_hagaki/stamp/preview/img/fuke/./2_20101110181819_thum.JPG"
"268","福知山猪崎郵便局","京都府","〒620-0016 京都府福知山市字猪崎754","京都府福知山市字猪崎754","35.307644","135.129822","2010-12-17","","https://www.post.japanpost.jp/kitte_hagaki/stamp/fuke//detail.php?id=268","https://www.post.japanpost.jp/kitte_hagaki/stamp/preview/img/fuke/./9_20101203163221_thum.JPG"
"269","岡山東山郵便局","岡山県","〒703-8275 岡山県岡山市中区門田屋敷2－2－11","岡山県岡山市中区門田屋敷2－2－11","34.656109","133.940247","2011-02-01","","https://www.post.japanpost.jp/kitte_hagaki/stamp/fuke//detail.php?id=269","https://www.post.japanpost.jp/kitte_hagaki/stamp/preview/img/fuke/./10_20110104185511_thum.jpg"
"270","長尾郵便局","奈良県","〒639-2164 奈良県葛城市長尾388-1","奈良県葛城市長尾388-1","34.507778","135.7108","2011-02-03","","https://www.post.japanpost.jp/kitte_hagaki/stamp/fuke//detail.php?id=270","https://www.post.japanpost.jp/kitte_hagaki/stamp/preview/img/fuke/./9_20110107091834_thum.JPG"
"271","新庄疋田郵便局","奈良県","〒639-2101 奈良県葛城市疋田140-10","奈良県葛城市疋田140-10","34.505798","135.722092","2011-02-03","","https://www.post.japanpost.jp/kitte_hagaki/stamp/fuke//detail.php?id=271","https://www.post.japanpost.jp/kitte_hagaki/stamp/preview/img/fuke/./9_20110107092843_thum.JPG"
"272","新庄郵便局","奈良県","〒639-2113 奈良県葛城市北花内734-3","奈良県葛城市北花内734-3","34.488937","135.728928","2011-02-03","","https://www.post.japanpost.jp/kitte_hagaki/stamp/fuke//detail.php?id=272","https://www.post.japanpost.jp/kitte_hagaki/stamp/preview/img/fuke/./9_20110107093532_thum.JPG"
"273","忍海郵便局","奈良県","〒639-2123 奈良県葛城市忍海262-6","奈良県葛城市忍海262-6","34.477173","135.729004","2011-02-03","","https://www.post.japanpost.jp/kitte_hagaki/stamp/fuke//detail.php?id=273","https://www.post.japanpost.jp/kitte_hagaki/stamp/preview/img/fuke/./9_20110107094036_thum.JPG"
"274","神戸天ノ下郵便局","兵庫県","〒655-0029 兵庫県神戸市垂水区天ノ下町9-28","兵庫県神戸市垂水区天ノ下町9-28","34.630478","135.053055","2011-02-01","","https://www.post.japanpost.jp/kitte_hagaki/stamp/fuke//detail.php?id=274","https://www.post.japanpost.jp/kitte_hagaki/stamp/preview/img/fuke/./9_20110107102124_thum.JPG"
"276","根羽郵便局","長野県","〒395-0799 長野県下伊那郡根羽村1625-1","長野県下伊那郡根羽村1625-1","35.255512","137.58194","2011-02-14","","https://www.post.japanpost.jp/kitte_hagaki/stamp/fuke//detail.php?id=276","https://www.post.japanpost.jp/kitte_hagaki/stamp/preview/img/fuke/./6_20110118135004_thum.JPG"
"277","横浜本牧原郵便局","神奈川県","〒231-0821 神奈川県横浜市中区本牧原8-1","神奈川県横浜市中区本牧原8-1","35.425907","139.666214","2011-03-01","","https://www.post.japanpost.jp/kitte_hagaki/stamp/fuke//detail.php?id=277","https://www.post.japanpost.jp/kitte_hagaki/stamp/preview/img/fuke/./4_20110217155504_thum.jpg"
"278","新百合ヶ丘郵便局","神奈川県","〒215-0021 神奈川県川崎市麻生区上麻生1-18-1","神奈川県川崎市麻生区上麻生1-18-1","35.601948","139.507187","2011-03-01","","https://www.post.japanpost.jp/kitte_hagaki/stamp/fuke//detail.php?id=278","https://www.post.japanpost.jp/kitte_hagaki/stamp/preview/img/fuke/./4_20110217155535_thum.jpg"
"279","札幌平岡イオン郵便局","北海道","〒004-0873 北海道札幌市清田区平岡三条5－3－1","北海道札幌市清田区平岡三条5－3－1","42.998219","141.458145","2011-03-01","","https://www.post.japanpost.jp/kitte_hagaki/stamp/fuke//detail.php?id=279","https://www.post.japanpost.jp/kitte_hagaki/stamp/preview/img/fuke/./1_20110224101506_thum.jpg"
"280","東京ドームシティ郵便局","東京都","〒112-0004 東京都文京区後楽1-3-61","東京都文京区後楽1-3-61","35.703152","139.752151","2011-03-14","","https://www.post.japanpost.jp/kitte_hagaki/stamp/fuke//detail.php?id=280","https://www.post.japanpost.jp/kitte_hagaki/stamp/preview/img/fuke/./5_20110304091952_thum.JPG"
"281","市川曽谷郵便局","千葉県","〒272-0832 千葉県市川市曽谷2-3-3","千葉県市川市曽谷2-3-3","35.745152","139.937088","2011-08-01","","https://www.post.japanpost.jp/kitte_hagaki/stamp/fuke//detail.php?id=281","https://www.post.japanpost.jp/kitte_hagaki/stamp/preview/img/fuke/./3_20110627173850_thum.jpg"
"282","浅草支店","東京都","〒111-8799 東京都台東区西浅草1－1－1","東京都台東区西浅草1－1－1","35.709911","139.791092","2011-07-12","","https://www.post.japanpost.jp/kitte_hagaki/stamp/fuke//detail.php?id=282","https://www.post.japanpost.jp/kitte_hagaki/stamp/preview/img/fuke/./5_20110704182138_thum.JPG"
"283","浅草郵便局","東京都","〒111-8799 東京都台東区西浅草1－1－1","東京都台東区西浅草1－1－1","35.709911","139.791092","2011-07-12","","https://www.post.japanpost.jp/kitte_hagaki/stamp/fuke//detail.php?id=283","https://www.post.japanpost.jp/kitte_hagaki/stamp/preview/img/fuke/./5_20110704183324_thum.JPG"
"284","是川郵便局","青森県","〒031-0023 青森県八戸市是川1丁目12番地の3","青森県八戸市是川1丁目12番地の3","40.467251","141.498703","2011-08-01","","https://www.post.japanpost.jp/kitte_hagaki/stamp/fuke//detail.php?id=284","https://www.post.japanpost.jp/kitte_hagaki/stamp/preview/img/fuke/./2_20110722161356_thum.JPG"
"288","赤坂郵便局","東京都","〒107-8799 東京都港区赤坂8-4-17","東京都港区赤坂8-4-17","35.673031","139.726456","2011-08-24","","https://www.post.japanpost.jp/kitte_hagaki/stamp/fuke//detail.php?id=288","https://www.post.japanpost.jp/kitte_hagaki/stamp/preview/img/fuke/./5_20110815152543_thum.JPG"
"290","名古屋商工会議所内郵便局","愛知県","〒460-0008 愛知県名古屋市中区栄2－10－19（商工会議所ビル1階）","愛知県名古屋市中区栄2－10－19（商工会議所ビル1階）","35.165401","136.898682","2011-09-01","","https://www.post.japanpost.jp/kitte_hagaki/stamp/fuke//detail.php?id=290","https://www.post.japanpost.jp/kitte_hagaki/stamp/preview/img/fuke/./8_20110829132737_thum.JPG"
"292","富山西郵便局","富山県","〒930-0199 富山県富山市池多1602番地10","富山県富山市池多1602番地10","36.67831","137.124329","2011-09-20","","https://www.post.japanpost.jp/kitte_hagaki/stamp/fuke//detail.php?id=292","https://www.post.japanpost.jp/kitte_hagaki/stamp/preview/img/fuke/./7_20110909094909_thum.JPG"
"293","横浜中華街郵便局","神奈川県","〒231-0023 神奈川県横浜市中区山下町123－1","神奈川県横浜市中区山下町123－1","35.441952","139.647278","2011-10-17","","https://www.post.japanpost.jp/kitte_hagaki/stamp/fuke//detail.php?id=293","https://www.post.japanpost.jp/kitte_hagaki/stamp/preview/img/fuke/./4_20110927143736_thum.jpg"
"295","中河原郵便局","鳥取県","〒680-0223 鳥取県鳥取市国府町中河原71-2","鳥取県鳥取市国府町中河原71-2","35.438263","134.337921","2011-11-01","","https://www.post.japanpost.jp/kitte_hagaki/stamp/fuke//detail.php?id=295","https://www.post.japanpost.jp/kitte_hagaki/stamp/preview/img/fuke/./10_20111011171218_thum.jpg"
"297","愛甲石田駅前郵便局","神奈川県","〒243-0027 神奈川県厚木市愛甲東1-1-14","神奈川県厚木市愛甲東1-1-14","35.4175","139.34462","2011-11-14","","https://www.post.japanpost.jp/kitte_hagaki/stamp/fuke//detail.php?id=297","https://www.post.japanpost.jp/kitte_hagaki/stamp/preview/img/fuke/./4_20111019171015_thum.jpg"
"298","古関郵便局","山梨県","〒409-3106 山梨県南巨摩郡身延町古関100-1","山梨県南巨摩郡身延町古関100-1","35.472012","138.522705","2011-11-21","","https://www.post.japanpost.jp/kitte_hagaki/stamp/fuke//detail.php?id=298","https://www.post.japanpost.jp/kitte_hagaki/stamp/preview/img/fuke/./4_20111019171106_thum.jpg"
"300","泉郵便局","宮城県","〒981-3199 宮城県仙台市泉区将監8-10-3","宮城県仙台市泉区将監8-10-3","38.333557","140.876785","2011-11-01","","https://www.post.japanpost.jp/kitte_hagaki/stamp/fuke//detail.php?id=300","https://www.post.japanpost.jp/kitte_hagaki/stamp/preview/img/fuke/./2_20111024143932_thum.JPG"
"301","大開簡易郵便局","山梨県","〒409-1501 山梨県北杜市大泉町西井出8240－1529","山梨県北杜市大泉町西井出8240－1529","35.906494","138.402512","2011-12-01","","https://www.post.japanpost.jp/kitte_hagaki/stamp/fuke//detail.php?id=301","https://www.post.japanpost.jp/kitte_hagaki/stamp/preview/img/fuke/./4_20111101172841_thum.jpg"
"302","雷門郵便局","東京都","〒111-0034 東京都台東区雷門2－2－8","東京都台東区雷門2－2－8","35.709557","139.797073","2012-01-16","","https://www.post.japanpost.jp/kitte_hagaki/stamp/fuke//detail.php?id=302","https://www.post.japanpost.jp/kitte_hagaki/stamp/preview/img/fuke/./5_20111226194152_thum.jpg"
"303","岸和田岡山郵便局","大阪府","〒596-0814 大阪府岸和田市岡山町199","大阪府岸和田市岡山町199","34.456768","135.424713","2012-02-01","","https://www.post.japanpost.jp/kitte_hagaki/stamp/fuke//detail.php?id=303","https://www.post.japanpost.jp/kitte_hagaki/stamp/preview/img/fuke/./9_20120103152636_thum.JPG"
"304","黒石郵便局","青森県","〒036-0399 青森県黒石市一番町54-1","青森県黒石市一番町54-1","40.647602","140.59465","2012-02-01","","https://www.post.japanpost.jp/kitte_hagaki/stamp/fuke//detail.php?id=304","https://www.post.japanpost.jp/kitte_hagaki/stamp/preview/img/fuke/./2_20120120111430_thum.JPG"
"305","稲武郵便局","愛知県","〒441-2599 愛知県豊田市稲武町タヒラ4","愛知県豊田市稲武町タヒラ4","35.20216","137.553375","2012-02-21","","https://www.post.japanpost.jp/kitte_hagaki/stamp/fuke//detail.php?id=305","https://www.post.japanpost.jp/kitte_hagaki/stamp/preview/img/fuke/./8_20120206170214_thum.GIF"
"308","鉄鋼ビル内郵便局","東京都","〒100-0005 東京都千代田区丸の内1-8-2","東京都千代田区丸の内1-8-2","35.682667","139.769562","2012-03-23","","https://www.post.japanpost.jp/kitte_hagaki/stamp/fuke//detail.php?id=308","https://www.post.japanpost.jp/kitte_hagaki/stamp/preview/img/fuke/./5_20120227153725_thum.JPG"
"311","下味見郵便局","福井県","〒910-2474 福井県福井市折立町11－32","福井県福井市折立町11－32","35.942783","136.341965","2012-03-09","","https://www.post.japanpost.jp/kitte_hagaki/stamp/fuke//detail.php?id=311","https://www.post.japanpost.jp/kitte_hagaki/stamp/preview/img/fuke/./7_20120301151016_thum.JPG"
"312","鎌倉小坂郵便局","神奈川県","〒247-0062 神奈川県鎌倉市山ノ内739","神奈川県鎌倉市山ノ内739","35.339725","139.542099","2012-04-02","","https://www.post.japanpost.jp/kitte_hagaki/stamp/fuke//detail.php?id=312","https://www.post.japanpost.jp/kitte_hagaki/stamp/preview/img/fuke/./4_20120309165711_thum.jpg"
"313","住吉遠里小野郵便局","大阪府","〒558-0032 大阪府大阪市住吉区遠里小野4－6－22","大阪府大阪市住吉区遠里小野4－6－22","34.601383","135.49408","2012-04-01","","https://www.post.japanpost.jp/kitte_hagaki/stamp/fuke//detail.php?id=313","https://www.post.japanpost.jp/kitte_hagaki/stamp/preview/img/fuke/./9_20120312105034_thum.JPG"
"315","中之島郵便局","新潟県","〒949-6438 新潟県南魚沼市大木六新田146-2","新潟県南魚沼市大木六新田146-2","37.020523","138.850586","2012-04-02","","https://www.post.japanpost.jp/kitte_hagaki/stamp/fuke//detail.php?id=315","https://www.post.japanpost.jp/kitte_hagaki/stamp/preview/img/fuke/./6_20120316132636_thum.jpg"
"316","三国郵便局","新潟県","〒949-6212 新潟県南魚沼郡湯沢町三国241-19","新潟県南魚沼郡湯沢町三国241-19","36.804073","138.759995","2012-04-02","","https://www.post.japanpost.jp/kitte_hagaki/stamp/fuke//detail.php?id=316","https://www.post.japanpost.jp/kitte_hagaki/stamp/preview/img/fuke/./6_20120316135215_thum.jpg"
"317","土樽郵便局","新潟県","〒949-6103 新潟県南魚沼郡湯沢町大字土樽4981-5","新潟県南魚沼郡湯沢町大字土樽4981-5","36.912369","138.845657","2012-04-02","","https://www.post.japanpost.jp/kitte_hagaki/stamp/fuke//detail.php?id=317","https://www.post.japanpost.jp/kitte_hagaki/stamp/preview/img/fuke/./6_20120316141235_thum.jpg"
"318","長与郵便局","長崎県","〒851-2126 長崎県西彼杵郡長与町吉無田郷2021-10","長崎県西彼杵郡長与町吉無田郷2021-10","32.818558","129.879929","2012-04-02","","https://www.post.japanpost.jp/kitte_hagaki/stamp/fuke//detail.php?id=318","https://www.post.japanpost.jp/kitte_hagaki/stamp/preview/img/fuke/./12_20120319173331_thum.JPG"
"319","長与嬉里郵便局","長崎県","〒851-2128 長崎県西彼杵郡長与町嬉里郷1140－3","長崎県西彼杵郡長与町嬉里郷1140－3","32.835258","129.872696","2012-04-02","","https://www.post.japanpost.jp/kitte_hagaki/stamp/fuke//detail.php?id=319","https://www.post.japanpost.jp/kitte_hagaki/stamp/preview/img/fuke/./12_20120319173356_thum.JPG"
"320","佐護郵便局","長崎県","〒817-1603 長崎県対馬市上県町佐護北里659－1","長崎県対馬市上県町佐護北里659－1","34.607712","129.353561","2012-04-02","","https://www.post.japanpost.jp/kitte_hagaki/stamp/fuke//detail.php?id=320","https://www.post.japanpost.jp/kitte_hagaki/stamp/preview/img/fuke/./12_20120319173244_thum.JPG"
"321","東唐津郵便局","佐賀県","〒847-0017 佐賀県唐津市東唐津3－9－24","佐賀県唐津市東唐津3－9－24","33.449028","129.984863","2012-04-02","","https://www.post.japanpost.jp/kitte_hagaki/stamp/fuke//detail.php?id=321","https://www.post.japanpost.jp/kitte_hagaki/stamp/preview/img/fuke/./12_20120319173306_thum.JPG"
"324","名古屋比々野郵便局","愛知県","〒456-0073 愛知県名古屋市熱田区千代田町17-13","愛知県名古屋市熱田区千代田町17-13","35.134476","136.893036","2012-04-10","","https://www.post.japanpost.jp/kitte_hagaki/stamp/fuke//detail.php?id=324","https://www.post.japanpost.jp/kitte_hagaki/stamp/preview/img/fuke/./8_20120327195437_thum.GIF"
"325","須坂郵便局","長野県","〒382-8799 長野県須坂市馬場町1272-10","長野県須坂市馬場町1272-10","36.6511","138.307251","2012-04-16","","https://www.post.japanpost.jp/kitte_hagaki/stamp/fuke//detail.php?id=325","https://www.post.japanpost.jp/kitte_hagaki/stamp/preview/img/fuke/./6_20120406114247_thum.jpg"
"327","浅草支店","東京都","〒111-8799 東京都台東区西浅草1－1－1","東京都台東区西浅草1－1－1","35.709911","139.791092","2012-04-23","","https://www.post.japanpost.jp/kitte_hagaki/stamp/fuke//detail.php?id=327","https://www.post.japanpost.jp/kitte_hagaki/stamp/preview/img/fuke/./5_20120416132308_thum.JPG"
"328","浅草郵便局","東京都","〒111-8799 東京都台東区西浅草1－1－1","東京都台東区西浅草1－1－1","35.709911","139.791092","2012-04-23","","https://www.post.japanpost.jp/kitte_hagaki/stamp/fuke//detail.php?id=328","https://www.post.japanpost.jp/kitte_hagaki/stamp/preview/img/fuke/./5_20120416132724_thum.JPG"
"329","犬川簡易郵便局","山形県","〒999-0133 山形県東置賜郡川西町大字小松808番地1","山形県東置賜郡川西町大字小松808番地1","38.019554","140.064255","2012-05-01","","https://www.post.japanpost.jp/kitte_hagaki/stamp/fuke//detail.php?id=329","https://www.post.japanpost.jp/kitte_hagaki/stamp/preview/img/fuke/./2_20120417163601_thum.JPG"
"330","横須賀野比郵便局","神奈川県","〒239-0841 神奈川県横須賀市野比1－7－4","神奈川県横須賀市野比1－7－4","35.214039","139.683624","2012-05-17","","https://www.post.japanpost.jp/kitte_hagaki/stamp/fuke//detail.php?id=330","https://www.post.japanpost.jp/kitte_hagaki/stamp/preview/img/fuke/./4_20120426165344_thum.jpg"
"333","向島郵便局","東京都","〒131-8799 東京都墨田区東向島2－32－25","東京都墨田区東向島2－32－25","35.719559","139.817154","2012-05-22","","https://www.post.japanpost.jp/kitte_hagaki/stamp/fuke//detail.php?id=333","https://www.post.japanpost.jp/kitte_hagaki/stamp/preview/img/fuke/./5_20241129161300_thum.jpg"
"336","押上駅前郵便局","東京都","〒130-0002 東京都墨田区業平4－17－12","東京都墨田区業平4－17－12","35.708885","139.814697","2012-05-22","","https://www.post.japanpost.jp/kitte_hagaki/stamp/fuke//detail.php?id=336","https://www.post.japanpost.jp/kitte_hagaki/stamp/preview/img/fuke/./5_20120511193142_thum.JPG"
"337","本所支店","東京都","〒130-8799 東京都墨田区太平4－21－2","東京都墨田区太平4－21－2","35.70293","139.817749","2012-05-22","","https://www.post.japanpost.jp/kitte_hagaki/stamp/fuke//detail.php?id=337","https://www.post.japanpost.jp/kitte_hagaki/stamp/preview/img/fuke/./5_20120511193108_thum.jpg"
"338","熊野前郵便局","東京都","〒116-0012 東京都荒川区東尾久8－14－1","東京都荒川区東尾久8－14－1","35.749317","139.769455","2012-05-21","","https://www.post.japanpost.jp/kitte_hagaki/stamp/fuke//detail.php?id=338","https://www.post.japanpost.jp/kitte_hagaki/stamp/preview/img/fuke/./5_20120511194020_thum.jpg"
"340","土佐山郵便局","高知県","〒781-3201 高知県高知市土佐山138－1","高知県高知市土佐山138－1","33.627445","133.535828","2012-06-20","","https://www.post.japanpost.jp/kitte_hagaki/stamp/fuke//detail.php?id=340","https://www.post.japanpost.jp/kitte_hagaki/stamp/preview/img/fuke/./11_20120517191742_thum.JPG"
"341","結城白銀郵便局","茨城県","〒307-0001 茨城県結城市結城7253－1","茨城県結城市結城7253－1","36.295952","139.876373","2012-06-04","","https://www.post.japanpost.jp/kitte_hagaki/stamp/fuke//detail.php?id=341","https://www.post.japanpost.jp/kitte_hagaki/stamp/preview/img/fuke/./3_20120525143744_thum.jpg"
"342","富士宮万野簡易局","静岡県","〒418-0001 静岡県富士宮市万野原新田3364－9","静岡県富士宮市万野原新田3364－9","35.253258","138.628769","2012-07-02","","https://www.post.japanpost.jp/kitte_hagaki/stamp/fuke//detail.php?id=342","https://www.post.japanpost.jp/kitte_hagaki/stamp/preview/img/fuke/./8_20120528185541_thum.jpg"
"343","明石子午線郵便局","兵庫県","〒673-0881 兵庫県明石市天文町1-3-6","兵庫県明石市天文町1-3-6","34.646824","135.001221","2012-06-11","","https://www.post.japanpost.jp/kitte_hagaki/stamp/fuke//detail.php?id=343","https://www.post.japanpost.jp/kitte_hagaki/stamp/preview/img/fuke/./9_20120529164054_thum.JPG"
"344","陸前高田支店","岩手県","〒029-2299 岩手県陸前高田市竹駒町字滝の里24－12","岩手県陸前高田市竹駒町字滝の里24－12","39.032063","141.620056","2012-07-02","","https://www.post.japanpost.jp/kitte_hagaki/stamp/fuke//detail.php?id=344","https://www.post.japanpost.jp/kitte_hagaki/stamp/preview/img/fuke/./2_20120621201103_thum.JPG"
"345","熊本県庁内郵便局","熊本県","〒862-0950 熊本県熊本市中央区水前寺6-18-1","熊本県熊本市中央区水前寺6-18-1","32.789379","130.742004","2012-07-10","","https://www.post.japanpost.jp/kitte_hagaki/stamp/fuke//detail.php?id=345","https://www.post.japanpost.jp/kitte_hagaki/stamp/preview/img/fuke/./12_20120626133507_thum.JPG"
"346","東京中央郵便局","東京都","〒100-8994 東京都東京都千代田区丸の内2-7-2","東京都東京都千代田区丸の内2-7-2","35.758015","139.529892","2012-07-17","","https://www.post.japanpost.jp/kitte_hagaki/stamp/fuke//detail.php?id=346","https://www.post.japanpost.jp/kitte_hagaki/stamp/preview/img/fuke/./5_20120709111854_thum.JPG"
"347","江差水堀郵便局","北海道","〒043-0017 北海道檜山郡江差町水堀町268","北海道檜山郡江差町水堀町268","41.937798","140.150589","2012-08-01","","https://www.post.japanpost.jp/kitte_hagaki/stamp/fuke//detail.php?id=347","https://www.post.japanpost.jp/kitte_hagaki/stamp/preview/img/fuke/./1_20120719145744_thum.jpg"
"348","広島元宇品郵便局","広島県","〒734-0012 広島県広島市南区元宇品町5－20","広島県広島市南区元宇品町5－20","34.348003","132.461868","2012-07-30","","https://www.post.japanpost.jp/kitte_hagaki/stamp/fuke//detail.php?id=348","https://www.post.japanpost.jp/kitte_hagaki/stamp/preview/img/fuke/./10_20250827153250_thum.jpg"
"349","三日月郵便局","佐賀県","〒845-0021 佐賀県小城市三日月町長神田2467-5","佐賀県小城市三日月町長神田2467-5","33.276527","130.216354","2012-08-04","","https://www.post.japanpost.jp/kitte_hagaki/stamp/fuke//detail.php?id=349","https://www.post.japanpost.jp/kitte_hagaki/stamp/preview/img/fuke/./12_20120723102851_thum.JPG"
"350","東京芸術劇場郵便局","東京都","〒171-0021 東京都豊島区西池袋1－8－1東京芸術劇場1F","東京都豊島区西池袋1－8－1東京芸術劇場1F","35.728905","139.707977","2012-09-03","","https://www.post.japanpost.jp/kitte_hagaki/stamp/fuke//detail.php?id=350","https://www.post.japanpost.jp/kitte_hagaki/stamp/preview/img/fuke/./5_20120825085855_thum.JPG"
"352","大阪北郵便局（旧大阪支店）","大阪府","〒530-8799 大阪府大阪市北区大淀中1－1－52","大阪府大阪市北区大淀中1－1－52","34.706909","135.489624","2012-10-01","","https://www.post.japanpost.jp/kitte_hagaki/stamp/fuke//detail.php?id=352","https://www.post.japanpost.jp/kitte_hagaki/stamp/preview/img/fuke/./9_20120912160122_thum.JPG"
"353","西予郵便局","愛媛県","〒797-8799 愛媛県西予市宇和町皆田1226番2","愛媛県西予市宇和町皆田1226番2","33.343536","132.534607","2012-10-01","","https://www.post.japanpost.jp/kitte_hagaki/stamp/fuke//detail.php?id=353","https://www.post.japanpost.jp/kitte_hagaki/stamp/preview/img/fuke/./11_20120912171816_thum.JPG"
"354","新潟中央郵便局","新潟県","〒950-8799 新潟県新潟市中央区東大通2－6－26","新潟県新潟市中央区東大通2－6－26","37.915638","139.061768","2012-10-01","","https://www.post.japanpost.jp/kitte_hagaki/stamp/fuke//detail.php?id=354","https://www.post.japanpost.jp/kitte_hagaki/stamp/preview/img/fuke/./6_20120914101135_thum.JPG"
"357","川崎中央郵便局（旧川崎支店）","神奈川県","〒210-8799 神奈川県川崎市川崎区榎町1-2","神奈川県川崎市川崎区榎町1-2","35.530148","139.705429","2012-10-01","","https://www.post.japanpost.jp/kitte_hagaki/stamp/fuke//detail.php?id=357","https://www.post.japanpost.jp/kitte_hagaki/stamp/preview/img/fuke/./4_20120921143128_thum.jpg"
"358","横浜中央郵便局（旧横浜支店）","神奈川県","〒220-8799 神奈川県横浜市西区高島2－14－2","神奈川県横浜市西区高島2－14－2","35.464741","139.62294","2012-10-01","","https://www.post.japanpost.jp/kitte_hagaki/stamp/fuke//detail.php?id=358","https://www.post.japanpost.jp/kitte_hagaki/stamp/preview/img/fuke/./4_20120921092112_thum.jpg"
"359","甲府中央郵便局（旧甲府支店）","山梨県","〒400-8799 山梨県甲府市太田町6－10","山梨県甲府市太田町6－10","35.653015","138.570465","2012-10-01","","https://www.post.japanpost.jp/kitte_hagaki/stamp/fuke//detail.php?id=359","https://www.post.japanpost.jp/kitte_hagaki/stamp/preview/img/fuke/./4_20120921143704_thum.jpg"
"360","緑郵便局（旧横浜緑支店）","神奈川県","〒226-8799 神奈川県横浜市緑区中山町149－4","神奈川県横浜市緑区中山町149－4","35.51601","139.539886","2012-10-01","","https://www.post.japanpost.jp/kitte_hagaki/stamp/fuke//detail.php?id=360","https://www.post.japanpost.jp/kitte_hagaki/stamp/preview/img/fuke/./4_20120921093042_thum.jpg"
"361","橋本郵便局（旧相模原橋本支店）","神奈川県","〒252-0199 神奈川県相模原市緑区西橋本5－2－1","神奈川県相模原市緑区西橋本5－2－1","35.596455","139.336746","2012-10-01","","https://www.post.japanpost.jp/kitte_hagaki/stamp/fuke//detail.php?id=361","https://www.post.japanpost.jp/kitte_hagaki/stamp/preview/img/fuke/./4_20120921093441_thum.jpg"
"362","岐阜中央郵便局（旧岐阜支店）","岐阜県","〒500-8799 岐阜県岐阜市清住町一丁目3番地の2","岐阜県岐阜市清住町一丁目3番地の2","35.412952","136.761673","2012-10-01","","https://www.post.japanpost.jp/kitte_hagaki/stamp/fuke//detail.php?id=362","https://www.post.japanpost.jp/kitte_hagaki/stamp/preview/img/fuke/./8_20120921163028_thum.jpg"
"363","静岡中央郵便局（旧静岡支店）","静岡県","〒420-8799 静岡県静岡市葵区黒金町1-9","静岡県静岡市葵区黒金町1-9","34.972145","138.387619","2012-10-01","","https://www.post.japanpost.jp/kitte_hagaki/stamp/fuke//detail.php?id=363","https://www.post.japanpost.jp/kitte_hagaki/stamp/preview/img/fuke/./1_20120921163338_thum.jpg"
"364","名古屋中央郵便局（旧名古屋支店）","愛知県","〒450-8799 愛知県名古屋市西区天神町4-5","愛知県名古屋市西区天神町4-5","35.190029","136.885208","2012-10-01","","https://www.post.japanpost.jp/kitte_hagaki/stamp/fuke//detail.php?id=364","https://www.post.japanpost.jp/kitte_hagaki/stamp/preview/img/fuke/./8_20120921170918_thum.jpg"
"365","津中央郵便局（旧津支店）","三重県","〒514-8799 三重県津市中央1-1","三重県津市中央1-1","34.718544","136.510101","2012-10-01","","https://www.post.japanpost.jp/kitte_hagaki/stamp/fuke//detail.php?id=365","https://www.post.japanpost.jp/kitte_hagaki/stamp/preview/img/fuke/./8_20120921172303_thum.jpg"
"366","上野郵便局（旧伊賀上野支店）","三重県","〒518-8799 三重県伊賀市上野丸之内151-3","三重県伊賀市上野丸之内151-3","34.769245","136.132095","2012-10-01","","https://www.post.japanpost.jp/kitte_hagaki/stamp/fuke//detail.php?id=366","https://www.post.japanpost.jp/kitte_hagaki/stamp/preview/img/fuke/./8_20120921172534_thum.jpg"
"367","緑郵便局（旧名古屋緑支店）","愛知県","〒458-8799 愛知県名古屋市緑区六田2-43","愛知県名古屋市緑区六田2-43","35.078815","136.960846","2012-10-01","","https://www.post.japanpost.jp/kitte_hagaki/stamp/fuke//detail.php?id=367","https://www.post.japanpost.jp/kitte_hagaki/stamp/preview/img/fuke/./8_20120921173430_thum.jpg"
"368","四日市郵便局（旧四日市支店）","三重県","〒510-8799 三重県四日市市沖の島町4-9","三重県四日市市沖の島町4-9","34.966686","136.627686","2012-10-01","","https://www.post.japanpost.jp/kitte_hagaki/stamp/fuke//detail.php?id=368","https://www.post.japanpost.jp/kitte_hagaki/stamp/preview/img/fuke/./8_20211209185130_thum.jpg"
"370","豊田郵便局（旧豊田支店）","愛知県","〒471-8799 愛知県豊田市十塚町2-16-1","愛知県豊田市十塚町2-16-1","35.079548","137.157089","2012-10-01","","https://www.post.japanpost.jp/kitte_hagaki/stamp/fuke//detail.php?id=370","https://www.post.japanpost.jp/kitte_hagaki/stamp/preview/img/fuke/./8_20120921183350_thum.jpg"
"371","豊田郵便局（旧豊田郵便局）","愛知県","〒471-8799 愛知県豊田市十塚町2-16-1","愛知県豊田市十塚町2-16-1","35.079548","137.157089","2012-10-01","","https://www.post.japanpost.jp/kitte_hagaki/stamp/fuke//detail.php?id=371","https://www.post.japanpost.jp/kitte_hagaki/stamp/preview/img/fuke/./8_20120921183548_thum.jpg"
"372","鳥取中央郵便局（旧鳥取支店）","鳥取県","〒680-8799 鳥取県鳥取市東品治町101","鳥取県鳥取市東品治町101","35.493279","134.228638","2012-10-01","","https://www.post.japanpost.jp/kitte_hagaki/stamp/fuke//detail.php?id=372","https://www.post.japanpost.jp/kitte_hagaki/stamp/preview/img/fuke/./10_20120921184859_thum.jpg"
"373","松江中央郵便局（旧松江支店）","島根県","〒690-8799 島根県松江市東朝日町138","島根県松江市東朝日町138","35.46545","133.066422","2012-10-01","","https://www.post.japanpost.jp/kitte_hagaki/stamp/fuke//detail.php?id=373","https://www.post.japanpost.jp/kitte_hagaki/stamp/preview/img/fuke/./10_20120921185131_thum.jpg"
"374","岡山中央郵便局（旧岡山支店）","岡山県","〒700-8799 岡山県岡山市北区中山下2－1－1","岡山県岡山市北区中山下2－1－1","34.662373","133.926468","2012-10-01","","https://www.post.japanpost.jp/kitte_hagaki/stamp/fuke//detail.php?id=374","https://www.post.japanpost.jp/kitte_hagaki/stamp/preview/img/fuke/./10_20120921185541_thum.jpg"
"376","山口中央郵便局（旧山口支店）","山口県","〒753-8799 山口県山口市中央1－1－1","山口県山口市中央1－1－1","34.176216","131.474182","2012-10-01","","https://www.post.japanpost.jp/kitte_hagaki/stamp/fuke//detail.php?id=376","https://www.post.japanpost.jp/kitte_hagaki/stamp/preview/img/fuke/./10_20120921190144_thum.jpg"
"377","大野郵便局（旧廿日市大野支店）","広島県","〒739-0499 広島県廿日市市大野原1－2－1","広島県廿日市市大野原1－2－1","34.286934","132.272919","2012-10-01","","https://www.post.japanpost.jp/kitte_hagaki/stamp/fuke//detail.php?id=377","https://www.post.japanpost.jp/kitte_hagaki/stamp/preview/img/fuke/./10_20120921190312_thum.jpg"
"378","小郡郵便局（旧山口小郡支店）","山口県","〒754-8799 山口県山口市小郡下郷609－2","山口県山口市小郡下郷609－2","34.102661","131.392075","2012-10-01","","https://www.post.japanpost.jp/kitte_hagaki/stamp/fuke//detail.php?id=378","https://www.post.japanpost.jp/kitte_hagaki/stamp/preview/img/fuke/./10_20120921190938_thum.jpg"
"379","函館中央郵便局（旧函館支店）","北海道","〒040-8799 北海道函館市新川町1-6","北海道函館市新川町1-6","41.77351","140.733719","2012-10-01","","https://www.post.japanpost.jp/kitte_hagaki/stamp/fuke//detail.php?id=379","https://www.post.japanpost.jp/kitte_hagaki/stamp/preview/img/fuke/./1_20120921193352_thum.jpg"
"380","札幌中央郵便局（旧札幌支店）","北海道","〒060-8799 北海道札幌市東区北6条東1－2－1","北海道札幌市東区北6条東1－2－1","43.069439","141.356064","2012-10-01","","https://www.post.japanpost.jp/kitte_hagaki/stamp/fuke//detail.php?id=380","https://www.post.japanpost.jp/kitte_hagaki/stamp/preview/img/fuke/./1_20120921193622_thum.jpg"
"381","旭川中央郵便局（旧旭川支店）","北海道","〒070-8799 北海道旭川市6条通6-28-1","北海道旭川市6条通6-28-1","43.771996","142.360077","2012-10-01","","https://www.post.japanpost.jp/kitte_hagaki/stamp/fuke//detail.php?id=381","https://www.post.japanpost.jp/kitte_hagaki/stamp/preview/img/fuke/./1_20120921194129_thum.jpg"
"382","釧路中央郵便局（旧釧路支店）","北海道","〒085-8799 北海道釧路市幸町13-2-1","北海道釧路市幸町13-2-1","42.988991","144.378433","2012-10-01","","https://www.post.japanpost.jp/kitte_hagaki/stamp/fuke//detail.php?id=382","https://www.post.japanpost.jp/kitte_hagaki/stamp/preview/img/fuke/./1_20120921195330_thum.jpg"
"383","青森中央郵便局（旧青森支店）","青森県","〒030-8799 青森県青森市堤町1丁目7の24","青森県青森市堤町1丁目7の24","40.824505","140.758423","2012-10-01","","https://www.post.japanpost.jp/kitte_hagaki/stamp/fuke//detail.php?id=383","https://www.post.japanpost.jp/kitte_hagaki/stamp/preview/img/fuke/./2_20120921203308_thum.JPG"
"385","仙台中央郵便局（旧仙台支店）","宮城県","〒980-8799 宮城県仙台市青葉区北目町1の7","宮城県仙台市青葉区北目町1の7","38.254765","140.877701","2012-10-01","","https://www.post.japanpost.jp/kitte_hagaki/stamp/fuke//detail.php?id=385","https://www.post.japanpost.jp/kitte_hagaki/stamp/preview/img/fuke/./2_20120921204741_thum.JPG"
"386","秋田中央郵便局（旧秋田支店）","秋田県","〒010-8799 秋田県秋田市保戸野鉄砲町5の1","秋田県秋田市保戸野鉄砲町5の1","39.722759","140.110764","2012-10-01","","https://www.post.japanpost.jp/kitte_hagaki/stamp/fuke//detail.php?id=386","https://www.post.japanpost.jp/kitte_hagaki/stamp/preview/img/fuke/./2_20120921205252_thum.JPG"
"387","山形中央郵便局（旧山形支店）","山形県","〒990-8799 山形県山形市十日町1丁目7の24","山形県山形市十日町1丁目7の24","38.248707","140.335739","2012-10-01","","https://www.post.japanpost.jp/kitte_hagaki/stamp/fuke//detail.php?id=387","https://www.post.japanpost.jp/kitte_hagaki/stamp/preview/img/fuke/./2_20120921205623_thum.JPG"
"388","福島中央郵便局（旧福島支店）","福島県","〒960-8799 福島県福島市森合町10の30","福島県福島市森合町10の30","37.762436","140.463577","2012-10-01","","https://www.post.japanpost.jp/kitte_hagaki/stamp/fuke//detail.php?id=388","https://www.post.japanpost.jp/kitte_hagaki/stamp/preview/img/fuke/./2_20120921210038_thum.JPG"
"389","泉郵便局（旧泉支店）","宮城県","〒981-3199 宮城県仙台市泉区将監8丁目10の3","宮城県仙台市泉区将監8丁目10の3","38.333557","140.876785","2012-10-01","","https://www.post.japanpost.jp/kitte_hagaki/stamp/fuke//detail.php?id=389","https://www.post.japanpost.jp/kitte_hagaki/stamp/preview/img/fuke/./2_20120921211031_thum.JPG"
"394","白子郵便局（旧白子支店）","三重県","〒510-0299 三重県鈴鹿市白子町2796-1","三重県鈴鹿市白子町2796-1","34.83931","136.574844","2012-10-01","","https://www.post.japanpost.jp/kitte_hagaki/stamp/fuke//detail.php?id=394","https://www.post.japanpost.jp/kitte_hagaki/stamp/preview/img/fuke/./8_20120924113712_thum.jpg"
"395","白子郵便局（旧白子郵便局）","三重県","〒510-0299 三重県鈴鹿市白子町2796-1","三重県鈴鹿市白子町2796-1","34.83931","136.574844","2012-10-01","","https://www.post.japanpost.jp/kitte_hagaki/stamp/fuke//detail.php?id=395","https://www.post.japanpost.jp/kitte_hagaki/stamp/preview/img/fuke/./8_20120924114012_thum.jpg"
"396","神戸中央郵便局(旧神戸支店)","兵庫県","〒650-8799 兵庫県神戸市中央区栄町通6-2-1","兵庫県神戸市中央区栄町通6-2-1","34.682751","135.181595","2012-10-01","","https://www.post.japanpost.jp/kitte_hagaki/stamp/fuke//detail.php?id=396","https://www.post.japanpost.jp/kitte_hagaki/stamp/preview/img/fuke/./9_20120924120748_thum.JPG"
"397","湯本駅前郵便局","福島県","〒972-8321 福島県いわき市常磐湯本町天王崎51－6","福島県いわき市常磐湯本町天王崎51－6","37.00449","140.850388","2012-10-01","","https://www.post.japanpost.jp/kitte_hagaki/stamp/fuke//detail.php?id=397","https://www.post.japanpost.jp/kitte_hagaki/stamp/preview/img/fuke/./2_20120924121117_thum.JPG"
"398","大津中央郵便局(旧大津支店)","滋賀県","〒520-8799 滋賀県大津市打出浜1-4","滋賀県大津市打出浜1-4","35.007462","135.873108","2012-10-01","","https://www.post.japanpost.jp/kitte_hagaki/stamp/fuke//detail.php?id=398","https://www.post.japanpost.jp/kitte_hagaki/stamp/preview/img/fuke/./9_20120924131027_thum.JPG"
"399","京都中央郵便局(旧京都支店)","京都府","〒600-8799 京都府京都市下京区東塩小路町843-12","京都府京都市下京区東塩小路町843-12","34.986649","135.756393","2012-10-01","","https://www.post.japanpost.jp/kitte_hagaki/stamp/fuke//detail.php?id=399","https://www.post.japanpost.jp/kitte_hagaki/stamp/preview/img/fuke/./9_20120924131602_thum.JPG"
"400","奈良中央郵便局(旧奈良支店)","奈良県","〒630-8799 奈良県奈良市大宮町5丁目3番3号","奈良県奈良市大宮町5丁目3番3号","34.684551","135.812195","2012-10-01","","https://www.post.japanpost.jp/kitte_hagaki/stamp/fuke//detail.php?id=400","https://www.post.japanpost.jp/kitte_hagaki/stamp/preview/img/fuke/./9_20120924132016_thum.JPG"
"401","和歌山中央郵便局(旧和歌山支店)","和歌山県","〒640-8799 和歌山県和歌山市一番丁4","和歌山県和歌山市一番丁4","34.229382","135.175278","2012-10-01","","https://www.post.japanpost.jp/kitte_hagaki/stamp/fuke//detail.php?id=401","https://www.post.japanpost.jp/kitte_hagaki/stamp/preview/img/fuke/./9_20120924132243_thum.JPG"
"410","金沢中央郵便局","石川県","〒920-8799 石川県金沢市三社1-1","石川県金沢市三社1-1","36.571194","136.644516","2012-10-01","","https://www.post.japanpost.jp/kitte_hagaki/stamp/fuke//detail.php?id=410","https://www.post.japanpost.jp/kitte_hagaki/stamp/preview/img/fuke/./7_20120924194643_thum.JPG"
"411","福井中央郵便局","福井県","〒910-8799 福井県福井市大手3-1-28","福井県福井市大手3-1-28","36.063156","136.221329","2012-10-01","","https://www.post.japanpost.jp/kitte_hagaki/stamp/fuke//detail.php?id=411","https://www.post.japanpost.jp/kitte_hagaki/stamp/preview/img/fuke/./7_20120924194807_thum.JPG"
"412","大野郵便局","福井県","〒912-8799 福井県大野市陽明町2-210","福井県大野市陽明町2-210","35.990601","136.498032","2012-10-01","","https://www.post.japanpost.jp/kitte_hagaki/stamp/fuke//detail.php?id=412","https://www.post.japanpost.jp/kitte_hagaki/stamp/preview/img/fuke/./7_20120924195048_thum.JPG"
"413","名古屋中央郵便局名古屋駅前分室（旧名古屋支店名古屋駅前分室）","愛知県","〒450-8799 愛知県名古屋市中村区名駅1丁目1-1","愛知県名古屋市中村区名駅1丁目1-1","35.173313","136.88266","2012-10-01","","https://www.post.japanpost.jp/kitte_hagaki/stamp/fuke//detail.php?id=413","https://www.post.japanpost.jp/kitte_hagaki/stamp/preview/img/fuke/./8_20120925122523_thum.jpg"
"414","那覇中央郵便局 （旧那覇支店）","沖縄県","〒900-8799 沖縄県那覇市壺川3-3-8","沖縄県那覇市壺川3-3-8","26.205647","127.679237","2012-10-01","","https://www.post.japanpost.jp/kitte_hagaki/stamp/fuke//detail.php?id=414","https://www.post.japanpost.jp/kitte_hagaki/stamp/preview/img/fuke/./1_20120925163059_thum.jpg"
"415","首里北郵便局 （旧首里支店）","沖縄県","〒903-8799 沖縄県那覇市首里石嶺町2-111-4","沖縄県那覇市首里石嶺町2-111-4","26.226576","127.731216","2012-10-01","","https://www.post.japanpost.jp/kitte_hagaki/stamp/fuke//detail.php?id=415","https://www.post.japanpost.jp/kitte_hagaki/stamp/preview/img/fuke/./13_20120925163400_thum.jpg"
"416","南風原中郵便局 （旧南風原支店）","沖縄県","〒901-1199 沖縄県南風原町字兼城684-9","沖縄県南風原町字兼城684-9","26.191999","127.729568","2012-10-01","","https://www.post.japanpost.jp/kitte_hagaki/stamp/fuke//detail.php?id=416","https://www.post.japanpost.jp/kitte_hagaki/stamp/preview/img/fuke/./13_20120925163842_thum.jpg"
"417","宮古郵便局 （旧宮古島支店）","沖縄県","〒906-8799 沖縄県宮古島市平良字西里782-7","沖縄県宮古島市平良字西里782-7","24.798811","125.289085","2012-10-01","","https://www.post.japanpost.jp/kitte_hagaki/stamp/fuke//detail.php?id=417","https://www.post.japanpost.jp/kitte_hagaki/stamp/preview/img/fuke/./13_20120925164320_thum.jpg"
"418","深川郵便局（旧北海道深川支店）","北海道","〒074-8799 北海道深川市2条6－12","北海道深川市2条6－12","43.719353","142.039047","2012-10-01","","https://www.post.japanpost.jp/kitte_hagaki/stamp/fuke//detail.php?id=418","https://www.post.japanpost.jp/kitte_hagaki/stamp/preview/img/fuke/./1_20120925165746_thum.jpg"
"419","陸前高田郵便局","岩手県","〒029-2299 岩手県陸前高田市竹駒町字滝の里24の12","岩手県陸前高田市竹駒町字滝の里24の12","39.032063","141.620056","2012-10-01","","https://www.post.japanpost.jp/kitte_hagaki/stamp/fuke//detail.php?id=419","https://www.post.japanpost.jp/kitte_hagaki/stamp/preview/img/fuke/./2_20120926132632_thum.JPG"
"421","博多北郵便局(旧博多支店)","福岡県","〒812-8799 福岡県福岡市博多区大井1－3－26","福岡県福岡市博多区大井1－3－26","33.60503","130.442413","2012-10-01","","https://www.post.japanpost.jp/kitte_hagaki/stamp/fuke//detail.php?id=421","https://www.post.japanpost.jp/kitte_hagaki/stamp/preview/img/fuke/./12_20120926192230_thum.JPG"
"422","藤沢郵便局（旧藤沢支店）","神奈川県","〒251-8799 神奈川県藤沢市藤沢115-2","神奈川県藤沢市藤沢115-2","35.339119","139.489975","2012-10-26","","https://www.post.japanpost.jp/kitte_hagaki/stamp/fuke//detail.php?id=422","https://www.post.japanpost.jp/kitte_hagaki/stamp/preview/img/fuke/./4_20121015134300_thum.jpg"
"423","十和田元町郵便局（旧十和田東一番町郵便局）","青森県","〒034-0012 青森県十和田市東一番町4の10（とうてつ駅ビル1階） ※こちらは、旧十和田東一番町郵便局の住所です。","青森県十和田市東一番町4の10（とうてつ駅ビル1階） ※こちらは、旧十和田東一番町郵便局の住所です。","40.621784","141.214096","2012-10-29","","https://www.post.japanpost.jp/kitte_hagaki/stamp/fuke//detail.php?id=423","https://www.post.japanpost.jp/kitte_hagaki/stamp/preview/img/fuke/./2_20121018094833_thum.JPG"
"424","高鍋郵便局","宮崎県","〒884-8799 宮崎県児湯郡高鍋町北高鍋3516－2","宮崎県児湯郡高鍋町北高鍋3516－2","32.12891","131.515793","2012-11-22","","https://www.post.japanpost.jp/kitte_hagaki/stamp/fuke//detail.php?id=424","https://www.post.japanpost.jp/kitte_hagaki/stamp/preview/img/fuke/./12_20121116153836_thum.JPG"
"425","中尊寺簡易郵便局","岩手県","〒029-4102 岩手県岩手県西磐井郡平泉町平泉衣関36","岩手県岩手県西磐井郡平泉町平泉衣関36","39.972569","141.21257","2012-11-30","","https://www.post.japanpost.jp/kitte_hagaki/stamp/fuke//detail.php?id=425","https://www.post.japanpost.jp/kitte_hagaki/stamp/preview/img/fuke/./2_20121122212624_thum.JPG"
"426","富山奥田郵便局","富山県","〒930-0854 富山県富山市城北町10-5","富山県富山市城北町10-5","36.700348","137.220535","2012-12-03","","https://www.post.japanpost.jp/kitte_hagaki/stamp/fuke//detail.php?id=426","https://www.post.japanpost.jp/kitte_hagaki/stamp/preview/img/fuke/./7_20121126105624_thum.JPG"
"427","気仙沼鹿折郵便局","宮城県","〒988-0817 宮城県気仙沼市西八幡町64－3 ※こちらは気仙沼鹿折郵便局の住所です。","宮城県気仙沼市西八幡町64－3 ※こちらは気仙沼鹿折郵便局の住所です。","38.922787","141.583191","2012-12-21","","https://www.post.japanpost.jp/kitte_hagaki/stamp/fuke//detail.php?id=427","https://www.post.japanpost.jp/kitte_hagaki/stamp/preview/img/fuke/./2_20121210143254_thum.JPG"
"428","住吉我孫子郵便局","大阪府","〒558-0014 大阪府大阪市住吉区我孫子4－15－21","大阪府大阪市住吉区我孫子4－15－21","34.600204","135.508713","2013-01-15","","https://www.post.japanpost.jp/kitte_hagaki/stamp/fuke//detail.php?id=428","https://www.post.japanpost.jp/kitte_hagaki/stamp/preview/img/fuke/./9_20130108161909_thum.JPG"
"429","五和郵便局","静岡県","〒428-0008 静岡県島田市竹下428-6","静岡県島田市竹下428-6","34.846123","138.119492","2013-02-01","","https://www.post.japanpost.jp/kitte_hagaki/stamp/fuke//detail.php?id=429","https://www.post.japanpost.jp/kitte_hagaki/stamp/preview/img/fuke/./8_20130111092303_thum.jpg"
"430","新潟本町十三番郵便局","新潟県","〒951-8067 新潟県新潟市中央区本町通十三番町3152","新潟県新潟市中央区本町通十三番町3152","37.930576","139.048767","2013-02-01","","https://www.post.japanpost.jp/kitte_hagaki/stamp/fuke//detail.php?id=430","https://www.post.japanpost.jp/kitte_hagaki/stamp/preview/img/fuke/./6_20130118152142_thum.jpg"
"432","白井郵便局","千葉県","〒270-1499 千葉県白井市堀込1－1－10","千葉県白井市堀込1－1－10","35.783199","140.052917","2013-03-14","","https://www.post.japanpost.jp/kitte_hagaki/stamp/fuke//detail.php?id=432","https://www.post.japanpost.jp/kitte_hagaki/stamp/preview/img/fuke/./3_20130307105330_thum.jpg"
"433","大船渡駅前郵便局","岩手県","〒022-0002 岩手県大船渡市大船渡町字茶屋前55－7 ※こちらは大船渡駅前郵便局の住所です。","岩手県大船渡市大船渡町字茶屋前55－7 ※こちらは大船渡駅前郵便局の住所です。","39.063694","141.719208","2013-03-22","","https://www.post.japanpost.jp/kitte_hagaki/stamp/fuke//detail.php?id=433","https://www.post.japanpost.jp/kitte_hagaki/stamp/preview/img/fuke/./2_20130308120234_thum.JPG"
"436","玖島郵便局","広島県","〒738-0205 広島県廿日市市玖島4350－6","広島県廿日市市玖島4350－6","34.3904","132.248566","2013-04-01","","https://www.post.japanpost.jp/kitte_hagaki/stamp/fuke//detail.php?id=436","https://www.post.japanpost.jp/kitte_hagaki/stamp/preview/img/fuke/./10_20130314154916_thum.jpg"
"437","阿知須郵便局","山口県","〒754-1277 山口県山口市阿知須4745－3","山口県山口市阿知須4745－3","34.016357","131.343506","2013-04-01","","https://www.post.japanpost.jp/kitte_hagaki/stamp/fuke//detail.php?id=437","https://www.post.japanpost.jp/kitte_hagaki/stamp/preview/img/fuke/./10_20130314155533_thum.jpg"
"438","千歳郵便局新千歳空港内分室","北海道","〒066-0012 北海道千歳市美々（新千歳空港ターミナルビル1階）","北海道千歳市美々（新千歳空港ターミナルビル1階）","42.783916","141.695938","2013-04-01","","https://www.post.japanpost.jp/kitte_hagaki/stamp/fuke//detail.php?id=438","https://www.post.japanpost.jp/kitte_hagaki/stamp/preview/img/fuke/./1_20130315145714_thum.jpg"
"439","稚内郵便局","北海道","〒097-8799 北海道稚内市中央2－15－12","北海道稚内市中央2－15－12","45.417408","141.673813","2013-04-10","","https://www.post.japanpost.jp/kitte_hagaki/stamp/fuke//detail.php?id=439","https://www.post.japanpost.jp/kitte_hagaki/stamp/preview/img/fuke/./1_20130315150423_thum.jpg"
"442","川崎東郵便局","神奈川県","〒219-8799 神奈川県川崎市川崎区東扇島88番地 川崎東郵便局","神奈川県川崎市川崎区東扇島88番地 川崎東郵便局","35.490742","139.748871","2013-05-04","","https://www.post.japanpost.jp/kitte_hagaki/stamp/fuke//detail.php?id=442","https://www.post.japanpost.jp/kitte_hagaki/stamp/preview/img/fuke/./4_20130411145618_thum.jpg"
"443","和木郵便局","山口県","〒740-0061 山口県玖珂郡和木町和木4丁目3－18","山口県玖珂郡和木町和木4丁目3－18","34.206917","132.225067","2013-05-23","","https://www.post.japanpost.jp/kitte_hagaki/stamp/fuke//detail.php?id=443","https://www.post.japanpost.jp/kitte_hagaki/stamp/preview/img/fuke/./10_20130510110758_thum.jpg"
"444","高蔵寺岩成台郵便局","愛知県","〒487-0033 愛知県春日井市岩成台6－2－3（18棟1階）","愛知県春日井市岩成台6－2－3（18棟1階）","35.277153","137.045212","2013-05-31","","https://www.post.japanpost.jp/kitte_hagaki/stamp/fuke//detail.php?id=444","https://www.post.japanpost.jp/kitte_hagaki/stamp/preview/img/fuke/./8_20130521155553_thum.JPG"
"445","高蔵寺石尾台郵便局","愛知県","〒487-0006 愛知県春日井市石尾台1－2－7","愛知県春日井市石尾台1－2－7","35.287388","137.056137","2013-05-31","","https://www.post.japanpost.jp/kitte_hagaki/stamp/fuke//detail.php?id=445","https://www.post.japanpost.jp/kitte_hagaki/stamp/preview/img/fuke/./8_20130521155930_thum.JPG"
"446","高蔵寺駅前郵便局","愛知県","〒487-0013 愛知県春日井市高蔵寺町3丁目1番地の6","愛知県春日井市高蔵寺町3丁目1番地の6","35.262119","137.042038","2013-05-31","","https://www.post.japanpost.jp/kitte_hagaki/stamp/fuke//detail.php?id=446","https://www.post.japanpost.jp/kitte_hagaki/stamp/preview/img/fuke/./8_20130521161057_thum.JPG"
"447","高蔵寺藤山台郵便局","愛知県","〒487-0035 愛知県春日井市藤山台3－1－3","愛知県春日井市藤山台3－1－3","35.283318","137.035126","2013-05-31","","https://www.post.japanpost.jp/kitte_hagaki/stamp/fuke//detail.php?id=447","https://www.post.japanpost.jp/kitte_hagaki/stamp/preview/img/fuke/./8_20130521161258_thum.JPG"
"448","高蔵寺白山郵便局","愛知県","〒487-0034 愛知県春日井市白山町6丁目2番3","愛知県春日井市白山町6丁目2番3","35.273209","137.031387","2013-05-31","","https://www.post.japanpost.jp/kitte_hagaki/stamp/fuke//detail.php?id=448","https://www.post.japanpost.jp/kitte_hagaki/stamp/preview/img/fuke/./8_20130521161644_thum.JPG"
"449","春日井王子町郵便局","愛知県","〒486-0833 愛知県春日井市上条町6－111－1（シティーオーク1階）","愛知県春日井市上条町6－111－1（シティーオーク1階）","35.237019","136.981766","2013-05-31","","https://www.post.japanpost.jp/kitte_hagaki/stamp/fuke//detail.php?id=449","https://www.post.japanpost.jp/kitte_hagaki/stamp/preview/img/fuke/./8_20130521162012_thum.JPG"
"450","春日井宮町郵便局","愛知県","〒486-0904 愛知県春日井市宮町1－11－9","愛知県春日井市宮町1－11－9","35.252937","136.947754","2013-05-31","","https://www.post.japanpost.jp/kitte_hagaki/stamp/fuke//detail.php?id=450","https://www.post.japanpost.jp/kitte_hagaki/stamp/preview/img/fuke/./8_20130521163044_thum.JPG"
"451","春日井玉野郵便局","愛知県","〒487-0004 愛知県春日井市玉野町1181","愛知県春日井市玉野町1181","35.268551","137.067062","2013-05-31","","https://www.post.japanpost.jp/kitte_hagaki/stamp/fuke//detail.php?id=451","https://www.post.japanpost.jp/kitte_hagaki/stamp/preview/img/fuke/./8_20130521163341_thum.JPG"
"452","春日井市役所前郵便局","愛知県","〒486-0844 愛知県春日井市鳥居松町4丁目115番1","愛知県春日井市鳥居松町4丁目115番1","35.24617","136.972641","2013-05-31","","https://www.post.japanpost.jp/kitte_hagaki/stamp/fuke//detail.php?id=452","https://www.post.japanpost.jp/kitte_hagaki/stamp/preview/img/fuke/./8_20130521163548_thum.JPG"
"453","春日井出川郵便局","愛知県","〒487-0023 愛知県春日井市不二ガ丘1－192","愛知県春日井市不二ガ丘1－192","35.267838","137.014938","2013-05-31","","https://www.post.japanpost.jp/kitte_hagaki/stamp/fuke//detail.php?id=453","https://www.post.japanpost.jp/kitte_hagaki/stamp/preview/img/fuke/./8_20130521163832_thum.JPG"
"454","春日井勝川郵便局","愛知県","〒486-0943 愛知県春日井市角崎町107－3","愛知県春日井市角崎町107－3","35.230728","136.951645","2013-05-31","","https://www.post.japanpost.jp/kitte_hagaki/stamp/fuke//detail.php?id=454","https://www.post.japanpost.jp/kitte_hagaki/stamp/preview/img/fuke/./8_20130521164615_thum.JPG"
"455","春日井神領郵便局","愛知県","〒486-0821 愛知県春日井市神領町2－24－3","愛知県春日井市神領町2－24－3","35.255283","137.010452","2013-05-31","","https://www.post.japanpost.jp/kitte_hagaki/stamp/fuke//detail.php?id=455","https://www.post.japanpost.jp/kitte_hagaki/stamp/preview/img/fuke/./8_20130521165622_thum.JPG"
"456","春日井東野郵便局","愛知県","〒486-0817 愛知県春日井市東野町3－4－20","愛知県春日井市東野町3－4－20","35.267387","136.983475","2013-05-31","","https://www.post.japanpost.jp/kitte_hagaki/stamp/fuke//detail.php?id=456","https://www.post.japanpost.jp/kitte_hagaki/stamp/preview/img/fuke/./8_20130521170829_thum.JPG"
"457","春日井柏原郵便局","愛知県","〒486-0913 愛知県春日井市柏原町1丁目23番地","愛知県春日井市柏原町1丁目23番地","35.241642","136.956955","2013-05-31","","https://www.post.japanpost.jp/kitte_hagaki/stamp/fuke//detail.php?id=457","https://www.post.japanpost.jp/kitte_hagaki/stamp/preview/img/fuke/./8_20130521170946_thum.JPG"
"458","春日井六軒屋郵便局","愛知県","〒486-0842 愛知県春日井市六軒屋町5－40","愛知県春日井市六軒屋町5－40","35.258232","136.976334","2013-05-31","","https://www.post.japanpost.jp/kitte_hagaki/stamp/fuke//detail.php?id=458","https://www.post.japanpost.jp/kitte_hagaki/stamp/preview/img/fuke/./8_20130521174127_thum.JPG"
"459","坂下郵便局","愛知県","〒480-0305 愛知県春日井市坂下町4－239－1","愛知県春日井市坂下町4－239－1","35.292423","137.020584","2013-05-31","","https://www.post.japanpost.jp/kitte_hagaki/stamp/fuke//detail.php?id=459","https://www.post.japanpost.jp/kitte_hagaki/stamp/preview/img/fuke/./8_20130521180647_thum.JPG"
"460","春日井鷹来郵便局","愛知県","〒486-0801 愛知県春日井市上田楽町3457","愛知県春日井市上田楽町3457","35.276451","136.956177","2013-05-31","","https://www.post.japanpost.jp/kitte_hagaki/stamp/fuke//detail.php?id=460","https://www.post.japanpost.jp/kitte_hagaki/stamp/preview/img/fuke/./8_20130521181225_thum.JPG"
"461","春日井駅前郵便局","愛知県","〒486-0833 愛知県春日井市上条町1－194","愛知県春日井市上条町1－194","35.242626","136.984268","2013-05-31","","https://www.post.japanpost.jp/kitte_hagaki/stamp/fuke//detail.php?id=461","https://www.post.japanpost.jp/kitte_hagaki/stamp/preview/img/fuke/./8_20130521181422_thum.JPG"
"462","味美駅前郵便局","愛知県","〒486-0958 愛知県春日井市西本町1－10－10","愛知県春日井市西本町1－10－10","35.2355","136.936234","2013-05-31","","https://www.post.japanpost.jp/kitte_hagaki/stamp/fuke//detail.php?id=462","https://www.post.japanpost.jp/kitte_hagaki/stamp/preview/img/fuke/./8_20130521184539_thum.JPG"
"463","高蔵寺高森台郵便局","愛知県","〒487-0032 愛知県春日井市高森台10－2－3（高森台団地004号棟1階）","愛知県春日井市高森台10－2－3（高森台団地004号棟1階）","35.290127","137.047165","2013-05-31","","https://www.post.japanpost.jp/kitte_hagaki/stamp/fuke//detail.php?id=463","https://www.post.japanpost.jp/kitte_hagaki/stamp/preview/img/fuke/./8_20130521191836_thum.JPG"
"464","春日井篠木郵便局","愛知県","〒486-0851 愛知県春日井市篠木町3－13－2","愛知県春日井市篠木町3－13－2","35.253201","136.985718","2013-05-31","","https://www.post.japanpost.jp/kitte_hagaki/stamp/fuke//detail.php?id=464","https://www.post.japanpost.jp/kitte_hagaki/stamp/preview/img/fuke/./8_20130521194452_thum.JPG"
"465","春日井中切郵便局","愛知県","〒486-0925 愛知県春日井市中切町1－12－3","愛知県春日井市中切町1－12－3","35.226669","136.971329","2013-05-31","","https://www.post.japanpost.jp/kitte_hagaki/stamp/fuke//detail.php?id=465","https://www.post.japanpost.jp/kitte_hagaki/stamp/preview/img/fuke/./8_20130521201446_thum.JPG"
"466","春日井柏井郵便局","愛知県","〒486-0927 愛知県春日井市柏井町5－195","愛知県春日井市柏井町5－195","35.238167","136.964157","2013-05-31","","https://www.post.japanpost.jp/kitte_hagaki/stamp/fuke//detail.php?id=466","https://www.post.japanpost.jp/kitte_hagaki/stamp/preview/img/fuke/./8_20130521204751_thum.JPG"
"468","世田谷野毛郵便局","東京都","〒158-0092 東京都東京都世田谷区野毛1－5－13","東京都東京都世田谷区野毛1－5－13","35.758015","139.529892","2013-07-01","","https://www.post.japanpost.jp/kitte_hagaki/stamp/fuke//detail.php?id=468","https://www.post.japanpost.jp/kitte_hagaki/stamp/preview/img/fuke/./5_20241129152937_thum.jpg"
"473","成田郵便局空港第1旅客ビル内分室","千葉県","〒286-8799 千葉県成田市御料牧場1－1 成田国際空港 第1旅客ターミナルビル内4F","千葉県成田市御料牧場1－1 成田国際空港 第1旅客ターミナルビル内4F","35.782608","140.329102","2013-07-01","","https://www.post.japanpost.jp/kitte_hagaki/stamp/fuke//detail.php?id=473","https://www.post.japanpost.jp/kitte_hagaki/stamp/preview/img/fuke/./3_20191112184302_thum.png"
"474","成田郵便局空港第2旅客ビル内分室","千葉県","〒286-8799 千葉県成田市古込1－1 成田国際空港 第2旅客ターミナルビル内3F","千葉県成田市古込1－1 成田国際空港 第2旅客ターミナルビル内3F","35.773693","140.386032","2013-07-01","","https://www.post.japanpost.jp/kitte_hagaki/stamp/fuke//detail.php?id=474","https://www.post.japanpost.jp/kitte_hagaki/stamp/preview/img/fuke/./3_20191112184336_thum.png"
"475","富津飯野郵便局","千葉県","〒293-0006 千葉県富津市下飯野183","千葉県富津市下飯野183","35.316353","139.865005","2013-07-01","","https://www.post.japanpost.jp/kitte_hagaki/stamp/fuke//detail.php?id=475","https://www.post.japanpost.jp/kitte_hagaki/stamp/preview/img/fuke/./3_20130619165404_thum.jpg"
"476","小久保郵便局","千葉県","〒293-0042 千葉県富津市小久保2884－1","千葉県富津市小久保2884－1","35.280266","139.855804","2013-07-01","","https://www.post.japanpost.jp/kitte_hagaki/stamp/fuke//detail.php?id=476","https://www.post.japanpost.jp/kitte_hagaki/stamp/preview/img/fuke/./3_20130619165954_thum.jpg"
"477","南郷郵便局","群馬県","〒378-0313 群馬県沼田市利根町日影南郷174","群馬県沼田市利根町日影南郷174","36.622986","139.185822","2013-07-01","","https://www.post.japanpost.jp/kitte_hagaki/stamp/fuke//detail.php?id=477","https://www.post.japanpost.jp/kitte_hagaki/stamp/preview/img/fuke/./3_20130620101011_thum.jpg"
"478","八幡浜日土郵便局","愛媛県","〒796-0170 愛媛県八幡浜市日土町8-4-2","愛媛県八幡浜市日土町8-4-2","33.510876","132.445328","2013-07-10","","https://www.post.japanpost.jp/kitte_hagaki/stamp/fuke//detail.php?id=478","https://www.post.japanpost.jp/kitte_hagaki/stamp/preview/img/fuke/./11_20130621114137_thum.JPG"
"479","西藤原簡易郵便局","三重県","〒511-0517 三重県いなべ市藤原町大貝戸336","三重県いなべ市藤原町大貝戸336","35.168472","136.475494","2013-07-10","","https://www.post.japanpost.jp/kitte_hagaki/stamp/fuke//detail.php?id=479","https://www.post.japanpost.jp/kitte_hagaki/stamp/preview/img/fuke/./8_20130628115858_thum.JPG"
"480","中藁科郵便局","静岡県","〒421-1314 静岡県静岡市葵区大原1363番地の3","静岡県静岡市葵区大原1363番地の3","35.007736","138.283981","2013-07-23","","https://www.post.japanpost.jp/kitte_hagaki/stamp/fuke//detail.php?id=480","https://www.post.japanpost.jp/kitte_hagaki/stamp/preview/img/fuke/./8_20130628120156_thum.JPG"
"481","盛岡中央郵便局","岩手県","〒020-8799 岩手県盛岡市中央通1-13-45","岩手県盛岡市中央通1-13-45","39.70647","141.148407","2013-08-01","","https://www.post.japanpost.jp/kitte_hagaki/stamp/fuke//detail.php?id=481","https://www.post.japanpost.jp/kitte_hagaki/stamp/preview/img/fuke/./2_20130707135526_thum.JPG"
"482","世田谷喜多見三郵便局","東京都","〒157-0067 東京都世田谷区喜多見3－21－22","東京都世田谷区喜多見3－21－22","35.627293","139.599884","2013-08-08","","https://www.post.japanpost.jp/kitte_hagaki/stamp/fuke//detail.php?id=482","https://www.post.japanpost.jp/kitte_hagaki/stamp/preview/img/fuke/./5_20130726172351_thum.JPG"
"483","松川町郵便局（一時閉鎖）","岩手県","〒029-0303 岩手県一関市東山町松川町裏64","岩手県一関市東山町松川町裏64","38.956902","141.255096","2013-08-09","","https://www.post.japanpost.jp/kitte_hagaki/stamp/fuke//detail.php?id=483","https://www.post.japanpost.jp/kitte_hagaki/stamp/preview/img/fuke/./2_20130805112404_thum.JPG"
"485","銀座みゆき通郵便局","東京都","〒104-0061 東京都中央区銀座6－8－3","東京都中央区銀座6－8－3","35.670536","139.763489","2013-08-26","","https://www.post.japanpost.jp/kitte_hagaki/stamp/fuke//detail.php?id=485","https://www.post.japanpost.jp/kitte_hagaki/stamp/preview/img/fuke/./5_20241129153552_thum.jpg"
"488","伊勢朝熊郵便局","三重県","〒516-0021 三重県伊勢市朝熊町1504","三重県伊勢市朝熊町1504","34.477272","136.760056","2013-08-26","","https://www.post.japanpost.jp/kitte_hagaki/stamp/fuke//detail.php?id=488","https://www.post.japanpost.jp/kitte_hagaki/stamp/preview/img/fuke/./8_20130814162434_thum.JPG"
"489","神戸パークシティ内郵便局","兵庫県","〒650-0046 兵庫県神戸市中央区港島中町6－2－1","兵庫県神戸市中央区港島中町6－2－1","34.668282","135.213943","2013-09-09","","https://www.post.japanpost.jp/kitte_hagaki/stamp/fuke//detail.php?id=489","https://www.post.japanpost.jp/kitte_hagaki/stamp/preview/img/fuke/./9_20130823135047_thum.JPG"
"490","川崎生田郵便局","神奈川県","〒214-0037 神奈川県川崎市多摩区西生田1-10-10","神奈川県川崎市多摩区西生田1-10-10","35.615139","139.52742","2013-10-01","","https://www.post.japanpost.jp/kitte_hagaki/stamp/fuke//detail.php?id=490","https://www.post.japanpost.jp/kitte_hagaki/stamp/preview/img/fuke/./4_20130910155822_thum.JPG"
"491","川崎三田郵便局","神奈川県","〒214-0034 神奈川県川崎市多摩区三田1-14-1","神奈川県川崎市多摩区三田1-14-1","35.611206","139.543777","2013-10-01","","https://www.post.japanpost.jp/kitte_hagaki/stamp/fuke//detail.php?id=491","https://www.post.japanpost.jp/kitte_hagaki/stamp/preview/img/fuke/./4_20130910173249_thum.JPG"
"492","川崎堰郵便局","神奈川県","〒214-0022 神奈川県川崎市多摩区堰2-7-5","神奈川県川崎市多摩区堰2-7-5","35.613281","139.594589","2013-10-01","","https://www.post.japanpost.jp/kitte_hagaki/stamp/fuke//detail.php?id=492","https://www.post.japanpost.jp/kitte_hagaki/stamp/preview/img/fuke/./4_20130910173057_thum.JPG"
"493","川崎中野島郵便局","神奈川県","〒214-0012 神奈川県川崎市多摩区中野島1-27-1","神奈川県川崎市多摩区中野島1-27-1","35.62595","139.5466","2013-10-01","","https://www.post.japanpost.jp/kitte_hagaki/stamp/fuke//detail.php?id=493","https://www.post.japanpost.jp/kitte_hagaki/stamp/preview/img/fuke/./4_20130910172259_thum.JPG"
"494","川崎中野島北郵便局","神奈川県","〒214-0012 神奈川県川崎市多摩区中野島6-27-3","神奈川県川崎市多摩区中野島6-27-3","35.630253","139.553146","2013-10-01","","https://www.post.japanpost.jp/kitte_hagaki/stamp/fuke//detail.php?id=494","https://www.post.japanpost.jp/kitte_hagaki/stamp/preview/img/fuke/./4_20130910172507_thum.JPG"
"495","川崎長沢郵便局","神奈川県","〒214-0035 神奈川県川崎市多摩区長沢3-8-3","神奈川県川崎市多摩区長沢3-8-3","35.600819","139.539917","2013-10-01","","https://www.post.japanpost.jp/kitte_hagaki/stamp/fuke//detail.php?id=495","https://www.post.japanpost.jp/kitte_hagaki/stamp/preview/img/fuke/./4_20130910173339_thum.JPG"
"496","川崎菅星ヶ丘郵便局","神奈川県","〒214-0008 神奈川県川崎市多摩区菅北浦4-12-6","神奈川県川崎市多摩区菅北浦4-12-6","35.624146","139.530182","2013-10-01","","https://www.post.japanpost.jp/kitte_hagaki/stamp/fuke//detail.php?id=496","https://www.post.japanpost.jp/kitte_hagaki/stamp/preview/img/fuke/./4_20130910171626_thum.JPG"
"497","生田駅前郵便局","神奈川県","〒214-0038 神奈川県川崎市多摩区生田7-12-6","神奈川県川崎市多摩区生田7-12-6","35.61578","139.542862","2013-10-01","","https://www.post.japanpost.jp/kitte_hagaki/stamp/fuke//detail.php?id=497","https://www.post.japanpost.jp/kitte_hagaki/stamp/preview/img/fuke/./4_20130910173543_thum.JPG"
"498","登戸駅前郵便局","神奈川県","〒214-0014 神奈川県川崎市多摩区登戸2570","神奈川県川崎市多摩区登戸2570","35.619881","139.568039","2013-10-01","","https://www.post.japanpost.jp/kitte_hagaki/stamp/fuke//detail.php?id=498","https://www.post.japanpost.jp/kitte_hagaki/stamp/preview/img/fuke/./4_20130910172810_thum.JPG"
"499","池田郵便局","鳥取県","〒680-0731 鳥取県八頭郡若桜町岩屋堂113-1","鳥取県八頭郡若桜町岩屋堂113-1","35.308712","134.448959","2013-10-01","","https://www.post.japanpost.jp/kitte_hagaki/stamp/fuke//detail.php?id=499","https://www.post.japanpost.jp/kitte_hagaki/stamp/preview/img/fuke/./10_20130904141106_thum.jpg"
"501","江東亀戸七郵便局","東京都","〒136-0071 東京都江東区亀戸7－38－5","東京都江東区亀戸7－38－5","35.697807","139.839264","2013-10-01","","https://www.post.japanpost.jp/kitte_hagaki/stamp/fuke//detail.php?id=501","https://www.post.japanpost.jp/kitte_hagaki/stamp/preview/img/fuke/./5_20130912162445_thum.JPG"
"502","新合郵便局","栃木県","〒327-0321 栃木県佐野市閑馬町2455－1","栃木県佐野市閑馬町2455－1","36.427696","139.513992","2013-10-01","","https://www.post.japanpost.jp/kitte_hagaki/stamp/fuke//detail.php?id=502","https://www.post.japanpost.jp/kitte_hagaki/stamp/preview/img/fuke/./3_20130918094424_thum.jpg"
"503","青堀郵便局","千葉県","〒293-0001 千葉県富津市大堀85－9","千葉県富津市大堀85－9","35.331867","139.860275","2013-10-01","","https://www.post.japanpost.jp/kitte_hagaki/stamp/fuke//detail.php?id=503","https://www.post.japanpost.jp/kitte_hagaki/stamp/preview/img/fuke/./3_20130918094557_thum.jpg"
"504","富津千種新田郵便局","千葉県","〒293-0036 千葉県富津市千種新田951－11","千葉県富津市千種新田951－11","35.297874","139.852371","2013-10-01","","https://www.post.japanpost.jp/kitte_hagaki/stamp/fuke//detail.php?id=504","https://www.post.japanpost.jp/kitte_hagaki/stamp/preview/img/fuke/./3_20130918100058_thum.jpg"
"505","佐貫郵便局","千葉県","〒293-0058 千葉県富津市佐貫126－2","千葉県富津市佐貫126－2","35.264503","139.897186","2013-10-01","","https://www.post.japanpost.jp/kitte_hagaki/stamp/fuke//detail.php?id=505","https://www.post.japanpost.jp/kitte_hagaki/stamp/preview/img/fuke/./3_20130918102009_thum.jpg"
"506","関西学院前郵便局（旧西宮上甲東園郵便局）","兵庫県","〒662-0813 兵庫県西宮市上甲東園3丁目9番5号","兵庫県西宮市上甲東園3丁目9番5号","34.768787","135.349792","2013-10-01","","https://www.post.japanpost.jp/kitte_hagaki/stamp/fuke//detail.php?id=506","https://www.post.japanpost.jp/kitte_hagaki/stamp/preview/img/fuke/./9_20130925162652_thum.JPG"
"508","銀座郵便局「東南アジア青年の船」船内分室","東京都","〒100-8799 東京都中央区銀座8-20-26 ※郵頼申込み先住所であり、臨時出張所開設予定はありません。本件は、郵頼のみの受付となります。","東京都中央区銀座8-20-26 ※郵頼申込み先住所であり、臨時出張所開設予定はありません。本件は、郵頼のみの受付となります。","35.664875","139.763565","2013-11-07","","https://www.post.japanpost.jp/kitte_hagaki/stamp/fuke//detail.php?id=508","https://www.post.japanpost.jp/kitte_hagaki/stamp/preview/img/fuke/./5_20131011131415_thum.JPG"
"509","音戸郵便局","広島県","〒737-1299 広島県呉市音戸町南隠渡1丁目8-20","広島県呉市音戸町南隠渡1丁目8-20","34.188175","132.533218","2013-11-01","","https://www.post.japanpost.jp/kitte_hagaki/stamp/fuke//detail.php?id=509","https://www.post.japanpost.jp/kitte_hagaki/stamp/preview/img/fuke/./10_20131015135741_thum.jpg"
"515","須賀川郵便局","福島県","〒962-8799 福島県須賀川市上北町1－11","福島県須賀川市上北町1－11","37.29277","140.373184","2013-11-01","","https://www.post.japanpost.jp/kitte_hagaki/stamp/fuke//detail.php?id=515","https://www.post.japanpost.jp/kitte_hagaki/stamp/preview/img/fuke/./2_20131022191402_thum.JPG"
"516","須賀川上野郵便局","福島県","〒962-0865 福島県須賀川市妙見121－3","福島県須賀川市妙見121－3","37.284367","140.382004","2013-11-01","","https://www.post.japanpost.jp/kitte_hagaki/stamp/fuke//detail.php?id=516","https://www.post.japanpost.jp/kitte_hagaki/stamp/preview/img/fuke/./2_20131022191231_thum.JPG"
"517","須賀川南町郵便局","福島県","〒962-0839 福島県須賀川市大町189","福島県須賀川市大町189","37.283569","140.373047","2013-11-01","","https://www.post.japanpost.jp/kitte_hagaki/stamp/fuke//detail.php?id=517","https://www.post.japanpost.jp/kitte_hagaki/stamp/preview/img/fuke/./2_20131022191025_thum.JPG"
"518","須賀川中町郵便局","福島県","〒962-0845 福島県須賀川市中町14－3","福島県須賀川市中町14－3","37.288685","140.375336","2013-11-01","","https://www.post.japanpost.jp/kitte_hagaki/stamp/fuke//detail.php?id=518","https://www.post.japanpost.jp/kitte_hagaki/stamp/preview/img/fuke/./2_20131022191059_thum.JPG"
"519","須賀川駅前郵便局","福島県","〒962-0003 福島県須賀川市岩瀬森1","福島県須賀川市岩瀬森1","37.302467","140.371719","2013-11-01","","https://www.post.japanpost.jp/kitte_hagaki/stamp/fuke//detail.php?id=519","https://www.post.japanpost.jp/kitte_hagaki/stamp/preview/img/fuke/./2_20131022190304_thum.JPG"
"520","須賀川西川郵便局","福島県","〒962-0014 福島県須賀川市西川町75","福島県須賀川市西川町75","37.294006","140.359192","2013-11-01","","https://www.post.japanpost.jp/kitte_hagaki/stamp/fuke//detail.php?id=520","https://www.post.japanpost.jp/kitte_hagaki/stamp/preview/img/fuke/./2_20131022190611_thum.JPG"
"521","今泉郵便局","静岡県","〒417-0001 静岡県富士市今泉3－13－14","静岡県富士市今泉3－13－14","35.166336","138.697845","2013-11-11","","https://www.post.japanpost.jp/kitte_hagaki/stamp/fuke//detail.php?id=521","https://www.post.japanpost.jp/kitte_hagaki/stamp/preview/img/fuke/./8_20131030150054_thum.JPG"
"522","富士宮富士根郵便局","静岡県","〒418-0022 静岡県富士宮市小泉225-1","静岡県富士宮市小泉225-1","35.210648","138.634888","2013-11-11","","https://www.post.japanpost.jp/kitte_hagaki/stamp/fuke//detail.php?id=522","https://www.post.japanpost.jp/kitte_hagaki/stamp/preview/img/fuke/./8_20180314100758_thum.JPG"
"523","富士富士見台郵便局","静岡県","〒417-0851 静岡県富士市富士見台6丁目3番14号","静岡県富士市富士見台6丁目3番14号","35.18243","138.713104","2013-11-11","","https://www.post.japanpost.jp/kitte_hagaki/stamp/fuke//detail.php?id=523","https://www.post.japanpost.jp/kitte_hagaki/stamp/preview/img/fuke/./8_20131030171935_thum.JPG"
"524","広見郵便局","静岡県","〒417-0864 静岡県富士市広見本町3-3","静岡県富士市広見本町3-3","35.18623","138.685898","2013-11-11","","https://www.post.japanpost.jp/kitte_hagaki/stamp/fuke//detail.php?id=524","https://www.post.japanpost.jp/kitte_hagaki/stamp/preview/img/fuke/./8_20180313203358_thum.JPG"
"526","赤穂忠臣蔵郵便局","兵庫県","〒678-0234 兵庫県赤穂市加里屋南5-3","兵庫県赤穂市加里屋南5-3","34.750565","134.389633","2013-12-09","","https://www.post.japanpost.jp/kitte_hagaki/stamp/fuke//detail.php?id=526","https://www.post.japanpost.jp/kitte_hagaki/stamp/preview/img/fuke/./9_20131125170631_thum.JPG"
"529","小倉中島郵便局","福岡県","〒802-0076 福岡県北九州市小倉北区中島1-11-18","福岡県北九州市小倉北区中島1-11-18","33.877872","130.876892","2014-01-14","","https://www.post.japanpost.jp/kitte_hagaki/stamp/fuke//detail.php?id=529","https://www.post.japanpost.jp/kitte_hagaki/stamp/preview/img/fuke/./12_20131226184831_thum.JPG"
"531","渋谷郵便局","東京都","〒150-8799 東京都渋谷区渋谷1－12－13","東京都渋谷区渋谷1－12－13","35.659988","139.704376","2014-01-23","","https://www.post.japanpost.jp/kitte_hagaki/stamp/fuke//detail.php?id=531","https://www.post.japanpost.jp/kitte_hagaki/stamp/preview/img/fuke/./5_20140107182445_thum.JPG"
"532","豊中郵便局 大阪国際空港内分室","大阪府","〒560-0036 大阪府豊中市蛍池西町3-555","大阪府豊中市蛍池西町3-555","34.787849","135.444946","2014-01-18","","https://www.post.japanpost.jp/kitte_hagaki/stamp/fuke//detail.php?id=532","https://www.post.japanpost.jp/kitte_hagaki/stamp/preview/img/fuke/./9_20140110171233_thum.JPG"
"533","東御郵便局","長野県","〒389-0599 長野県東御市田中103-6","長野県東御市田中103-6","36.355637","138.330734","2014-02-03","","https://www.post.japanpost.jp/kitte_hagaki/stamp/fuke//detail.php?id=533","https://www.post.japanpost.jp/kitte_hagaki/stamp/preview/img/fuke/./6_20140115095413_thum.JPG"
"536","関尻郵便局","千葉県","〒299-1799 千葉県富津市関尻464","千葉県富津市関尻464","35.220062","139.923874","2014-02-20","","https://www.post.japanpost.jp/kitte_hagaki/stamp/fuke//detail.php?id=536","https://www.post.japanpost.jp/kitte_hagaki/stamp/preview/img/fuke/./3_20140131131215_thum.jpg"
"539","金閣寺郵便局","京都府","〒603-8376 京都府京都市北区衣笠北天神森町32","京都府京都市北区衣笠北天神森町32","35.038605","135.732849","2014-02-17","","https://www.post.japanpost.jp/kitte_hagaki/stamp/fuke//detail.php?id=539","https://www.post.japanpost.jp/kitte_hagaki/stamp/preview/img/fuke/./9_20140204105939_thum.JPG"
"541","愛野郵便局","長崎県","〒854-0302 長崎県雲仙市愛野町乙600－2","長崎県雲仙市愛野町乙600－2","32.80624","130.1521","2014-03-03","","https://www.post.japanpost.jp/kitte_hagaki/stamp/fuke//detail.php?id=541","https://www.post.japanpost.jp/kitte_hagaki/stamp/preview/img/fuke/./12_20140219092229_thum.JPG"
"543","名古屋末盛郵便局","愛知県","〒464-0057 愛知県名古屋市千種区法王町2丁目5番地","愛知県名古屋市千種区法王町2丁目5番地","35.169563","136.956253","2014-03-03","","https://www.post.japanpost.jp/kitte_hagaki/stamp/fuke//detail.php?id=543","https://www.post.japanpost.jp/kitte_hagaki/stamp/preview/img/fuke/./8_20140221142559_thum.JPG"
"544","富士宮城北郵便局","静岡県","〒418-0062 静岡県富士宮市城北町18","静岡県富士宮市城北町18","35.235657","138.615845","2014-03-17","","https://www.post.japanpost.jp/kitte_hagaki/stamp/fuke//detail.php?id=544","https://www.post.japanpost.jp/kitte_hagaki/stamp/preview/img/fuke/./8_20140221143026_thum.JPG"
"545","仙台東二番丁郵便局","宮城県","〒980-0811 宮城県仙台市青葉区一番町1－1－34","宮城県仙台市青葉区一番町1－1－34","38.258347","140.874878","2014-03-11","","https://www.post.japanpost.jp/kitte_hagaki/stamp/fuke//detail.php?id=545","https://www.post.japanpost.jp/kitte_hagaki/stamp/preview/img/fuke/./2_20140304201550_thum.JPG"
"547","高岡駅前郵便局","富山県","〒933-0021 富山県高岡市下関町2-23-1","富山県高岡市下関町2-23-1","36.742943","137.016449","2014-04-01","","https://www.post.japanpost.jp/kitte_hagaki/stamp/fuke//detail.php?id=547","https://www.post.japanpost.jp/kitte_hagaki/stamp/preview/img/fuke/./7_20140313145441_thum.JPG"
"549","浜松新都田郵便局","静岡県","〒431-2103 静岡県浜松市北区新都田2丁目32番1号","静岡県浜松市北区新都田2丁目32番1号","34.815315","137.741562","2014-03-24","","https://www.post.japanpost.jp/kitte_hagaki/stamp/fuke//detail.php?id=549","https://www.post.japanpost.jp/kitte_hagaki/stamp/preview/img/fuke/./8_20140313183751_thum.JPG"
"550","男木島郵便局","香川県","〒760-0091 香川県高松市男木町143","香川県高松市男木町143","34.425056","134.059967","2014-04-01","","https://www.post.japanpost.jp/kitte_hagaki/stamp/fuke//detail.php?id=550","https://www.post.japanpost.jp/kitte_hagaki/stamp/preview/img/fuke/./11_20140317140019_thum.JPG"
"551","滋野郵便局","長野県","〒389-0512 長野県東御市滋野乙512-9","長野県東御市滋野乙512-9","36.346092","138.365326","2014-04-01","","https://www.post.japanpost.jp/kitte_hagaki/stamp/fuke//detail.php?id=551","https://www.post.japanpost.jp/kitte_hagaki/stamp/preview/img/fuke/./6_20140318193024_thum.JPG"
"552","和郵便局","長野県","〒389-0505 長野県東御市和2621-12","長野県東御市和2621-12","36.379093","138.319809","2014-04-01","","https://www.post.japanpost.jp/kitte_hagaki/stamp/fuke//detail.php?id=552","https://www.post.japanpost.jp/kitte_hagaki/stamp/preview/img/fuke/./6_20140318193425_thum.JPG"
"555","米沢通町郵便局","山形県","〒992-0025 山形県米沢市通町6－10－34","山形県米沢市通町6－10－34","37.894585","140.125443","2014-04-01","","https://www.post.japanpost.jp/kitte_hagaki/stamp/fuke//detail.php?id=555","https://www.post.japanpost.jp/kitte_hagaki/stamp/preview/img/fuke/./2_20140328175356_thum.JPG"
"557","広島県庁内郵便局","広島県","〒730-0011 広島県広島市中区基町10－52","広島県広島市中区基町10－52","34.396599","132.458328","2014-04-14","","https://www.post.japanpost.jp/kitte_hagaki/stamp/fuke//detail.php?id=557","https://www.post.japanpost.jp/kitte_hagaki/stamp/preview/img/fuke/./10_20140328132931_thum.jpg"
"559","学文路郵便局","和歌山県","〒648-0043 和歌山県橋本市学文路704","和歌山県橋本市学文路704","34.297802","135.581558","2014-04-28","","https://www.post.japanpost.jp/kitte_hagaki/stamp/fuke//detail.php?id=559","https://www.post.japanpost.jp/kitte_hagaki/stamp/preview/img/fuke/./9_20140414151434_thum.JPG"
"562","竹田郵便局","兵庫県","〒669-5252 兵庫県朝来市和田山町竹田30-4","兵庫県朝来市和田山町竹田30-4","35.290535","134.841171","2014-05-30","","https://www.post.japanpost.jp/kitte_hagaki/stamp/fuke//detail.php?id=562","https://www.post.japanpost.jp/kitte_hagaki/stamp/preview/img/fuke/./9_20140519140725_thum.JPG"
"564","阿倍野郵便局","大阪府","〒545-8799 大阪府大阪市阿倍野区阪南町1-47-16","大阪府大阪市阿倍野区阪南町1-47-16","34.633968","135.515701","2014-05-30","","https://www.post.japanpost.jp/kitte_hagaki/stamp/fuke//detail.php?id=564","https://www.post.japanpost.jp/kitte_hagaki/stamp/preview/img/fuke/./9_20140519172605_thum.JPG"
"565","阿倍野苗代田郵便局","大阪府","〒545-0021 大阪府大阪市阿倍野区阪南町1-12-31","大阪府大阪市阿倍野区阪南町1-12-31","34.638279","135.515625","2014-05-30","","https://www.post.japanpost.jp/kitte_hagaki/stamp/fuke//detail.php?id=565","https://www.post.japanpost.jp/kitte_hagaki/stamp/preview/img/fuke/./9_20140519172921_thum.JPG"
"566","阿倍野阪南郵便局","大阪府","〒545-0021 大阪府大阪市阿倍野区阪南町5-25-22","大阪府大阪市阿倍野区阪南町5-25-22","34.62178","135.511917","2014-05-30","","https://www.post.japanpost.jp/kitte_hagaki/stamp/fuke//detail.php?id=566","https://www.post.japanpost.jp/kitte_hagaki/stamp/preview/img/fuke/./9_20140519173146_thum.JPG"
"567","阿倍野長池郵便局","大阪府","〒545-0013 大阪府大阪市阿倍野区長池町8-1","大阪府大阪市阿倍野区長池町8-1","34.625553","135.519257","2014-05-30","","https://www.post.japanpost.jp/kitte_hagaki/stamp/fuke//detail.php?id=567","https://www.post.japanpost.jp/kitte_hagaki/stamp/preview/img/fuke/./9_20140519174036_thum.JPG"
"568","阿倍野王子郵便局","大阪府","〒545-0023 大阪府大阪市阿倍野区王子町4-2-24","大阪府大阪市阿倍野区王子町4-2-24","34.627136","135.510818","2014-05-30","","https://www.post.japanpost.jp/kitte_hagaki/stamp/fuke//detail.php?id=568","https://www.post.japanpost.jp/kitte_hagaki/stamp/preview/img/fuke/./9_20140519174929_thum.JPG"
"569","阿倍野相生郵便局","大阪府","〒545-0033 大阪府大阪市阿倍野区相生通2-15-13","大阪府大阪市阿倍野区相生通2-15-13","34.629814","135.502655","2014-05-30","","https://www.post.japanpost.jp/kitte_hagaki/stamp/fuke//detail.php?id=569","https://www.post.japanpost.jp/kitte_hagaki/stamp/preview/img/fuke/./9_20140519175121_thum.JPG"
"570","阿倍野保名郵便局","大阪府","〒545-0034 大阪府大阪市阿倍野区阿倍野元町4-22","大阪府大阪市阿倍野区阿倍野元町4-22","34.632748","135.509293","2014-05-30","","https://www.post.japanpost.jp/kitte_hagaki/stamp/fuke//detail.php?id=570","https://www.post.japanpost.jp/kitte_hagaki/stamp/preview/img/fuke/./9_20140519175329_thum.JPG"
"571","阿倍野旭町郵便局","大阪府","〒545-0051 大阪府大阪市阿倍野区旭町2-1-1-161","大阪府大阪市阿倍野区旭町2-1-1-161","34.645241","135.509995","2014-05-30","","https://www.post.japanpost.jp/kitte_hagaki/stamp/fuke//detail.php?id=571","https://www.post.japanpost.jp/kitte_hagaki/stamp/preview/img/fuke/./9_20140519191639_thum.JPG"
"572","大阪阿倍野筋郵便局","大阪府","〒545-0052 大阪府大阪市阿倍野区阿倍野筋5-3-23","大阪府大阪市阿倍野区阿倍野筋5-3-23","34.638557","135.510941","2014-05-30","","https://www.post.japanpost.jp/kitte_hagaki/stamp/fuke//detail.php?id=572","https://www.post.japanpost.jp/kitte_hagaki/stamp/preview/img/fuke/./9_20140519192406_thum.JPG"
"573","あべのベルタ内郵便局","大阪府","〒545-0052 大阪府大阪市阿倍野区阿倍野筋3-10-1-100","大阪府大阪市阿倍野区阿倍野筋3-10-1-100","34.643017","135.511826","2014-05-30","","https://www.post.japanpost.jp/kitte_hagaki/stamp/fuke//detail.php?id=573","https://www.post.japanpost.jp/kitte_hagaki/stamp/preview/img/fuke/./9_20140519192558_thum.JPG"
"574","阿倍野高松郵便局","大阪府","〒545-0001 大阪府大阪市阿倍野区天王寺北1-10-9","大阪府大阪市阿倍野区天王寺北1-10-9","34.643406","135.521011","2014-05-30","","https://www.post.japanpost.jp/kitte_hagaki/stamp/fuke//detail.php?id=574","https://www.post.japanpost.jp/kitte_hagaki/stamp/preview/img/fuke/./9_20140519192753_thum.JPG"
"575","阿倍野松崎郵便局","大阪府","〒545-0053 大阪府大阪市阿倍野区松崎町2-2-12","大阪府大阪市阿倍野区松崎町2-2-12","34.643627","135.516556","2014-05-30","","https://www.post.japanpost.jp/kitte_hagaki/stamp/fuke//detail.php?id=575","https://www.post.japanpost.jp/kitte_hagaki/stamp/preview/img/fuke/./9_20140519192925_thum.JPG"
"576","阿倍野美章園郵便局","大阪府","〒545-0003 大阪府大阪市阿倍野区美章園3-2-11","大阪府大阪市阿倍野区美章園3-2-11","34.637718","135.522491","2014-05-30","","https://www.post.japanpost.jp/kitte_hagaki/stamp/fuke//detail.php?id=576","https://www.post.japanpost.jp/kitte_hagaki/stamp/preview/img/fuke/./9_20140519193059_thum.JPG"
"578","阿倍野阪南東郵便局","大阪府","〒545-0021 大阪府大阪市阿倍野区阪南町3-2-10","大阪府大阪市阿倍野区阪南町3-2-10","34.630054","135.51503","2014-05-30","","https://www.post.japanpost.jp/kitte_hagaki/stamp/fuke//detail.php?id=578","https://www.post.japanpost.jp/kitte_hagaki/stamp/preview/img/fuke/./9_20140519193408_thum.JPG"
"579","津屋崎郵便局","福岡県","〒811-3399 福岡県福津市津屋崎3丁目1－3","福岡県福津市津屋崎3丁目1－3","33.787598","130.468353","2014-06-05","","https://www.post.japanpost.jp/kitte_hagaki/stamp/fuke//detail.php?id=579","https://www.post.japanpost.jp/kitte_hagaki/stamp/preview/img/fuke/./12_20140521161436_thum.JPG"
"586","北海道庁赤れんが前郵便局","北海道","〒060-0002 北海道札幌市中央区北二条西4丁目3","北海道札幌市中央区北二条西4丁目3","43.063679","141.350494","2014-06-16","","https://www.post.japanpost.jp/kitte_hagaki/stamp/fuke//detail.php?id=586","https://www.post.japanpost.jp/kitte_hagaki/stamp/preview/img/fuke/./1_20140603150714_thum.jpg"
"589","北見郵便局","北海道","〒090-8799 北海道北見市北六条東1－1－1","北海道北見市北六条東1－1－1","43.8078","143.892853","2014-07-01","","https://www.post.japanpost.jp/kitte_hagaki/stamp/fuke//detail.php?id=589","https://www.post.japanpost.jp/kitte_hagaki/stamp/preview/img/fuke/./1_20140613140117_thum.jpg"
"591","水戸市役所前郵便局","茨城県","〒310-0805 茨城県水戸市中央2－6－7","茨城県水戸市中央2－6－7","36.366905","140.470596","2014-07-01","","https://www.post.japanpost.jp/kitte_hagaki/stamp/fuke//detail.php?id=591","https://www.post.japanpost.jp/kitte_hagaki/stamp/preview/img/fuke/./3_20140617150413_thum.jpg"
"592","落合郵便局","徳島県","〒778-0202 徳島県三好市東祖谷落合415-9","徳島県三好市東祖谷落合415-9","33.926083","133.951096","2014-07-01","","https://www.post.japanpost.jp/kitte_hagaki/stamp/fuke//detail.php?id=592","https://www.post.japanpost.jp/kitte_hagaki/stamp/preview/img/fuke/./11_20140619110911_thum.JPG"
"593","保々郵便局","三重県","〒512-1304 三重県四日市市中野町1186番地の1","三重県四日市市中野町1186番地の1","35.047859","136.559189","2014-07-01","","https://www.post.japanpost.jp/kitte_hagaki/stamp/fuke//detail.php?id=593","https://www.post.japanpost.jp/kitte_hagaki/stamp/preview/img/fuke/./8_20180314100958_thum.JPG"
"595","川西久代郵便局","兵庫県","〒666-0024 兵庫県川西市久代1-21-21","兵庫県川西市久代1-21-21","34.806496","135.411728","2014-07-10","","https://www.post.japanpost.jp/kitte_hagaki/stamp/fuke//detail.php?id=595","https://www.post.japanpost.jp/kitte_hagaki/stamp/preview/img/fuke/./9_20140623110500_thum.JPG"
"596","川西花屋敷郵便局","兵庫県","〒666-0034 兵庫県川西市寺畑2-9-11","兵庫県川西市寺畑2-9-11","34.827133","135.404251","2014-07-10","","https://www.post.japanpost.jp/kitte_hagaki/stamp/fuke//detail.php?id=596","https://www.post.japanpost.jp/kitte_hagaki/stamp/preview/img/fuke/./9_20140625183119_thum.JPG"
"597","川西美園郵便局","兵庫県","〒666-0013 兵庫県川西市美園町12-10","兵庫県川西市美園町12-10","34.834728","135.421463","2014-07-10","","https://www.post.japanpost.jp/kitte_hagaki/stamp/fuke//detail.php?id=597","https://www.post.japanpost.jp/kitte_hagaki/stamp/preview/img/fuke/./9_20140623111647_thum.JPG"
"598","川西加茂郵便局","兵庫県","〒666-0022 兵庫県川西市下加茂1-24-2","兵庫県川西市下加茂1-24-2","34.820023","135.411819","2014-07-10","","https://www.post.japanpost.jp/kitte_hagaki/stamp/fuke//detail.php?id=598","https://www.post.japanpost.jp/kitte_hagaki/stamp/preview/img/fuke/./9_20140623112009_thum.JPG"
"599","川西萩原台郵便局","兵庫県","〒666-0005 兵庫県川西市萩原台東1-275","兵庫県川西市萩原台東1-275","34.844738","135.412354","2014-07-10","","https://www.post.japanpost.jp/kitte_hagaki/stamp/fuke//detail.php?id=599","https://www.post.japanpost.jp/kitte_hagaki/stamp/preview/img/fuke/./9_20140623112329_thum.JPG"
"600","川西加茂二郵便局","兵庫県","〒666-0025 兵庫県川西市加茂2-6-21","兵庫県川西市加茂2-6-21","34.818535","135.403992","2014-07-10","","https://www.post.japanpost.jp/kitte_hagaki/stamp/fuke//detail.php?id=600","https://www.post.japanpost.jp/kitte_hagaki/stamp/preview/img/fuke/./9_20140623112635_thum.JPG"
"601","川西小戸二郵便局","兵庫県","〒666-0014 兵庫県川西市小戸2-14-7","兵庫県川西市小戸2-14-7","34.828579","135.420486","2014-07-10","","https://www.post.japanpost.jp/kitte_hagaki/stamp/fuke//detail.php?id=601","https://www.post.japanpost.jp/kitte_hagaki/stamp/preview/img/fuke/./9_20140623113050_thum.JPG"
"602","川西清和台郵便局","兵庫県","〒666-0143 兵庫県川西市清和台西2-2-2","兵庫県川西市清和台西2-2-2","34.874134","135.384216","2014-07-10","","https://www.post.japanpost.jp/kitte_hagaki/stamp/fuke//detail.php?id=602","https://www.post.japanpost.jp/kitte_hagaki/stamp/preview/img/fuke/./9_20140623113343_thum.JPG"
"603","川西けやき坂郵便局","兵庫県","〒666-0145 兵庫県川西市けやき坂2-62-14","兵庫県川西市けやき坂2-62-14","34.860168","135.381348","2014-07-10","","https://www.post.japanpost.jp/kitte_hagaki/stamp/fuke//detail.php?id=603","https://www.post.japanpost.jp/kitte_hagaki/stamp/preview/img/fuke/./9_20140623113815_thum.JPG"
"604","長柄郵便局","群馬県","〒370-0615 群馬県邑楽郡邑楽町篠塚1287－1","群馬県邑楽郡邑楽町篠塚1287－1","36.239182","139.456726","2014-07-07","","https://www.post.japanpost.jp/kitte_hagaki/stamp/fuke//detail.php?id=604","https://www.post.japanpost.jp/kitte_hagaki/stamp/preview/img/fuke/./3_20140623182207_thum.jpg"
"605","秋田明田郵便局","秋田県","〒010-0041 秋田県秋田県秋田市広面野添130－4","秋田県秋田県秋田市広面野添130－4","39.719959","140.103516","2014-07-25","","https://www.post.japanpost.jp/kitte_hagaki/stamp/fuke//detail.php?id=605","https://www.post.japanpost.jp/kitte_hagaki/stamp/preview/img/fuke/./2_20140711114742_thum.JPG"
"606","西大寺中郵便局","岡山県","〒704-8116 岡山県岡山市東区西大寺中3－15－1","岡山県岡山市東区西大寺中3－15－1","34.655529","134.036484","2014-08-01","","https://www.post.japanpost.jp/kitte_hagaki/stamp/fuke//detail.php?id=606","https://www.post.japanpost.jp/kitte_hagaki/stamp/preview/img/fuke/./10_20140715143454_thum.jpg"
"608","名古屋福徳郵便局","愛知県","〒462-0053 愛知県名古屋市北区光音寺町野方1918番地の75","愛知県名古屋市北区光音寺町野方1918番地の75","35.211487","136.905853","2014-08-22","","https://www.post.japanpost.jp/kitte_hagaki/stamp/fuke//detail.php?id=608","https://www.post.japanpost.jp/kitte_hagaki/stamp/preview/img/fuke/./8_20140808172944_thum.JPG"
"611","大阪国際郵便局","大阪府","〒549-8799 大阪府泉南市泉州空港南1番地","大阪府泉南市泉州空港南1番地","34.427418","135.228455","2014-10-01","","https://www.post.japanpost.jp/kitte_hagaki/stamp/fuke//detail.php?id=611","https://www.post.japanpost.jp/kitte_hagaki/stamp/preview/img/fuke/./9_20140828181544_thum.JPG"
"613","大宮JPビル郵便局","埼玉県","〒330-0854 埼玉県さいたま市大宮区桜木町1－11－20","埼玉県さいたま市大宮区桜木町1－11－20","35.903679","139.619308","2014-09-16","","https://www.post.japanpost.jp/kitte_hagaki/stamp/fuke//detail.php?id=613","https://www.post.japanpost.jp/kitte_hagaki/stamp/preview/img/fuke/./3_20140901231025_thum.jpg"
"616","旭山動物園前郵便局","北海道","〒078-8203 北海道旭川市東旭川町日ノ出273","北海道旭川市東旭川町日ノ出273","43.764481","142.469299","2014-10-01","","https://www.post.japanpost.jp/kitte_hagaki/stamp/fuke//detail.php?id=616","https://www.post.japanpost.jp/kitte_hagaki/stamp/preview/img/fuke/./1_20140916181356_thum.jpg"
"617","野田沢郵便局","長野県","〒389-2703 長野県下水内郡栄村大字堺5416‐6","長野県下水内郡栄村大字堺5416‐6","36.858234","138.610001","2014-10-01","","https://www.post.japanpost.jp/kitte_hagaki/stamp/fuke//detail.php?id=617","https://www.post.japanpost.jp/kitte_hagaki/stamp/preview/img/fuke/./6_20140924133803_thum.JPG"
"618","平滝郵便局","長野県","〒389-2701 長野県下水内郡栄村大字豊栄2229‐4","長野県下水内郡栄村大字豊栄2229‐4","37.004204","138.527618","2014-10-01","","https://www.post.japanpost.jp/kitte_hagaki/stamp/fuke//detail.php?id=618","https://www.post.japanpost.jp/kitte_hagaki/stamp/preview/img/fuke/./6_20140924134555_thum.JPG"
"619","堺郵便局","長野県","〒389-2703 長野県下水内郡栄村大字堺16898‐1","長野県下水内郡栄村大字堺16898‐1","36.858234","138.610001","2014-10-01","","https://www.post.japanpost.jp/kitte_hagaki/stamp/fuke//detail.php?id=619","https://www.post.japanpost.jp/kitte_hagaki/stamp/preview/img/fuke/./6_20140924135339_thum.JPG"
"620","大割野郵便局","新潟県","〒949-8299 新潟県中魚沼郡津南町下船渡戊460‐1","新潟県中魚沼郡津南町下船渡戊460‐1","37.026825","138.672546","2014-10-01","","https://www.post.japanpost.jp/kitte_hagaki/stamp/fuke//detail.php?id=620","https://www.post.japanpost.jp/kitte_hagaki/stamp/preview/img/fuke/./6_20140924140202_thum.JPG"
"621","下船渡郵便局","新潟県","〒949-8201 新潟県中魚沼郡津南町下船渡甲3959‐2","新潟県中魚沼郡津南町下船渡甲3959‐2","37.026825","138.672546","2014-10-01","","https://www.post.japanpost.jp/kitte_hagaki/stamp/fuke//detail.php?id=621","https://www.post.japanpost.jp/kitte_hagaki/stamp/preview/img/fuke/./6_20140924140513_thum.JPG"
"622","宮野原郵便局","新潟県","〒949-8125 新潟県中魚沼郡津南町上郷宮野原10‐2","新潟県中魚沼郡津南町上郷宮野原10‐2","36.959049","138.594101","2014-10-01","","https://www.post.japanpost.jp/kitte_hagaki/stamp/fuke//detail.php?id=622","https://www.post.japanpost.jp/kitte_hagaki/stamp/preview/img/fuke/./6_20140924160441_thum.JPG"
"623","秋成郵便局","新潟県","〒949-8311 新潟県中魚沼郡津南町中深見甲5650‐3","新潟県中魚沼郡津南町中深見甲5650‐3","36.978489","138.698502","2014-10-01","","https://www.post.japanpost.jp/kitte_hagaki/stamp/fuke//detail.php?id=623","https://www.post.japanpost.jp/kitte_hagaki/stamp/preview/img/fuke/./6_20140924161329_thum.JPG"
"624","芦ヶ崎郵便局","新潟県","〒949-8204 新潟県中魚沼郡津南町谷内2090‐13","新潟県中魚沼郡津南町谷内2090‐13","36.970757","138.627487","2014-10-01","","https://www.post.japanpost.jp/kitte_hagaki/stamp/fuke//detail.php?id=624","https://www.post.japanpost.jp/kitte_hagaki/stamp/preview/img/fuke/./6_20140924161634_thum.JPG"
"625","外丸郵便局","新潟県","〒949-8206 新潟県中魚沼郡津南町外丸丙1084‐2","新潟県中魚沼郡津南町外丸丙1084‐2","37.030327","138.638916","2014-10-01","","https://www.post.japanpost.jp/kitte_hagaki/stamp/fuke//detail.php?id=625","https://www.post.japanpost.jp/kitte_hagaki/stamp/preview/img/fuke/./6_20140924161853_thum.JPG"
"635","羽生郵便局","福井県","〒910-2334 福井県福井市大宮町27-18","福井県福井市大宮町27-18","36.002537","136.414719","2014-12-01","","https://www.post.japanpost.jp/kitte_hagaki/stamp/fuke//detail.php?id=635","https://www.post.japanpost.jp/kitte_hagaki/stamp/preview/img/fuke/./7_20141112104100_thum.JPG"
"636","小松島横須郵便局","徳島県","〒773-0006 徳島県小松島市横須町15-41","徳島県小松島市横須町15-41","33.997971","134.599167","2014-12-01","","https://www.post.japanpost.jp/kitte_hagaki/stamp/fuke//detail.php?id=636","https://www.post.japanpost.jp/kitte_hagaki/stamp/preview/img/fuke/./11_20141112145606_thum.JPG"
"637","榛名簡易郵便局","群馬県","〒370-3341 群馬県高崎市榛名山町122","群馬県高崎市榛名山町122","36.449768","138.840225","2014-12-15","","https://www.post.japanpost.jp/kitte_hagaki/stamp/fuke//detail.php?id=637","https://www.post.japanpost.jp/kitte_hagaki/stamp/preview/img/fuke/./3_20141201152007_thum.jpg"
"640","本所一郵便局","東京都","〒130-0004 東京都墨田区本所1-25-7","東京都墨田区本所1-25-7","35.704018","139.799835","2015-01-19","","https://www.post.japanpost.jp/kitte_hagaki/stamp/fuke//detail.php?id=640","https://www.post.japanpost.jp/kitte_hagaki/stamp/preview/img/fuke/./5_20150109192151_thum.JPG"
"641","竹岡郵便局","千葉県","〒299-1621 千葉県富津市竹岡667","千葉県富津市竹岡667","35.187023","139.866516","2015-02-02","","https://www.post.japanpost.jp/kitte_hagaki/stamp/fuke//detail.php?id=641","https://www.post.japanpost.jp/kitte_hagaki/stamp/preview/img/fuke/./3_20150116120714_thum.jpg"
"645","札幌駅パセオ郵便局","北海道","〒060-0806 北海道札幌市北区北六条西2－1（パセオ内）","北海道札幌市北区北六条西2－1（パセオ内）","43.069271","141.352463","2015-02-20","","https://www.post.japanpost.jp/kitte_hagaki/stamp/fuke//detail.php?id=645","https://www.post.japanpost.jp/kitte_hagaki/stamp/preview/img/fuke/./1_20150209104027_thum.jpg"
"647","高松レインボーロード郵便局","香川県","〒760-0079 香川県高松市松縄町1066-1","香川県高松市松縄町1066-1","34.319691","134.062958","2015-03-09","","https://www.post.japanpost.jp/kitte_hagaki/stamp/fuke//detail.php?id=647","https://www.post.japanpost.jp/kitte_hagaki/stamp/preview/img/fuke/./11_20150219182938_thum.JPG"
"648","羽前広野郵便局","山形県","〒998-0125 山形県山形県酒田市広野字下通204","山形県山形県酒田市広野字下通204","38.255459","140.339767","2015-03-02","","https://www.post.japanpost.jp/kitte_hagaki/stamp/fuke//detail.php?id=648","https://www.post.japanpost.jp/kitte_hagaki/stamp/preview/img/fuke/./2_20150220183028_thum.jpg"
"650","茂原大芝郵便局","千葉県","〒297-0033 千葉県茂原市大芝382－6","千葉県茂原市大芝382－6","35.409851","140.316208","2015-03-16","","https://www.post.japanpost.jp/kitte_hagaki/stamp/fuke//detail.php?id=650","https://www.post.japanpost.jp/kitte_hagaki/stamp/preview/img/fuke/./3_20150223110924_thum.jpg"
"653","姫路郵便局","兵庫県","〒670-8799 兵庫県姫路市総社本町210番地","兵庫県姫路市総社本町210番地","34.83408","134.696609","2015-03-27","","https://www.post.japanpost.jp/kitte_hagaki/stamp/fuke//detail.php?id=653","https://www.post.japanpost.jp/kitte_hagaki/stamp/preview/img/fuke/./9_20150303183006_thum.jpg"
"655","名古屋吉根郵便局","愛知県","〒463-0004 愛知県名古屋市守山区吉根2-2612","愛知県名古屋市守山区吉根2-2612","35.236458","137.002487","2015-03-16","","https://www.post.japanpost.jp/kitte_hagaki/stamp/fuke//detail.php?id=655","https://www.post.japanpost.jp/kitte_hagaki/stamp/preview/img/fuke/./8_20150304161813_thum.jpg"
"656","神奈川郵便局","神奈川県","〒221-8799 神奈川県横浜市神奈川区新浦島町2－1－10","神奈川県横浜市神奈川区新浦島町2－1－10","35.478775","139.642441","2015-03-23","","https://www.post.japanpost.jp/kitte_hagaki/stamp/fuke//detail.php?id=656","https://www.post.japanpost.jp/kitte_hagaki/stamp/preview/img/fuke/./4_20150310115543_thum.jpg"
"660","加須郵便局","埼玉県","〒347-8799 埼玉県加須市上三俣2309","埼玉県加須市上三俣2309","36.135155","139.603241","2015-03-23","","https://www.post.japanpost.jp/kitte_hagaki/stamp/fuke//detail.php?id=660","https://www.post.japanpost.jp/kitte_hagaki/stamp/preview/img/fuke/./3_20150310101158_thum.jpg"
"662","江崎郵便局","山口県","〒759-3112 山口県萩市下田万1088－2","山口県萩市下田万1088－2","34.648438","131.676773","2015-04-01","","https://www.post.japanpost.jp/kitte_hagaki/stamp/fuke//detail.php?id=662","https://www.post.japanpost.jp/kitte_hagaki/stamp/preview/img/fuke/./10_20150310142501_thum.jpg"
"663","恵庭駅前郵便局","北海道","〒061-1448 北海道恵庭市相生町2－1","北海道恵庭市相生町2－1","42.881809","141.586609","2015-03-23","","https://www.post.japanpost.jp/kitte_hagaki/stamp/fuke//detail.php?id=663","https://www.post.japanpost.jp/kitte_hagaki/stamp/preview/img/fuke/./1_20150312105629_thum.jpg"
"664","珸瑤瑁郵便局","北海道","〒087-0164 北海道根室市珸瑤瑁1丁目43番地1","北海道根室市珸瑤瑁1丁目43番地1","43.372448","145.774994","2015-03-30","","https://www.post.japanpost.jp/kitte_hagaki/stamp/fuke//detail.php?id=664","https://www.post.japanpost.jp/kitte_hagaki/stamp/preview/img/fuke/./1_20150312110125_thum.jpg"
"665","函館石川郵便局","北海道","〒041-0802 北海道函館市石川町461－37","北海道函館市石川町461－37","41.835342","140.743637","2015-04-01","","https://www.post.japanpost.jp/kitte_hagaki/stamp/fuke//detail.php?id=665","https://www.post.japanpost.jp/kitte_hagaki/stamp/preview/img/fuke/./1_20150312110514_thum.jpg"
"667","礼文香深郵便局","北海道","〒097-1299 北海道礼文郡礼文町大字香深村字トンナイ40－1","北海道礼文郡礼文町大字香深村字トンナイ40－1","45.334026","141.031708","2015-04-20","","https://www.post.japanpost.jp/kitte_hagaki/stamp/fuke//detail.php?id=667","https://www.post.japanpost.jp/kitte_hagaki/stamp/preview/img/fuke/./1_20150409140440_thum.jpg"
"668","利尻くつがた郵便局","北海道","〒097-0499 北海道利尻郡利尻町沓形字本町29","北海道利尻郡利尻町沓形字本町29","45.187523","141.148819","2015-04-20","","https://www.post.japanpost.jp/kitte_hagaki/stamp/fuke//detail.php?id=668","https://www.post.japanpost.jp/kitte_hagaki/stamp/preview/img/fuke/./1_20150409140644_thum.jpg"
"669","利尻おしどまり郵便局","北海道","〒097-0199 北海道利尻郡利尻富士町鴛泊字本町89－7","北海道利尻郡利尻富士町鴛泊字本町89－7","45.222095","141.219864","2015-04-20","","https://www.post.japanpost.jp/kitte_hagaki/stamp/fuke//detail.php?id=669","https://www.post.japanpost.jp/kitte_hagaki/stamp/preview/img/fuke/./1_20150409141026_thum.jpg"
"670","西大寺大宮郵便局","岡山県","〒704-8141 岡山県岡山市東区下阿知818-3","岡山県岡山市東区下阿知818-3","34.624165","134.098038","2015-05-01","","https://www.post.japanpost.jp/kitte_hagaki/stamp/fuke//detail.php?id=670","https://www.post.japanpost.jp/kitte_hagaki/stamp/preview/img/fuke/./10_20150422172356_thum.jpg"
"671","川上郵便局","佐賀県","〒840-0214 佐賀県佐賀市大和町川上484-1","佐賀県佐賀市大和町川上484-1","33.324707","130.267288","2015-05-11","","https://www.post.japanpost.jp/kitte_hagaki/stamp/fuke//detail.php?id=671","https://www.post.japanpost.jp/kitte_hagaki/stamp/preview/img/fuke/./12_20150424181507_thum.jpg"
"673","津山大谷郵便局","岡山県","〒708-0882 岡山県津山市大谷152－1","岡山県津山市大谷152－1","35.053577","134.00322","2015-05-11","","https://www.post.japanpost.jp/kitte_hagaki/stamp/fuke//detail.php?id=673","https://www.post.japanpost.jp/kitte_hagaki/stamp/preview/img/fuke/./10_20150501113707_thum.png"
"675","本所吾妻橋駅前郵便局","東京都","〒130-0001 東京都墨田区吾妻橋2-3-13","東京都墨田区吾妻橋2-3-13","35.708725","139.80365","2015-05-25","","https://www.post.japanpost.jp/kitte_hagaki/stamp/fuke//detail.php?id=675","https://www.post.japanpost.jp/kitte_hagaki/stamp/preview/img/fuke/./5_20150508181425_thum.jpg"
"676","東松山白山台郵便局","埼玉県","〒355-0051 埼玉県東松山市白山台16－2","埼玉県東松山市白山台16－2","35.994709","139.383652","2015-06-01","","https://www.post.japanpost.jp/kitte_hagaki/stamp/fuke//detail.php?id=676","https://www.post.japanpost.jp/kitte_hagaki/stamp/preview/img/fuke/./3_20150522182855_thum.JPG"
"678","東俣郵便局","鹿児島県","〒891-1102 鹿児島県鹿児島市東俣町89－1","鹿児島県鹿児島市東俣町89－1","31.682299","130.500229","2015-06-01","","https://www.post.japanpost.jp/kitte_hagaki/stamp/fuke//detail.php?id=678","https://www.post.japanpost.jp/kitte_hagaki/stamp/preview/img/fuke/./12_20250829092657_thum.png"
"680","川井郵便局","新潟県","〒949-8723 新潟県小千谷市川井新田515-1","新潟県小千谷市川井新田515-1","37.261768","138.821198","2015-07-01","","https://www.post.japanpost.jp/kitte_hagaki/stamp/fuke//detail.php?id=680","https://www.post.japanpost.jp/kitte_hagaki/stamp/preview/img/fuke/./6_20150610170423_thum.jpg"
"682","大分駅内郵便局（旧大分金池郵便局）","大分県","〒870-0831 大分県大分市要町1-14","大分県大分市要町1-14","33.233311","131.606415","2015-06-29","","https://www.post.japanpost.jp/kitte_hagaki/stamp/fuke//detail.php?id=682","https://www.post.japanpost.jp/kitte_hagaki/stamp/preview/img/fuke/./12_20150622173803_thum.jpg"
"683","朝倉郵便局","奈良県","〒633-0017 奈良県桜井市慈恩寺24番地の1","奈良県桜井市慈恩寺24番地の1","34.518169","135.869949","2015-07-01","","https://www.post.japanpost.jp/kitte_hagaki/stamp/fuke//detail.php?id=683","https://www.post.japanpost.jp/kitte_hagaki/stamp/preview/img/fuke/./9_20150623154612_thum.jpg"
"684","砺波本町郵便局(イオンモールとなみ郵便局)","富山県","〒939-1368 富山県砺波市本町2－6","富山県砺波市本町2－6","36.638802","136.951736","2015-07-13","","https://www.post.japanpost.jp/kitte_hagaki/stamp/fuke//detail.php?id=684","https://www.post.japanpost.jp/kitte_hagaki/stamp/preview/img/fuke/./7_20150629103211_thum.jpg"
"686","岩美大谷郵便局","鳥取県","〒681-0073 鳥取県岩美郡岩美町大谷618","鳥取県岩美郡岩美町大谷618","35.573631","134.295853","2015-07-23","","https://www.post.japanpost.jp/kitte_hagaki/stamp/fuke//detail.php?id=686","https://www.post.japanpost.jp/kitte_hagaki/stamp/preview/img/fuke/./10_20150714191920_thum.jpg"
"687","岩美蒲生郵便局","鳥取県","〒681-0031 鳥取県岩美郡岩美町蒲生2127－7","鳥取県岩美郡岩美町蒲生2127－7","35.522648","134.397369","2015-07-23","","https://www.post.japanpost.jp/kitte_hagaki/stamp/fuke//detail.php?id=687","https://www.post.japanpost.jp/kitte_hagaki/stamp/preview/img/fuke/./10_20150714192349_thum.jpg"
"688","中私都郵便局","鳥取県","〒680-0311 鳥取県八頭郡八頭町市場153－5","鳥取県八頭郡八頭町市場153－5","35.41375","134.320786","2015-07-23","","https://www.post.japanpost.jp/kitte_hagaki/stamp/fuke//detail.php?id=688","https://www.post.japanpost.jp/kitte_hagaki/stamp/preview/img/fuke/./10_20150714192813_thum.jpg"
"689","鳥取若葉台郵便局","鳥取県","〒689-1112 鳥取県鳥取市若葉台南1丁目13","鳥取県鳥取市若葉台南1丁目13","35.445114","134.257446","2015-07-23","","https://www.post.japanpost.jp/kitte_hagaki/stamp/fuke//detail.php?id=689","https://www.post.japanpost.jp/kitte_hagaki/stamp/preview/img/fuke/./10_20150714193032_thum.jpg"
"690","下私都郵便局","鳥取県","〒680-0435 鳥取県八頭郡八頭町大坪72－4","鳥取県八頭郡八頭町大坪72－4","35.428886","134.282883","2015-07-23","","https://www.post.japanpost.jp/kitte_hagaki/stamp/fuke//detail.php?id=690","https://www.post.japanpost.jp/kitte_hagaki/stamp/preview/img/fuke/./10_20150714193436_thum.jpg"
"692","因幡社郵便局","鳥取県","〒689-1227 鳥取県鳥取市用瀬町安蔵1035－9","鳥取県鳥取市用瀬町安蔵1035－9","35.297935","134.17984","2015-07-23","","https://www.post.japanpost.jp/kitte_hagaki/stamp/fuke//detail.php?id=692","https://www.post.japanpost.jp/kitte_hagaki/stamp/preview/img/fuke/./10_20150714194137_thum.jpg"
"693","豊実郵便局","鳥取県","〒680-1413 鳥取県鳥取市野坂153－1","鳥取県鳥取市野坂153－1","35.483784","134.174973","2015-07-23","","https://www.post.japanpost.jp/kitte_hagaki/stamp/fuke//detail.php?id=693","https://www.post.japanpost.jp/kitte_hagaki/stamp/preview/img/fuke/./10_20150714194348_thum.jpg"
"694","散岐郵便局","鳥取県","〒680-1243 鳥取県鳥取市河原町佐貫神田757－1","鳥取県鳥取市河原町佐貫神田757－1","35.370522","134.198547","2015-07-23","","https://www.post.japanpost.jp/kitte_hagaki/stamp/fuke//detail.php?id=694","https://www.post.japanpost.jp/kitte_hagaki/stamp/preview/img/fuke/./10_20150714194625_thum.jpg"
"695","八東郵便局","鳥取県","〒680-0531 鳥取県八頭郡八頭町才代151－15","鳥取県八頭郡八頭町才代151－15","35.353195","134.313843","2015-07-23","","https://www.post.japanpost.jp/kitte_hagaki/stamp/fuke//detail.php?id=695","https://www.post.japanpost.jp/kitte_hagaki/stamp/preview/img/fuke/./10_20150714194939_thum.jpg"
"696","船岡郵便局","鳥取県","〒680-0471 鳥取県八頭郡八頭町船岡562－4","鳥取県八頭郡八頭町船岡562－4","35.391659","134.247177","2015-07-23","","https://www.post.japanpost.jp/kitte_hagaki/stamp/fuke//detail.php?id=696","https://www.post.japanpost.jp/kitte_hagaki/stamp/preview/img/fuke/./10_20150714195205_thum.jpg"
"697","神戸郵便局","鳥取県","〒680-1155 鳥取県鳥取市中砂見287－1","鳥取県鳥取市中砂見287－1","35.412842","134.158386","2015-07-23","","https://www.post.japanpost.jp/kitte_hagaki/stamp/fuke//detail.php?id=697","https://www.post.japanpost.jp/kitte_hagaki/stamp/preview/img/fuke/./10_20150714195448_thum.jpg"
"698","岩美院内郵便局","鳥取県","〒681-0054 鳥取県岩美郡岩美町院内549－6","鳥取県岩美郡岩美町院内549－6","35.528904","134.346558","2015-07-23","","https://www.post.japanpost.jp/kitte_hagaki/stamp/fuke//detail.php?id=698","https://www.post.japanpost.jp/kitte_hagaki/stamp/preview/img/fuke/./10_20150714195733_thum.jpg"
"699","鳥取大正郵便局","鳥取県","〒680-0921 鳥取県鳥取市古海748－6","鳥取県鳥取市古海748－6","35.500637","134.209595","2015-07-23","","https://www.post.japanpost.jp/kitte_hagaki/stamp/fuke//detail.php?id=699","https://www.post.japanpost.jp/kitte_hagaki/stamp/preview/img/fuke/./10_20150714200134_thum.jpg"
"700","鳥取富安郵便局","鳥取県","〒680-0845 鳥取県鳥取市富安1丁目217－2","鳥取県鳥取市富安1丁目217－2","35.491131","134.223282","2015-07-23","","https://www.post.japanpost.jp/kitte_hagaki/stamp/fuke//detail.php?id=700","https://www.post.japanpost.jp/kitte_hagaki/stamp/preview/img/fuke/./10_20150714200721_thum.jpg"
"701","河原郵便局","鳥取県","〒680-1299 鳥取県鳥取市河原町河原78－8","鳥取県鳥取市河原町河原78－8","35.40987","134.200928","2015-07-23","","https://www.post.japanpost.jp/kitte_hagaki/stamp/fuke//detail.php?id=701","https://www.post.japanpost.jp/kitte_hagaki/stamp/preview/img/fuke/./10_20150714200934_thum.jpg"
"702","鳥取立川郵便局","鳥取県","〒680-0061 鳥取県鳥取市立川町3丁目405","鳥取県鳥取市立川町3丁目405","35.491493","134.245148","2015-07-23","","https://www.post.japanpost.jp/kitte_hagaki/stamp/fuke//detail.php?id=702","https://www.post.japanpost.jp/kitte_hagaki/stamp/preview/img/fuke/./10_20150714201244_thum.jpg"
"703","鳥取本町郵便局","鳥取県","〒680-0031 鳥取県鳥取市本町3－201","鳥取県鳥取市本町3－201","35.502487","134.230637","2015-07-23","","https://www.post.japanpost.jp/kitte_hagaki/stamp/fuke//detail.php?id=703","https://www.post.japanpost.jp/kitte_hagaki/stamp/preview/img/fuke/./10_20150714202005_thum.jpg"
"704","鳥取瓦町郵便局","鳥取県","〒680-0821 鳥取県鳥取市瓦町652－1","鳥取県鳥取市瓦町652－1","35.499069","134.226273","2015-07-23","","https://www.post.japanpost.jp/kitte_hagaki/stamp/fuke//detail.php?id=704","https://www.post.japanpost.jp/kitte_hagaki/stamp/preview/img/fuke/./10_20150714202310_thum.jpg"
"705","末恒郵便局","鳥取県","〒689-0201 鳥取県鳥取市伏野駅前2381－2","鳥取県鳥取市伏野駅前2381－2","35.515114","134.123123","2015-07-23","","https://www.post.japanpost.jp/kitte_hagaki/stamp/fuke//detail.php?id=705","https://www.post.japanpost.jp/kitte_hagaki/stamp/preview/img/fuke/./10_20150714202710_thum.jpg"
"706","智頭郵便局","鳥取県","〒689-1499 鳥取県八頭郡智頭町智頭京免1539－1","鳥取県八頭郡智頭町智頭京免1539－1","35.267532","134.23941","2015-07-23","","https://www.post.japanpost.jp/kitte_hagaki/stamp/fuke//detail.php?id=706","https://www.post.japanpost.jp/kitte_hagaki/stamp/preview/img/fuke/./10_20150714203026_thum.jpg"
"707","山形郵便局","鳥取県","〒689-1415 鳥取県八頭郡智頭町郷原151－5","鳥取県八頭郡智頭町郷原151－5","35.264816","134.273788","2015-07-23","","https://www.post.japanpost.jp/kitte_hagaki/stamp/fuke//detail.php?id=707","https://www.post.japanpost.jp/kitte_hagaki/stamp/preview/img/fuke/./10_20150714203245_thum.jpg"
"708","頓原郵便局","島根県","〒690-3299 島根県飯石郡飯南町頓原2082－8","島根県飯石郡飯南町頓原2082－8","35.078865","132.812561","2015-07-31","","https://www.post.japanpost.jp/kitte_hagaki/stamp/fuke//detail.php?id=708","https://www.post.japanpost.jp/kitte_hagaki/stamp/preview/img/fuke/./10_20150715094016_thum.jpg"
"709","猿和田郵便局","新潟県","〒959-1631 新潟県五泉市猿和田453-4","新潟県五泉市猿和田453-4","37.731441","139.2285","2015-08-03","","https://www.post.japanpost.jp/kitte_hagaki/stamp/fuke//detail.php?id=709","https://www.post.japanpost.jp/kitte_hagaki/stamp/preview/img/fuke/./6_20150715115215_thum.jpg"
"710","千田郵便局","新潟県","〒947-0041 新潟県小千谷市小粟田1031-1","新潟県小千谷市小粟田1031-1","37.335033","138.793579","2015-08-03","","https://www.post.japanpost.jp/kitte_hagaki/stamp/fuke//detail.php?id=710","https://www.post.japanpost.jp/kitte_hagaki/stamp/preview/img/fuke/./6_20150715120408_thum.jpg"
"711","桐生本町二郵便局","群馬県","〒376-0031 群馬県桐生市本町2-1-8","群馬県桐生市本町2-1-8","36.418159","139.343796","2015-08-01","","https://www.post.japanpost.jp/kitte_hagaki/stamp/fuke//detail.php?id=711","https://www.post.japanpost.jp/kitte_hagaki/stamp/preview/img/fuke/./3_20150721140156_thum.JPG"
"712","真人郵便局","新潟県","〒949-8726 新潟県小千谷市真人町甲657-14","新潟県小千谷市真人町甲657-14","37.240639","138.755798","2015-09-01","","https://www.post.japanpost.jp/kitte_hagaki/stamp/fuke//detail.php?id=712","https://www.post.japanpost.jp/kitte_hagaki/stamp/preview/img/fuke/./6_20150811162614_thum.jpg"
"714","初狩郵便局","山梨県","〒401-0021 山梨県大月市初狩町下初狩3388－3","山梨県大月市初狩町下初狩3388－3","35.603546","138.885437","2015-09-01","","https://www.post.japanpost.jp/kitte_hagaki/stamp/fuke//detail.php?id=714","https://www.post.japanpost.jp/kitte_hagaki/stamp/preview/img/fuke/./4_20150817104017_thum.png"
"715","新庄郵便局","山形県","〒996-8799 山形県山形県新庄市小田島町4-18","山形県山形県新庄市小田島町4-18","38.255459","140.339767","2015-08-24","","https://www.post.japanpost.jp/kitte_hagaki/stamp/fuke//detail.php?id=715","https://www.post.japanpost.jp/kitte_hagaki/stamp/preview/img/fuke/./2_20150817113134_thum.jpg"
"716","新庄金沢町郵便局","山形県","〒996-0032 山形県山形県新庄市上金沢町3-19","山形県山形県新庄市上金沢町3-19","38.255459","140.339767","2015-08-24","","https://www.post.japanpost.jp/kitte_hagaki/stamp/fuke//detail.php?id=716","https://www.post.japanpost.jp/kitte_hagaki/stamp/preview/img/fuke/./2_20150817113651_thum.jpg"
"717","新庄駅前郵便局","山形県","〒996-0023 山形県山形県新庄市沖の町4-39","山形県山形県新庄市沖の町4-39","38.255459","140.339767","2015-08-24","","https://www.post.japanpost.jp/kitte_hagaki/stamp/fuke//detail.php?id=717","https://www.post.japanpost.jp/kitte_hagaki/stamp/preview/img/fuke/./2_20150817113918_thum.jpg"
"718","新庄大町郵便局","山形県","〒996-0026 山形県山形県新庄市大町17-5","山形県山形県新庄市大町17-5","38.255459","140.339767","2015-08-24","","https://www.post.japanpost.jp/kitte_hagaki/stamp/fuke//detail.php?id=718","https://www.post.japanpost.jp/kitte_hagaki/stamp/preview/img/fuke/./2_20150817114314_thum.jpg"
"719","新庄大手町郵便局","山形県","〒996-0084 山形県山形県新庄市大手町4-20","山形県山形県新庄市大手町4-20","38.255459","140.339767","2015-08-24","","https://www.post.japanpost.jp/kitte_hagaki/stamp/fuke//detail.php?id=719","https://www.post.japanpost.jp/kitte_hagaki/stamp/preview/img/fuke/./2_20150817114511_thum.jpg"
"720","粟生津郵便局","新潟県","〒959-0227 新潟県燕市粟生津453-6","新潟県燕市粟生津453-6","37.653374","138.872482","2015-09-01","","https://www.post.japanpost.jp/kitte_hagaki/stamp/fuke//detail.php?id=720","https://www.post.japanpost.jp/kitte_hagaki/stamp/preview/img/fuke/./6_20150817120334_thum.jpg"
"721","東山郵便局","新潟県","〒947-0212 新潟県小千谷市南荷頃2660-9","新潟県小千谷市南荷頃2660-9","37.324005","138.854507","2015-10-01","","https://www.post.japanpost.jp/kitte_hagaki/stamp/fuke//detail.php?id=721","https://www.post.japanpost.jp/kitte_hagaki/stamp/preview/img/fuke/./6_20150826143229_thum.png"
"723","荒尾万田郵便局","熊本県","〒864-0002 熊本県荒尾市万田537-6","熊本県荒尾市万田537-6","32.999382","130.440842","2015-09-07","","https://www.post.japanpost.jp/kitte_hagaki/stamp/fuke//detail.php?id=723","https://www.post.japanpost.jp/kitte_hagaki/stamp/preview/img/fuke/./12_20150828164324_thum.JPG"
"724","河合郵便局","奈良県","〒636-0051 奈良県北葛城郡河合町川合787-2","奈良県北葛城郡河合町川合787-2","34.590069","135.742706","2015-10-01","","https://www.post.japanpost.jp/kitte_hagaki/stamp/fuke//detail.php?id=724","https://www.post.japanpost.jp/kitte_hagaki/stamp/preview/img/fuke/./9_20150903171239_thum.jpg"
"725","湯谷簡易郵便局","愛知県","〒441-1605 愛知県新城市能登瀬大道西88－1","愛知県新城市能登瀬大道西88－1","34.975079","137.62117","2015-10-01","","https://www.post.japanpost.jp/kitte_hagaki/stamp/fuke//detail.php?id=725","https://www.post.japanpost.jp/kitte_hagaki/stamp/preview/img/fuke/./8_20150915165950_thum.jpg"
"726","帯広郵便局","北海道","〒080-8799 北海道帯広市西3条南8丁目","北海道帯広市西3条南8丁目","42.923","143.200439","2015-10-09","","https://www.post.japanpost.jp/kitte_hagaki/stamp/fuke//detail.php?id=726","https://www.post.japanpost.jp/kitte_hagaki/stamp/preview/img/fuke/./1_20150929111659_thum.jpg"
"727","三仏生郵便局","新潟県","〒947-0051 新潟県小千谷市三仏生3963-1","新潟県小千谷市三仏生3963-1","37.332897","138.81926","2015-11-02","","https://www.post.japanpost.jp/kitte_hagaki/stamp/fuke//detail.php?id=727","https://www.post.japanpost.jp/kitte_hagaki/stamp/preview/img/fuke/./6_20151016162637_thum.jpg"
"729","袖浦郵便局","静岡県","〒438-0212 静岡県磐田市海老島661－2","静岡県磐田市海老島661－2","34.675385","137.826584","2015-10-27","","https://www.post.japanpost.jp/kitte_hagaki/stamp/fuke//detail.php?id=729","https://www.post.japanpost.jp/kitte_hagaki/stamp/preview/img/fuke/./8_20151016172359_thum.jpg"
"730","ひじり野郵便局","北海道","〒071-1521 北海道上川郡東神楽町ひじり野北一条9-1-8","北海道上川郡東神楽町ひじり野北一条9-1-8","43.727058","142.402817","2015-11-02","","https://www.post.japanpost.jp/kitte_hagaki/stamp/fuke//detail.php?id=730","https://www.post.japanpost.jp/kitte_hagaki/stamp/preview/img/fuke/./1_20151029150319_thum.png"
"731","元西郵便局","秋田県","〒012-1100 秋田県秋田県雄勝郡羽後町南元西1-3","秋田県秋田県雄勝郡羽後町南元西1-3","39.719959","140.103516","2015-11-16","","https://www.post.japanpost.jp/kitte_hagaki/stamp/fuke//detail.php?id=731","https://www.post.japanpost.jp/kitte_hagaki/stamp/preview/img/fuke/./2_20151106175529_thum.jpg"
"733","豊島区役所前郵便局","東京都","〒171-0022 東京都豊島区南池袋2-30-17","東京都豊島区南池袋2-30-17","35.726826","139.71608","2015-11-16","","https://www.post.japanpost.jp/kitte_hagaki/stamp/fuke//detail.php?id=733","https://www.post.japanpost.jp/kitte_hagaki/stamp/preview/img/fuke/./5_20241129153251_thum.jpg"
"735","名古屋西郵便局（旧 名古屋中央郵便局）","愛知県","〒450-8799 愛知県名古屋市西区天神山町4－5","愛知県名古屋市西区天神山町4－5","35.189068","136.883408","2015-12-07","","https://www.post.japanpost.jp/kitte_hagaki/stamp/fuke//detail.php?id=735","https://www.post.japanpost.jp/kitte_hagaki/stamp/preview/img/fuke/./8_20151117185335_thum.jpg"
"737","名古屋中央郵便局（旧 名古屋中央郵便局名古屋駅前分室）","愛知県","〒450-8998 愛知県名古屋市中村区名駅1－1－1 JPタワー名古屋1階","愛知県名古屋市中村区名駅1－1－1 JPタワー名古屋1階","35.173313","136.88266","2015-12-07","","https://www.post.japanpost.jp/kitte_hagaki/stamp/fuke//detail.php?id=737","https://www.post.japanpost.jp/kitte_hagaki/stamp/preview/img/fuke/./8_20151117185426_thum.jpg"
"739","名古屋柳橋郵便局（旧 タワーズ内郵便局）","愛知県","〒450-0002 愛知県名古屋市中村区名駅4－23－13 名古屋大同生命ビル1階","愛知県名古屋市中村区名駅4－23－13 名古屋大同生命ビル1階","35.168327","136.888626","2015-12-14","","https://www.post.japanpost.jp/kitte_hagaki/stamp/fuke//detail.php?id=739","https://www.post.japanpost.jp/kitte_hagaki/stamp/preview/img/fuke/./8_20151117185317_thum.jpg"
"740","仙台八木山本町郵便局","宮城県","〒982-0801 宮城県仙台市太白区八木山本町1-35-4","宮城県仙台市太白区八木山本町1-35-4","38.240295","140.84668","2015-12-07","","https://www.post.japanpost.jp/kitte_hagaki/stamp/fuke//detail.php?id=740","https://www.post.japanpost.jp/kitte_hagaki/stamp/preview/img/fuke/./2_20151124134424_thum.jpg"
"741","仙台荒井郵便局","宮城県","〒984-0032 宮城県仙台市若林区荒井2－2－12","宮城県仙台市若林区荒井2－2－12","38.24379","140.935898","2015-12-07","","https://www.post.japanpost.jp/kitte_hagaki/stamp/fuke//detail.php?id=741","https://www.post.japanpost.jp/kitte_hagaki/stamp/preview/img/fuke/./2_20151124135445_thum.jpg"
"742","厚別信濃郵便局","北海道","〒004-0055 北海道札幌市厚別区厚別中央5条2丁目4－27","北海道札幌市厚別区厚別中央5条2丁目4－27","43.043346","141.461655","2015-12-07","","https://www.post.japanpost.jp/kitte_hagaki/stamp/fuke//detail.php?id=742","https://www.post.japanpost.jp/kitte_hagaki/stamp/preview/img/fuke/./1_20151126092318_thum.jpg"
"743","境川郵便局","山梨県","〒406-0842 山梨県笛吹市境川町石橋2294－3","山梨県笛吹市境川町石橋2294－3","35.60257","138.61879","2016-01-04","","https://www.post.japanpost.jp/kitte_hagaki/stamp/fuke//detail.php?id=743","https://www.post.japanpost.jp/kitte_hagaki/stamp/preview/img/fuke/./4_20151208135747_thum.png"
"744","増田郵便局","秋田県","〒019-0701 秋田県横手市増田町字増田本町72-7","秋田県横手市増田町字増田本町72-7","39.205086","140.544022","2015-06-01","","https://www.post.japanpost.jp/kitte_hagaki/stamp/fuke//detail.php?id=744","https://www.post.japanpost.jp/kitte_hagaki/stamp/preview/img/fuke/./2_20151208181315_thum.jpg"
"748","盛岡向中野郵便局","岩手県","〒020-0851 岩手県盛岡市向中野7-15-7","岩手県盛岡市向中野7-15-7","39.674423","141.13797","2016-01-12","","https://www.post.japanpost.jp/kitte_hagaki/stamp/fuke//detail.php?id=748","https://www.post.japanpost.jp/kitte_hagaki/stamp/preview/img/fuke/./2_20160108150938_thum.jpg"
"750","鉄鋼ビル郵便局","東京都","〒100-0005 東京都千代田区丸の内1-8-2","東京都千代田区丸の内1-8-2","35.682667","139.769562","2016-02-08","","https://www.post.japanpost.jp/kitte_hagaki/stamp/fuke//detail.php?id=750","https://www.post.japanpost.jp/kitte_hagaki/stamp/preview/img/fuke/./5_20160127194339_thum.jpg"
"752","八戸田向郵便局","青森県","〒031-0011 青森県八戸市大字田向間ノ田16","青森県八戸市大字田向間ノ田16","40.489807","141.504517","2016-02-22","","https://www.post.japanpost.jp/kitte_hagaki/stamp/fuke//detail.php?id=752","https://www.post.japanpost.jp/kitte_hagaki/stamp/preview/img/fuke/./2_20160201115411_thum.jpg"
"754","鳥取湖山北郵便局","鳥取県","〒680-0941 鳥取県鳥取市湖山町北6－235","鳥取県鳥取市湖山町北6－235","35.519394","134.180405","2016-03-01","","https://www.post.japanpost.jp/kitte_hagaki/stamp/fuke//detail.php?id=754","https://www.post.japanpost.jp/kitte_hagaki/stamp/preview/img/fuke/./10_20160215144904_thum.jpg"
"755","芦津簡易郵便局","鳥取県","〒689-1412 鳥取県八頭郡智頭町芦津43番地3","鳥取県八頭郡智頭町芦津43番地3","35.278366","134.347763","2016-03-01","","https://www.post.japanpost.jp/kitte_hagaki/stamp/fuke//detail.php?id=755","https://www.post.japanpost.jp/kitte_hagaki/stamp/preview/img/fuke/./10_20160215151602_thum.jpg"
"760","銀山郵便局","北海道","〒048-2335 北海道余市郡仁木町銀山2丁目67","北海道余市郡仁木町銀山2丁目67","43.040665","140.72435","2016-03-01","","https://www.post.japanpost.jp/kitte_hagaki/stamp/fuke//detail.php?id=760","https://www.post.japanpost.jp/kitte_hagaki/stamp/preview/img/fuke/./1_20160224095352_thum.jpg"
"761","宇和島九島郵便局","愛媛県","〒798-0097 愛媛県宇和島市百之浦1362-4","愛媛県宇和島市百之浦1362-4","33.226326","132.524994","2016-04-01","","https://www.post.japanpost.jp/kitte_hagaki/stamp/fuke//detail.php?id=761","https://www.post.japanpost.jp/kitte_hagaki/stamp/preview/img/fuke/./11_20160226141741_thum.JPG"
"762","垂井府中簡易郵便局","岐阜県","〒503-2114 岐阜県不破郡垂井町府中2434－5","岐阜県不破郡垂井町府中2434－5","35.379185","136.524902","2016-03-14","","https://www.post.japanpost.jp/kitte_hagaki/stamp/fuke//detail.php?id=762","https://www.post.japanpost.jp/kitte_hagaki/stamp/preview/img/fuke/./8_20160229105655_thum.jpg"
"763","防府錦橋郵便局","山口県","〒747-0825 山口県防府市新田1774－1","山口県防府市新田1774－1","34.021736","131.578156","2016-03-22","","https://www.post.japanpost.jp/kitte_hagaki/stamp/fuke//detail.php?id=763","https://www.post.japanpost.jp/kitte_hagaki/stamp/preview/img/fuke/./10_20160301183932_thum.jpg"
"764","新函館北斗駅前郵便局（旧大野駅前郵便局）","北海道","〒041-1242 北海道北斗市市渡788-18","北海道北斗市市渡788-18","41.902241","140.643311","2016-03-25","","https://www.post.japanpost.jp/kitte_hagaki/stamp/fuke//detail.php?id=764","https://www.post.japanpost.jp/kitte_hagaki/stamp/preview/img/fuke/./1_20160303173645_thum.jpg"
"765","兼六園郵便局","石川県","〒920-0964 石川県金沢市本多町3-1-27","石川県金沢市本多町3-1-27","36.560848","136.659439","2016-03-28","","https://www.post.japanpost.jp/kitte_hagaki/stamp/fuke//detail.php?id=765","https://www.post.japanpost.jp/kitte_hagaki/stamp/preview/img/fuke/./7_20160307143114_thum.jpg"
"766","安堵郵便局","奈良県","〒639-1061 奈良県生駒郡安堵町東安堵964-2","奈良県生駒郡安堵町東安堵964-2","34.606651","135.756958","2016-03-18","","https://www.post.japanpost.jp/kitte_hagaki/stamp/fuke//detail.php?id=766","https://www.post.japanpost.jp/kitte_hagaki/stamp/preview/img/fuke/./9_20160311084052_thum.jpg"
"767","根上大浜郵便局","石川県","〒929-0122 石川県能美市大浜町ム7－5","石川県能美市大浜町ム7－5","36.453892","136.454788","2016-04-01","","https://www.post.japanpost.jp/kitte_hagaki/stamp/fuke//detail.php?id=767","https://www.post.japanpost.jp/kitte_hagaki/stamp/preview/img/fuke/./7_20160315104407_thum.jpg"
"768","浦上郵便局","石川県","〒927-2102 石川県輪島市門前町浦上9-17-1","石川県輪島市門前町浦上9-17-1","37.319096","136.804855","2016-04-01","","https://www.post.japanpost.jp/kitte_hagaki/stamp/fuke//detail.php?id=768","https://www.post.japanpost.jp/kitte_hagaki/stamp/preview/img/fuke/./7_20160315110631_thum.jpg"
"769","黒島簡易郵便局","石川県","〒927-2165 石川県輪島市門前町黒島町ロ-74-4","石川県輪島市門前町黒島町ロ-74-4","37.280807","136.736618","2016-04-01","","https://www.post.japanpost.jp/kitte_hagaki/stamp/fuke//detail.php?id=769","https://www.post.japanpost.jp/kitte_hagaki/stamp/preview/img/fuke/./7_20160315110907_thum.jpg"
"770","用瀬郵便局","鳥取県","〒689-1299 鳥取県鳥取市用瀬町用瀬386-1","鳥取県鳥取市用瀬町用瀬386-1","35.341278","134.208328","2016-04-20","","https://www.post.japanpost.jp/kitte_hagaki/stamp/fuke//detail.php?id=770","https://www.post.japanpost.jp/kitte_hagaki/stamp/preview/img/fuke/./10_20160405112104_thum.png"
"771","佐治郵便局","鳥取県","〒689-1399 鳥取県鳥取市佐治町高山17－7","鳥取県鳥取市佐治町高山17－7","35.344814","134.114578","2016-04-20","","https://www.post.japanpost.jp/kitte_hagaki/stamp/fuke//detail.php?id=771","https://www.post.japanpost.jp/kitte_hagaki/stamp/preview/img/fuke/./10_20160405112131_thum.png"
"772","鳥取明治郵便局","鳥取県","〒680-1423 鳥取県鳥取市松上169－3","鳥取県鳥取市松上169－3","35.437706","134.132751","2016-04-20","","https://www.post.japanpost.jp/kitte_hagaki/stamp/fuke//detail.php?id=772","https://www.post.japanpost.jp/kitte_hagaki/stamp/preview/img/fuke/./10_20160405111958_thum.png"
"773","鳥取大工町郵便局","鳥取県","〒680-0045 鳥取県鳥取市大工町頭17","鳥取県鳥取市大工町頭17","35.498417","134.236954","2016-04-20","","https://www.post.japanpost.jp/kitte_hagaki/stamp/fuke//detail.php?id=773","https://www.post.japanpost.jp/kitte_hagaki/stamp/preview/img/fuke/./10_20160405111935_thum.png"
"774","鳥取湯所郵便局","鳥取県","〒680-0021 鳥取県鳥取市材木町301","鳥取県鳥取市材木町301","35.509125","134.230469","2016-04-20","","https://www.post.japanpost.jp/kitte_hagaki/stamp/fuke//detail.php?id=774","https://www.post.japanpost.jp/kitte_hagaki/stamp/preview/img/fuke/./10_20160405111559_thum.png"
"775","青谷郵便局","鳥取県","〒689-0599 鳥取県鳥取市青谷町青谷4313－4","鳥取県鳥取市青谷町青谷4313－4","35.515659","133.995148","2016-04-20","","https://www.post.japanpost.jp/kitte_hagaki/stamp/fuke//detail.php?id=775","https://www.post.japanpost.jp/kitte_hagaki/stamp/preview/img/fuke/./10_20160405112047_thum.png"
"776","岩美郵便局","鳥取県","〒681-8799 鳥取県岩美群岩美町浦富1048－3","鳥取県岩美群岩美町浦富1048－3","35.575954","134.332138","2016-04-20","","https://www.post.japanpost.jp/kitte_hagaki/stamp/fuke//detail.php?id=776","https://www.post.japanpost.jp/kitte_hagaki/stamp/preview/img/fuke/./10_20160405112025_thum.png"
"777","伊勢郵便局","三重県","〒516-8799 三重県伊勢市岩渕3－6－10","三重県伊勢市岩渕3－6－10","34.487709","136.71727","2016-04-26","","https://www.post.japanpost.jp/kitte_hagaki/stamp/fuke//detail.php?id=777","https://www.post.japanpost.jp/kitte_hagaki/stamp/preview/img/fuke/./8_20160415172416_thum.jpg"
"778","阿児賢島郵便局","三重県","〒517-0502 三重県志摩市阿児町神明752－10","三重県志摩市阿児町神明752－10","34.306618","136.816345","2016-05-10","","https://www.post.japanpost.jp/kitte_hagaki/stamp/fuke//detail.php?id=778","https://www.post.japanpost.jp/kitte_hagaki/stamp/preview/img/fuke/./8_20160427182747_thum.jpg"
"779","立神郵便局","三重県","〒517-0503 三重県志摩市阿児町立神1987","三重県志摩市阿児町立神1987","34.299629","136.862869","2016-05-10","","https://www.post.japanpost.jp/kitte_hagaki/stamp/fuke//detail.php?id=779","https://www.post.japanpost.jp/kitte_hagaki/stamp/preview/img/fuke/./8_20160526121449_thum.png"
"780","羅漢郵便局","徳島県","〒779-0114 徳島県板野郡板野町羅漢前田36－5","徳島県板野郡板野町羅漢前田36－5","34.133556","134.432358","2016-06-01","","https://www.post.japanpost.jp/kitte_hagaki/stamp/fuke//detail.php?id=780","https://www.post.japanpost.jp/kitte_hagaki/stamp/preview/img/fuke/./11_20160518140338_thum.jpg"
"782","岩沢郵便局","新潟県","〒949-8799 新潟県小千谷市岩沢827－1","新潟県小千谷市岩沢827－1","37.227028","138.798874","2016-07-01","","https://www.post.japanpost.jp/kitte_hagaki/stamp/fuke//detail.php?id=782","https://www.post.japanpost.jp/kitte_hagaki/stamp/preview/img/fuke/./6_20160613185526_thum.png"
"783","京都三条大橋郵便局","京都府","〒605-0009 京都府京都市東山区三条通大橋東入大橋町94","京都府京都市東山区三条通大橋東入大橋町94","35.00703","135.775436","2016-07-07","","https://www.post.japanpost.jp/kitte_hagaki/stamp/fuke//detail.php?id=783","https://www.post.japanpost.jp/kitte_hagaki/stamp/preview/img/fuke/./9_20160622181503_thum.jpg"
"789","旭川五条郵便局","北海道","〒078-8215 北海道旭川市五条通18－521","北海道旭川市五条通18－521","43.765102","142.377396","2016-07-19","","https://www.post.japanpost.jp/kitte_hagaki/stamp/fuke//detail.php?id=789","https://www.post.japanpost.jp/kitte_hagaki/stamp/preview/img/fuke/./1_20160708185559_thum.jpg"
"790","鳥取中央郵便局","鳥取県","〒680-8799 鳥取県鳥取市東品治101","鳥取県鳥取市東品治101","35.494022","134.226151","2016-07-22","","https://www.post.japanpost.jp/kitte_hagaki/stamp/fuke//detail.php?id=790","https://www.post.japanpost.jp/kitte_hagaki/stamp/preview/img/fuke/./10_20160719102335_thum.png"
"791","三郷立野郵便局","奈良県","〒636-0822 奈良県生駒郡三郷町立野南2－11－7","奈良県生駒郡三郷町立野南2－11－7","34.58989","135.685455","2016-08-10","","https://www.post.japanpost.jp/kitte_hagaki/stamp/fuke//detail.php?id=791","https://www.post.japanpost.jp/kitte_hagaki/stamp/preview/img/fuke/./9_20160729120258_thum.jpg"
"792","浜田簡易郵便局","秋田県","〒010-1654 秋田県秋田市浜田字自在山88-6","秋田県秋田市浜田字自在山88-6","39.666214","140.065674","2016-08-16","","https://www.post.japanpost.jp/kitte_hagaki/stamp/fuke//detail.php?id=792","https://www.post.japanpost.jp/kitte_hagaki/stamp/preview/img/fuke/./2_20160809151623_thum.jpg"
"793","奈良船橋郵便局","奈良県","〒630-8114 奈良県奈良市芝辻町14－8","奈良県奈良市芝辻町14－8","34.686005","135.82132","2016-09-01","","https://www.post.japanpost.jp/kitte_hagaki/stamp/fuke//detail.php?id=793","https://www.post.japanpost.jp/kitte_hagaki/stamp/preview/img/fuke/./9_20160816172208_thum.jpg"
"795","奈良三条郵便局","奈良県","〒630-8246 奈良県奈良市油阪地方町1-1","奈良県奈良市油阪地方町1-1","34.682335","135.821579","2016-09-01","","https://www.post.japanpost.jp/kitte_hagaki/stamp/fuke//detail.php?id=795","https://www.post.japanpost.jp/kitte_hagaki/stamp/preview/img/fuke/./9_20160816173025_thum.jpg"
"796","御園郵便局","滋賀県","〒527-0051 滋賀県東近江市林田町1482－1","滋賀県東近江市林田町1482－1","35.094383","136.235565","2016-09-01","","https://www.post.japanpost.jp/kitte_hagaki/stamp/fuke//detail.php?id=796","https://www.post.japanpost.jp/kitte_hagaki/stamp/preview/img/fuke/./9_20160816175644_thum.jpg"
"797","北房郵便局","岡山県","〒716-1499 岡山県真庭市下呰部249－7","岡山県真庭市下呰部249－7","34.976307","133.6259","2016-09-09","","https://www.post.japanpost.jp/kitte_hagaki/stamp/fuke//detail.php?id=797","https://www.post.japanpost.jp/kitte_hagaki/stamp/preview/img/fuke/./10_20160901180114_thum.png"
"798","式根島郵便局","東京都","〒100-0599 東京都新島村式根島160","東京都新島村式根島160","34.326527","139.213501","2016-09-12","","https://www.post.japanpost.jp/kitte_hagaki/stamp/fuke//detail.php?id=798","https://www.post.japanpost.jp/kitte_hagaki/stamp/preview/img/fuke/./5_20160901191548_thum.jpg"
"800","能代大瀬郵便局","秋田県","〒016-0839 秋田県能代市東大瀬54-6","秋田県能代市東大瀬54-6","40.191753","140.036758","2016-09-12","","https://www.post.japanpost.jp/kitte_hagaki/stamp/fuke//detail.php?id=800","https://www.post.japanpost.jp/kitte_hagaki/stamp/preview/img/fuke/./2_20160909162656_thum.png"
"801","網走大曲郵便局","北海道","〒093-0045 北海道網走市大曲1-11-8","北海道網走市大曲1-11-8","44.012867","144.230179","2016-09-26","","https://www.post.japanpost.jp/kitte_hagaki/stamp/fuke//detail.php?id=801","https://www.post.japanpost.jp/kitte_hagaki/stamp/preview/img/fuke/./1_20160913173718_thum.jpg"
"802","海田中店郵便局","広島県","〒736-0066 広島県安芸郡海田町中店9－34","広島県安芸郡海田町中店9－34","34.372757","132.535095","2016-09-28","","https://www.post.japanpost.jp/kitte_hagaki/stamp/fuke//detail.php?id=802","https://www.post.japanpost.jp/kitte_hagaki/stamp/preview/img/fuke/./10_20160914173437_thum.png"
"803","横須賀津久井郵便局","神奈川県","〒239-0843 神奈川県横須賀市津久井3-21-1","神奈川県横須賀市津久井3-21-1","35.20031","139.666412","2016-11-01","","https://www.post.japanpost.jp/kitte_hagaki/stamp/fuke//detail.php?id=803","https://www.post.japanpost.jp/kitte_hagaki/stamp/preview/img/fuke/./4_20160929191326_thum.png"
"804","古川郵便局","宮城県","〒989-6199 宮城県大崎市古川駅前大通5-3-3","宮城県大崎市古川駅前大通5-3-3","38.57732","140.965897","2016-10-15","","https://www.post.japanpost.jp/kitte_hagaki/stamp/fuke//detail.php?id=804","https://www.post.japanpost.jp/kitte_hagaki/stamp/preview/img/fuke/./2_20161007170746_thum.jpg"
"806","瓜幕郵便局","北海道","〒081-0342 北海道河東郡鹿追町瓜幕東1丁目8","北海道河東郡鹿追町瓜幕東1丁目8","43.16618","143.02681","2016-11-01","","https://www.post.japanpost.jp/kitte_hagaki/stamp/fuke//detail.php?id=806","https://www.post.japanpost.jp/kitte_hagaki/stamp/preview/img/fuke/./1_20161018193956_thum.jpg"
"807","古山郵便局","三重県","〒518-1142 三重県伊賀市古山界外102-1","三重県伊賀市古山界外102-1","34.699009","136.11676","2016-11-07","","https://www.post.japanpost.jp/kitte_hagaki/stamp/fuke//detail.php?id=807","https://www.post.japanpost.jp/kitte_hagaki/stamp/preview/img/fuke/./8_20161019125648_thum.png"
"808","半田住吉郵便局","愛知県","〒475-0866 愛知県半田市清水北町64-3","愛知県半田市清水北町64-3","34.900311","136.926224","2016-11-10","","https://www.post.japanpost.jp/kitte_hagaki/stamp/fuke//detail.php?id=808","https://www.post.japanpost.jp/kitte_hagaki/stamp/preview/img/fuke/./8_20161019125949_thum.png"
"809","千葉県庁内郵便局","千葉県","〒260-0855 千葉県千葉市中央区市場町1－1 中庁舎1階","千葉県千葉市中央区市場町1－1 中庁舎1階","35.604286","140.123138","2016-11-01","","https://www.post.japanpost.jp/kitte_hagaki/stamp/fuke//detail.php?id=809","https://www.post.japanpost.jp/kitte_hagaki/stamp/preview/img/fuke/./3_20161019183018_thum.JPG"
"812","七釜郵便局","長崎県","〒857-2222 長崎県西海市西海町中浦北郷920","長崎県西海市西海町中浦北郷920","33.027763","129.664703","2016-11-10","","https://www.post.japanpost.jp/kitte_hagaki/stamp/fuke//detail.php?id=812","https://www.post.japanpost.jp/kitte_hagaki/stamp/preview/img/fuke/./12_20161108135907_thum.png"
"813","豊岬郵便局","北海道","〒078-4431 北海道苫前郡初山別村豊岬213","北海道苫前郡初山別村豊岬213","44.5578","141.772736","2016-12-01","","https://www.post.japanpost.jp/kitte_hagaki/stamp/fuke//detail.php?id=813","https://www.post.japanpost.jp/kitte_hagaki/stamp/preview/img/fuke/./1_20161115170807_thum.jpg"
"814","柳田郵便局","石川県","〒928-0399 石川県鳳珠郡能登町柳田礼部30番地1","石川県鳳珠郡能登町柳田礼部30番地1","37.373306","137.080109","2016-12-01","","https://www.post.japanpost.jp/kitte_hagaki/stamp/fuke//detail.php?id=814","https://www.post.japanpost.jp/kitte_hagaki/stamp/preview/img/fuke/./7_20161125192335_thum.jpg"
"815","草久郵便局","栃木県","〒322-0101 栃木県鹿沼市草久1022","栃木県鹿沼市草久1022","36.663918","139.543411","2016-12-12","","https://www.post.japanpost.jp/kitte_hagaki/stamp/fuke//detail.php?id=815","https://www.post.japanpost.jp/kitte_hagaki/stamp/preview/img/fuke/./3_20161130173825_thum.JPG"
"816","飯能駅南口郵便局","埼玉県","〒357-0036 埼玉県飯能市南町9－23","埼玉県飯能市南町9－23","35.848782","139.318695","2016-12-01","","https://www.post.japanpost.jp/kitte_hagaki/stamp/fuke//detail.php?id=816","https://www.post.japanpost.jp/kitte_hagaki/stamp/preview/img/fuke/./3_20161207141950_thum.JPG"
"817","大阪中央郵便局","大阪府","〒530-0001 大阪府大阪市北区梅田3-2-2（ＪＰタワー大阪1階）","大阪府大阪市北区梅田3-2-2（ＪＰタワー大阪1階）","34.700523","135.494797","2016-12-22","","https://www.post.japanpost.jp/kitte_hagaki/stamp/fuke//detail.php?id=817","https://www.post.japanpost.jp/kitte_hagaki/stamp/preview/img/fuke/./9_20161230141623_thum.jpg"
"821","坂本郵便局","徳島県","〒771-4308 徳島県勝浦郡勝浦町坂本宮平1-10","徳島県勝浦郡勝浦町坂本宮平1-10","33.937859","134.44931","2017-02-01","","https://www.post.japanpost.jp/kitte_hagaki/stamp/fuke//detail.php?id=821","https://www.post.japanpost.jp/kitte_hagaki/stamp/preview/img/fuke/./11_20170113160414_thum.jpg"
"822","広島蟹屋郵便局","広島県","〒732-0804 広島県広島市南区西蟹屋3丁目4-22","広島県広島市南区西蟹屋3丁目4-22","34.39325","132.480942","2017-02-01","","https://www.post.japanpost.jp/kitte_hagaki/stamp/fuke//detail.php?id=822","https://www.post.japanpost.jp/kitte_hagaki/stamp/preview/img/fuke/./10_20170116101301_thum.png"
"824","崎戸郵便局","長崎県","〒857-3101 長崎県西海市崎戸町蠣浦郷1806-19","長崎県西海市崎戸町蠣浦郷1806-19","33.020229","129.5681","2017-02-01","","https://www.post.japanpost.jp/kitte_hagaki/stamp/fuke//detail.php?id=824","https://www.post.japanpost.jp/kitte_hagaki/stamp/preview/img/fuke/./12_20170118111401_thum.jpg"
"825","大瀬戸郵便局","長崎県","〒857-2399 長崎県西海市大瀬戸町瀬戸樫浦郷2373-6","長崎県西海市大瀬戸町瀬戸樫浦郷2373-6","32.942471","129.65036","2017-02-01","","https://www.post.japanpost.jp/kitte_hagaki/stamp/fuke//detail.php?id=825","https://www.post.japanpost.jp/kitte_hagaki/stamp/preview/img/fuke/./12_20170118111855_thum.jpg"
"826","雪浦郵便局","長崎県","〒857-2326 長崎県西海市大瀬戸町雪浦下郷1456-2","長崎県西海市大瀬戸町雪浦下郷1456-2","32.914162","129.664841","2017-02-01","","https://www.post.japanpost.jp/kitte_hagaki/stamp/fuke//detail.php?id=826","https://www.post.japanpost.jp/kitte_hagaki/stamp/preview/img/fuke/./12_20170214115800_thum.png"
"827","釧路新富士郵便局","北海道","〒084-0904 北海道釧路市新富士町3丁目3-12","北海道釧路市新富士町3丁目3-12","43.002926","144.350296","2017-02-10","","https://www.post.japanpost.jp/kitte_hagaki/stamp/fuke//detail.php?id=827","https://www.post.japanpost.jp/kitte_hagaki/stamp/preview/img/fuke/./1_20170125103127_thum.jpg"
"828","下賀茂郵便局","静岡県","〒415-0399 静岡県賀茂郡南伊豆町下賀茂260－1","静岡県賀茂郡南伊豆町下賀茂260－1","34.650215","138.860031","2017-02-13","","https://www.post.japanpost.jp/kitte_hagaki/stamp/fuke//detail.php?id=828","https://www.post.japanpost.jp/kitte_hagaki/stamp/preview/img/fuke/./8_20170130150927_thum.png"
"829","中島郵便局","福島県","〒961-0199 福島県西白河郡中島村滑津二ツ山28","福島県西白河郡中島村滑津二ツ山28","37.150803","140.348785","2017-03-01","","https://www.post.japanpost.jp/kitte_hagaki/stamp/fuke//detail.php?id=829","https://www.post.japanpost.jp/kitte_hagaki/stamp/preview/img/fuke/./2_20170215130604_thum.jpg"
"832","中野小屋郵便局","新潟県","〒950-2126 新潟県新潟市西区大友662－1","新潟県新潟市西区大友662－1","37.826851","138.932419","2017-04-03","","https://www.post.japanpost.jp/kitte_hagaki/stamp/fuke//detail.php?id=832","https://www.post.japanpost.jp/kitte_hagaki/stamp/preview/img/fuke/./6_20170313120343_thum.jpg"
"834","檜原郵便局","東京都","〒190-0212 東京都西多摩郡檜原村467","東京都西多摩郡檜原村467","35.726822","139.14888","2017-03-30","","https://www.post.japanpost.jp/kitte_hagaki/stamp/fuke//detail.php?id=834","https://www.post.japanpost.jp/kitte_hagaki/stamp/preview/img/fuke/./5_20170316190740_thum.jpg"
"835","田麦野簡易郵便局","山形県","〒994-0104 山形県天童市田麦野746","山形県天童市田麦野746","38.35931","140.467667","2017-04-07","","https://www.post.japanpost.jp/kitte_hagaki/stamp/fuke//detail.php?id=835","https://www.post.japanpost.jp/kitte_hagaki/stamp/preview/img/fuke/./2_20170328155710_thum.jpg"
"836","岐阜今小町郵便局","岐阜県","〒500-8069 岐阜県岐阜市今小町1-6","岐阜県岐阜市今小町1-6","35.425228","136.76236","2017-04-10","","https://www.post.japanpost.jp/kitte_hagaki/stamp/fuke//detail.php?id=836","https://www.post.japanpost.jp/kitte_hagaki/stamp/preview/img/fuke/./8_20170329141931_thum.png"
"837","小矢部桜町郵便局","富山県","〒932-0022 富山県小矢部市桜町1671","富山県小矢部市桜町1671","36.686703","136.86203","2017-04-24","","https://www.post.japanpost.jp/kitte_hagaki/stamp/fuke//detail.php?id=837","https://www.post.japanpost.jp/kitte_hagaki/stamp/preview/img/fuke/./7_20170410094432_thum.jpg"
"838","高知朝倉郵便局","高知県","〒780-8072 高知県高知市曙町1-14-15","高知県高知市曙町1-14-15","33.549725","133.490067","2017-05-15","","https://www.post.japanpost.jp/kitte_hagaki/stamp/fuke//detail.php?id=838","https://www.post.japanpost.jp/kitte_hagaki/stamp/preview/img/fuke/./11_20170421152247_thum.jpg"
"839","小田原南町郵便局","神奈川県","〒250-0013 神奈川県小田原市南町3-2-48","神奈川県小田原市南町3-2-48","35.246674","139.151154","2017-06-01","","https://www.post.japanpost.jp/kitte_hagaki/stamp/fuke//detail.php?id=839","https://www.post.japanpost.jp/kitte_hagaki/stamp/preview/img/fuke/./4_20170427114354_thum.png"
"841","石巻のぞみ野郵便局","宮城県","〒986-0861 宮城県石巻市蛇田新立野280 7街区2画地","宮城県石巻市蛇田新立野280 7街区2画地","38.449585","141.256195","2017-06-12","","https://www.post.japanpost.jp/kitte_hagaki/stamp/fuke//detail.php?id=841","https://www.post.japanpost.jp/kitte_hagaki/stamp/preview/img/fuke/./2_20170602191209_thum.jpg"
"842","浪江郵便局","福島県","〒979-1521 福島県双葉郡浪江町権現堂南深町41-1","福島県双葉郡浪江町権現堂南深町41-1","37.493263","140.992401","2017-06-12","","https://www.post.japanpost.jp/kitte_hagaki/stamp/fuke//detail.php?id=842","https://www.post.japanpost.jp/kitte_hagaki/stamp/preview/img/fuke/./2_20170602191830_thum.jpg"
"843","富岡郵便局","福島県","〒979-1199 福島県双葉郡富岡町本町1-25","福島県双葉郡富岡町本町1-25","37.341129","141.009186","2017-06-12","","https://www.post.japanpost.jp/kitte_hagaki/stamp/fuke//detail.php?id=843","https://www.post.japanpost.jp/kitte_hagaki/stamp/preview/img/fuke/./2_20170602192101_thum.jpg"
"845","日光本町郵便局","栃木県","〒321-1434 栃木県日光市本町2-32","栃木県日光市本町2-32","36.754204","139.595444","2017-06-19","","https://www.post.japanpost.jp/kitte_hagaki/stamp/fuke//detail.php?id=845","https://www.post.japanpost.jp/kitte_hagaki/stamp/preview/img/fuke/./3_20170606113626_thum.JPG"
"847","呉本通四郵便局","広島県","〒737-0045 広島県呉市本通4-1-12","広島県呉市本通4-1-12","34.245781","132.567184","2017-06-19","","https://www.post.japanpost.jp/kitte_hagaki/stamp/fuke//detail.php?id=847","https://www.post.japanpost.jp/kitte_hagaki/stamp/preview/img/fuke/./10_20170609103005_thum.png"
"849","うきは郵便局","福岡県","〒839-1499 福岡県うきは市浮羽町西隈上3-7","福岡県うきは市浮羽町西隈上3-7","33.339203","130.79425","2017-07-03","","https://www.post.japanpost.jp/kitte_hagaki/stamp/fuke//detail.php?id=849","https://www.post.japanpost.jp/kitte_hagaki/stamp/preview/img/fuke/./12_20170614182832_thum.png"
"852","浪江郵便局","福島県","〒979-1521 福島県双葉郡浪江町権現堂南深町41-1","福島県双葉郡浪江町権現堂南深町41-1","37.493263","140.992401","2017-08-01","","https://www.post.japanpost.jp/kitte_hagaki/stamp/fuke//detail.php?id=852","https://www.post.japanpost.jp/kitte_hagaki/stamp/preview/img/fuke/./2_20170721114404_thum.jpg"
"853","土庄郵便局","香川県","〒761-4199 香川県小豆郡土庄町甲289－9","香川県小豆郡土庄町甲289－9","34.485325","134.186111","2017-08-08","","https://www.post.japanpost.jp/kitte_hagaki/stamp/fuke//detail.php?id=853","https://www.post.japanpost.jp/kitte_hagaki/stamp/preview/img/fuke/./11_20170721135722_thum.png"
"855","弟子屈郵便局","北海道","〒088-3299 北海道川上郡弟子屈町中央1－8－25","北海道川上郡弟子屈町中央1－8－25","43.486023","144.457703","2017-08-08","","https://www.post.japanpost.jp/kitte_hagaki/stamp/fuke//detail.php?id=855","https://www.post.japanpost.jp/kitte_hagaki/stamp/preview/img/fuke/./1_20170727125444_thum.jpg"
"856","釧路武佐郵便局","北海道","〒085-0806 北海道釧路市武佐2－1－15","北海道釧路市武佐2－1－15","42.97781","144.422913","2017-08-14","","https://www.post.japanpost.jp/kitte_hagaki/stamp/fuke//detail.php?id=856","https://www.post.japanpost.jp/kitte_hagaki/stamp/preview/img/fuke/./1_20170804171330_thum.jpg"
"857","東京流通センター内郵便局","東京都","〒143-0006 東京都大田区平和島6‐1‐1","東京都大田区平和島6‐1‐1","35.580963","139.74826","2017-09-01","","https://www.post.japanpost.jp/kitte_hagaki/stamp/fuke//detail.php?id=857","https://www.post.japanpost.jp/kitte_hagaki/stamp/preview/img/fuke/./5_20170817190010_thum.jpg"
"858","桐生川内郵便局","群馬県","〒376-0041 群馬県桐生市川内町5－1184－1","群馬県桐生市川内町5－1184－1","36.446472","139.311874","2017-09-01","","https://www.post.japanpost.jp/kitte_hagaki/stamp/fuke//detail.php?id=858","https://www.post.japanpost.jp/kitte_hagaki/stamp/preview/img/fuke/./3_20170822104931_thum.jpg"
"859","明和郵便局","三重県","〒515-0399 三重県多気郡明和町斎宮北野3815－4","三重県多気郡明和町斎宮北野3815－4","34.538437","136.624741","2017-09-01","","https://www.post.japanpost.jp/kitte_hagaki/stamp/fuke//detail.php?id=859","https://www.post.japanpost.jp/kitte_hagaki/stamp/preview/img/fuke/./8_20170901104956_thum.png"
"860","浅川郵便局","長野県","〒381-0064 長野県長野市浅川東条288-1","長野県長野市浅川東条288-1","36.682091","138.202316","2017-10-02","","https://www.post.japanpost.jp/kitte_hagaki/stamp/fuke//detail.php?id=860","https://www.post.japanpost.jp/kitte_hagaki/stamp/preview/img/fuke/./6_20170925114517_thum.png"
"861","防府緑町郵便局","山口県","〒747-0026 山口県防府市緑町2丁目4-5","山口県防府市緑町2丁目4-5","34.054474","131.579224","2017-10-10","","https://www.post.japanpost.jp/kitte_hagaki/stamp/fuke//detail.php?id=861","https://www.post.japanpost.jp/kitte_hagaki/stamp/preview/img/fuke/./10_20170926101931_thum.png"
"862","防府宮市郵便局","山口県","〒747-0032 山口県防府市宮市町4-1","山口県防府市宮市町4-1","34.060684","131.571121","2017-10-10","","https://www.post.japanpost.jp/kitte_hagaki/stamp/fuke//detail.php?id=862","https://www.post.japanpost.jp/kitte_hagaki/stamp/preview/img/fuke/./10_20170926101953_thum.png"
"864","下妻郵便局","茨城県","〒304-8799 茨城県下妻市下妻乙1167－1","茨城県下妻市下妻乙1167－1","36.183586","139.961685","2017-11-01","","https://www.post.japanpost.jp/kitte_hagaki/stamp/fuke//detail.php?id=864","https://www.post.japanpost.jp/kitte_hagaki/stamp/preview/img/fuke/./3_20171020105334_thum.jpg"
"865","貫見郵便局","山形県","〒990-1272 山形県西村山郡大江町貫見62","山形県西村山郡大江町貫見62","38.369221","140.098984","2017-11-01","","https://www.post.japanpost.jp/kitte_hagaki/stamp/fuke//detail.php?id=865","https://www.post.japanpost.jp/kitte_hagaki/stamp/preview/img/fuke/./2_20171025115316_thum.jpg"
"866","まつやま坊っちゃん郵便局","愛媛県","〒790-0012 愛媛県松山市湊町4―11―17","愛媛県松山市湊町4―11―17","33.835796","132.765884","2017-11-27","","https://www.post.japanpost.jp/kitte_hagaki/stamp/fuke//detail.php?id=866","https://www.post.japanpost.jp/kitte_hagaki/stamp/preview/img/fuke/./11_20171025165946_thum.png"
"867","社北郵便局","福井県","〒918-8055 福井県福井市若杉4－215","福井県福井市若杉4－215","36.057289","136.184601","2017-10-23","","https://www.post.japanpost.jp/kitte_hagaki/stamp/fuke//detail.php?id=867","https://www.post.japanpost.jp/kitte_hagaki/stamp/preview/img/fuke/./7_20171031100646_thum.jpg"
"868","山木屋郵便局","福島県","〒960-1501 福島県伊達郡川俣町山木屋小塚21-3","福島県伊達郡川俣町山木屋小塚21-3","37.590488","140.678711","2017-11-20","","https://www.post.japanpost.jp/kitte_hagaki/stamp/fuke//detail.php?id=868","https://www.post.japanpost.jp/kitte_hagaki/stamp/preview/img/fuke/./2_20171031120046_thum.jpg"
"869","新潟大山郵便局","新潟県","〒950-0063 新潟県新潟市東区上王瀬町1-39","新潟県新潟市東区上王瀬町1-39","37.935902","139.085251","2017-11-20","","https://www.post.japanpost.jp/kitte_hagaki/stamp/fuke//detail.php?id=869","https://www.post.japanpost.jp/kitte_hagaki/stamp/preview/img/fuke/./6_20171106103834_thum.jpg"
"870","野木駅東口郵便局","栃木県","〒329-0111 栃木県下都賀郡野木町丸林560－12","栃木県下都賀郡野木町丸林560－12","36.228817","139.736847","2017-11-17","","https://www.post.japanpost.jp/kitte_hagaki/stamp/fuke//detail.php?id=870","https://www.post.japanpost.jp/kitte_hagaki/stamp/preview/img/fuke/./3_20171108112550_thum.JPG"
"871","稲井郵便局(使用停止)","宮城県","〒986-0005 宮城県石巻市大瓜井内16-1","宮城県石巻市大瓜井内16-1","38.441872","141.329239","2017-11-30","","https://www.post.japanpost.jp/kitte_hagaki/stamp/fuke//detail.php?id=871","https://www.post.japanpost.jp/kitte_hagaki/stamp/preview/img/fuke/./2_20171109204002_thum.jpg"
"872","手稲星置駅前郵便局","北海道","〒006-0851 北海道札幌市手稲区星置1条3丁目3-2","北海道札幌市手稲区星置1条3丁目3-2","43.133354","141.211426","2017-11-24","","https://www.post.japanpost.jp/kitte_hagaki/stamp/fuke//detail.php?id=872","https://www.post.japanpost.jp/kitte_hagaki/stamp/preview/img/fuke/./1_20171113110835_thum.jpg"
"873","東小千谷郵便局","新潟県","〒947-0004 新潟県小千谷市東栄1－5－9","新潟県小千谷市東栄1－5－9","37.309196","138.81044","2018-01-09","","https://www.post.japanpost.jp/kitte_hagaki/stamp/fuke//detail.php?id=873","https://www.post.japanpost.jp/kitte_hagaki/stamp/preview/img/fuke/./6_20171222165812_thum.jpg"
"876","文字郵便局","宮城県","〒989-5361 宮城県栗原市栗駒文字下川原24-4","宮城県栗原市栗駒文字下川原24-4","38.856781","140.86731","2018-01-09","","https://www.post.japanpost.jp/kitte_hagaki/stamp/fuke//detail.php?id=876","https://www.post.japanpost.jp/kitte_hagaki/stamp/preview/img/fuke/./2_20171228181411_thum.jpg"
"877","釧路愛国郵便局","北海道","〒085-0058 北海道釧路市愛国東2－5－16","北海道釧路市愛国東2－5－16","43.007023","144.390106","2018-01-15","","https://www.post.japanpost.jp/kitte_hagaki/stamp/fuke//detail.php?id=877","https://www.post.japanpost.jp/kitte_hagaki/stamp/preview/img/fuke/./1_20180105140641_thum.jpg"
"878","布伏内郵便局","北海道","〒085-0222 北海道釧路市阿寒町布伏内22線北41番地27","北海道釧路市阿寒町布伏内22線北41番地27","43.188515","144.082733","2018-01-15","","https://www.post.japanpost.jp/kitte_hagaki/stamp/fuke//detail.php?id=878","https://www.post.japanpost.jp/kitte_hagaki/stamp/preview/img/fuke/./1_20180105140902_thum.jpg"
"879","雲井郵便局","滋賀県","〒529-1803 滋賀県甲賀市信楽町牧811－4","滋賀県甲賀市信楽町牧811－4","34.91124","136.086975","2018-02-01","","https://www.post.japanpost.jp/kitte_hagaki/stamp/fuke//detail.php?id=879","https://www.post.japanpost.jp/kitte_hagaki/stamp/preview/img/fuke/./9_20180118172202_thum.jpg"
"882","都郵便局","北海道","〒046-0541 北海道余市郡赤井川村字都87","北海道余市郡赤井川村字都87","43.056477","140.835342","2018-03-01","","https://www.post.japanpost.jp/kitte_hagaki/stamp/fuke//detail.php?id=882","https://www.post.japanpost.jp/kitte_hagaki/stamp/preview/img/fuke/./1_20180213133342_thum.jpg"
"884","舞子駅前郵便局","兵庫県","〒655-0047 兵庫県神戸市垂水区東舞子町10-1","兵庫県神戸市垂水区東舞子町10-1","34.63372","135.034027","2018-03-19","","https://www.post.japanpost.jp/kitte_hagaki/stamp/fuke//detail.php?id=884","https://www.post.japanpost.jp/kitte_hagaki/stamp/preview/img/fuke/./9_20180226194133_thum.jpg"
"885","京都中立売堀川郵便局","京都府","〒602-8241 京都府京都市上京区中立売通堀川西入役人町251-10","京都府京都市上京区中立売通堀川西入役人町251-10","35.018768","135.770905","2018-03-16","","https://www.post.japanpost.jp/kitte_hagaki/stamp/fuke//detail.php?id=885","https://www.post.japanpost.jp/kitte_hagaki/stamp/preview/img/fuke/./9_20180228103752_thum.jpg"
"887","イオンモール苫小牧内郵便局","北海道","〒053-0053 北海道苫小牧市柳町3-1-20","北海道苫小牧市柳町3-1-20","42.657063","141.640335","2018-03-20","","https://www.post.japanpost.jp/kitte_hagaki/stamp/fuke//detail.php?id=887","https://www.post.japanpost.jp/kitte_hagaki/stamp/preview/img/fuke/./1_20180306154738_thum.jpg"
"888","六嘉郵便局","熊本県","〒861-3105 熊本県上益城郡嘉島町上六嘉2383","熊本県上益城郡嘉島町上六嘉2383","32.744213","130.769409","2018-04-02","","https://www.post.japanpost.jp/kitte_hagaki/stamp/fuke//detail.php?id=888","https://www.post.japanpost.jp/kitte_hagaki/stamp/preview/img/fuke/./12_20180314160055_thum.png"
"889","射水新湊郵便局","富山県","〒934-0011 富山県射水市本町3-17-10","富山県射水市本町3-17-10","36.781342","137.081268","2018-04-02","","https://www.post.japanpost.jp/kitte_hagaki/stamp/fuke//detail.php?id=889","https://www.post.japanpost.jp/kitte_hagaki/stamp/preview/img/fuke/./7_20180315130830_thum.png"
"890","長野栗田郵便局","長野県","〒380-0921 長野県長野市栗田801","長野県長野市栗田801","36.638863","138.200439","2018-04-02","","https://www.post.japanpost.jp/kitte_hagaki/stamp/fuke//detail.php?id=890","https://www.post.japanpost.jp/kitte_hagaki/stamp/preview/img/fuke/./6_20180320181834_thum.png"
"891","島田郵便局","静岡県","〒427-8799 静岡県島田市中央町17-1","静岡県島田市中央町17-1","34.837864","138.176193","2018-04-09","","https://www.post.japanpost.jp/kitte_hagaki/stamp/fuke//detail.php?id=891","https://www.post.japanpost.jp/kitte_hagaki/stamp/preview/img/fuke/./8_20180329113253_thum.png"
"892","田原郵便局","愛知県","〒441-3499 愛知県田原市田原町清谷84-6","愛知県田原市田原町清谷84-6","34.667549","137.264084","2018-04-09","","https://www.post.japanpost.jp/kitte_hagaki/stamp/fuke//detail.php?id=892","https://www.post.japanpost.jp/kitte_hagaki/stamp/preview/img/fuke/./8_20180329153034_thum.png"
"895","飯田郵便局","長野県","〒395-8799 長野県飯田市鈴加町1-7","長野県飯田市鈴加町1-7","35.520279","137.825165","2018-04-20","","https://www.post.japanpost.jp/kitte_hagaki/stamp/fuke//detail.php?id=895","https://www.post.japanpost.jp/kitte_hagaki/stamp/preview/img/fuke/./6_20180411135932_thum.png"
"896","飽海大沢簡易郵便局","山形県","〒999-8215 山形県酒田市大蕨字脇30番地の2","山形県酒田市大蕨字脇30番地の2","38.972057","139.988998","2018-04-20","","https://www.post.japanpost.jp/kitte_hagaki/stamp/fuke//detail.php?id=896","https://www.post.japanpost.jp/kitte_hagaki/stamp/preview/img/fuke/./2_20180411161941_thum.jpg"
"897","札幌大通公園前郵便局","北海道","〒060-0042 北海道北海道札幌市中央区大通西4－6－8","北海道北海道札幌市中央区大通西4－6－8","43.802906","143.894684","2018-05-01","","https://www.post.japanpost.jp/kitte_hagaki/stamp/fuke//detail.php?id=897","https://www.post.japanpost.jp/kitte_hagaki/stamp/preview/img/fuke/./1_20180412190817_thum.jpg"
"898","湖東東郵便局","滋賀県","〒527-0115 滋賀県東近江市下里町62－7","滋賀県東近江市下里町62－7","35.14035","136.25676","2018-04-16","","https://www.post.japanpost.jp/kitte_hagaki/stamp/fuke//detail.php?id=898","https://www.post.japanpost.jp/kitte_hagaki/stamp/preview/img/fuke/./9_20180416164958_thum.png"
"899","陸前小友郵便局","岩手県","〒029-2207 岩手県陸前高田市小友町西下61-1","岩手県陸前高田市小友町西下61-1","38.997883","141.693069","2018-04-23","","https://www.post.japanpost.jp/kitte_hagaki/stamp/fuke//detail.php?id=899","https://www.post.japanpost.jp/kitte_hagaki/stamp/preview/img/fuke/./2_20180416174224_thum.jpg"
"900","仁比山郵便局","佐賀県","〒842-0199 佐賀県神埼市神埼町的347－2","佐賀県神埼市神埼町的347－2","33.343819","130.370178","2018-06-01","","https://www.post.japanpost.jp/kitte_hagaki/stamp/fuke//detail.php?id=900","https://www.post.japanpost.jp/kitte_hagaki/stamp/preview/img/fuke/./12_20180515155505_thum.png"
"903","阿智郵便局","長野県","〒395-0399 長野県下伊那郡阿智村駒場1280－1","長野県下伊那郡阿智村駒場1280－1","35.445385","137.738266","2018-06-18","","https://www.post.japanpost.jp/kitte_hagaki/stamp/fuke//detail.php?id=903","https://www.post.japanpost.jp/kitte_hagaki/stamp/preview/img/fuke/./6_20180523113543_thum.jpg"
"904","宮崎県庁内郵便局","宮崎県","〒880-0805 宮崎県宮崎市橘通東2-1-9","宮崎県宮崎市橘通東2-1-9","31.910658","131.422699","2018-07-02","","https://www.post.japanpost.jp/kitte_hagaki/stamp/fuke//detail.php?id=904","https://www.post.japanpost.jp/kitte_hagaki/stamp/preview/img/fuke/./12_20180611201010_thum.png"
"905","北谷宮城郵便局","沖縄県","〒904-0113 沖縄県中頭郡北谷町宮城1-127","沖縄県中頭郡北谷町宮城1-127","26.3291","127.74501","2018-06-27","","https://www.post.japanpost.jp/kitte_hagaki/stamp/fuke//detail.php?id=905","https://www.post.japanpost.jp/kitte_hagaki/stamp/preview/img/fuke/./13_20180612174746_thum.jpg"
"906","古平浜町郵便局","北海道","〒046-0121 北海道古平郡古平町大字浜町68番地","北海道古平郡古平町大字浜町68番地","43.264061","140.640961","2018-07-02","","https://www.post.japanpost.jp/kitte_hagaki/stamp/fuke//detail.php?id=906","https://www.post.japanpost.jp/kitte_hagaki/stamp/preview/img/fuke/./1_20180614152654_thum.jpg"
"910","北見郵便局","北海道","〒090-8799 北海道北見市北6条東1丁目1-1","北海道北見市北6条東1丁目1-1","43.8078","143.892853","2018-07-13","","https://www.post.japanpost.jp/kitte_hagaki/stamp/fuke//detail.php?id=910","https://www.post.japanpost.jp/kitte_hagaki/stamp/preview/img/fuke/./1_20180622093935_thum.jpg"
"911","常呂郵便局","北海道","〒093-0299 北海道北見市常呂町字常呂338番地2","北海道北見市常呂町字常呂338番地2","44.120422","144.073364","2018-07-13","","https://www.post.japanpost.jp/kitte_hagaki/stamp/fuke//detail.php?id=911","https://www.post.japanpost.jp/kitte_hagaki/stamp/preview/img/fuke/./1_20180622094411_thum.jpg"
"912","魚津アップルヒル郵便局","富山県","〒937-0046 富山県魚津市上村木413番地","富山県魚津市上村木413番地","36.822941","137.414185","2018-07-02","","https://www.post.japanpost.jp/kitte_hagaki/stamp/fuke//detail.php?id=912","https://www.post.japanpost.jp/kitte_hagaki/stamp/preview/img/fuke/./7_20180622101330_thum.png"
"913","阿見青宿郵便局","茨城県","〒300-0301 茨城県稲敷郡阿見町青宿669－10","茨城県稲敷郡阿見町青宿669－10","36.045273","140.22049","2018-08-01","","https://www.post.japanpost.jp/kitte_hagaki/stamp/fuke//detail.php?id=913","https://www.post.japanpost.jp/kitte_hagaki/stamp/preview/img/fuke/./3_20180718115503_thum.JPG"
"914","ジ・アウトレット広島内郵便局","広島県","〒731-5162 広島県広島市佐伯区石内東四丁目1番1号","広島県広島市佐伯区石内東四丁目1番1号","34.410095","132.397629","2018-07-30","","https://www.post.japanpost.jp/kitte_hagaki/stamp/fuke//detail.php?id=914","https://www.post.japanpost.jp/kitte_hagaki/stamp/preview/img/fuke/./10_20180720151840_thum.png"
"916","小諸相生郵便局","長野県","〒384-0025 長野県小諸市相生町3-3-12","長野県小諸市相生町3-3-12","36.327145","138.4254","2018-08-13","","https://www.post.japanpost.jp/kitte_hagaki/stamp/fuke//detail.php?id=916","https://www.post.japanpost.jp/kitte_hagaki/stamp/preview/img/fuke/./6_20180730173747_thum.png"
"922","矢本郵便局","宮城県","〒981-0599 宮城県東松島市矢本字町浦237-1","宮城県東松島市矢本字町浦237-1","38.422695","141.217712","2018-08-13","","https://www.post.japanpost.jp/kitte_hagaki/stamp/fuke//detail.php?id=922","https://www.post.japanpost.jp/kitte_hagaki/stamp/preview/img/fuke/./2_20180802163111_thum.jpg"
"923","大塩郵便局","宮城県","〒981-0505 宮城県東松島市大塩字中沢下4-1","宮城県東松島市大塩字中沢下4-1","38.440952","141.177628","2018-08-13","","https://www.post.japanpost.jp/kitte_hagaki/stamp/fuke//detail.php?id=923","https://www.post.japanpost.jp/kitte_hagaki/stamp/preview/img/fuke/./2_20180801160617_thum.jpg"
"924","鳴瀬郵便局","宮城県","〒981-0399 宮城県東松島市小野字新町裏1","宮城県東松島市小野字新町裏1","38.404682","141.157623","2018-08-13","","https://www.post.japanpost.jp/kitte_hagaki/stamp/fuke//detail.php?id=924","https://www.post.japanpost.jp/kitte_hagaki/stamp/preview/img/fuke/./2_20180801161259_thum.jpg"
"925","野蒜郵便局","宮城県","〒981-0416 宮城県東松島市野蒜ケ丘2-34-1","宮城県東松島市野蒜ケ丘2-34-1","38.375618","141.146744","2018-08-13","","https://www.post.japanpost.jp/kitte_hagaki/stamp/fuke//detail.php?id=925","https://www.post.japanpost.jp/kitte_hagaki/stamp/preview/img/fuke/./2_20180801162037_thum.jpg"
"926","宮城赤井郵便局","宮城県","〒981-0501 宮城県東松島市赤井字川前三番153-18","宮城県東松島市赤井字川前三番153-18","38.434982","141.237152","2018-08-13","","https://www.post.japanpost.jp/kitte_hagaki/stamp/fuke//detail.php?id=926","https://www.post.japanpost.jp/kitte_hagaki/stamp/preview/img/fuke/./2_20180801162817_thum.jpg"
"928","宮戸郵便局","宮城県","〒981-0412 宮城県東松島市宮戸字二ツ橋60-1","宮城県東松島市宮戸字二ツ橋60-1","38.335358","141.154297","2018-08-13","","https://www.post.japanpost.jp/kitte_hagaki/stamp/fuke//detail.php?id=928","https://www.post.japanpost.jp/kitte_hagaki/stamp/preview/img/fuke/./2_20180801163110_thum.jpg"
"929","坂祝郵便局","岐阜県","〒505-0075 岐阜県加茂郡坂祝町取組419-1","岐阜県加茂郡坂祝町取組419-1","35.425129","136.976578","2018-09-03","","https://www.post.japanpost.jp/kitte_hagaki/stamp/fuke//detail.php?id=929","https://www.post.japanpost.jp/kitte_hagaki/stamp/preview/img/fuke/./8_20180813154535_thum.png"
"930","山口郵便局","佐賀県","〒849-0599 佐賀県杵島郡江北町山口1650-1","佐賀県杵島郡江北町山口1650-1","33.235771","130.151459","2018-09-10","","https://www.post.japanpost.jp/kitte_hagaki/stamp/fuke//detail.php?id=930","https://www.post.japanpost.jp/kitte_hagaki/stamp/preview/img/fuke/./12_20180814092803_thum.png"
"931","双葉竜地郵便局","山梨県","〒400-0104 山梨県甲斐市龍地2783-6","山梨県甲斐市龍地2783-6","35.681454","138.511353","2018-10-01","","https://www.post.japanpost.jp/kitte_hagaki/stamp/fuke//detail.php?id=931","https://www.post.japanpost.jp/kitte_hagaki/stamp/preview/img/fuke/./4_20180829110902_thum.jpg"
"932","横浜南部市場内郵便局","神奈川県","〒236-0002 神奈川県横浜市金沢区鳥浜町1-1","神奈川県横浜市金沢区鳥浜町1-1","35.380268","139.636612","2018-09-20","","https://www.post.japanpost.jp/kitte_hagaki/stamp/fuke//detail.php?id=932","https://www.post.japanpost.jp/kitte_hagaki/stamp/preview/img/fuke/./4_20180903111348_thum.jpg"
"934","大手町郵便局","東京都","〒100-0004 東京都千代田区大手町2-3-1","東京都千代田区大手町2-3-1","35.686779","139.767426","2018-09-25","","https://www.post.japanpost.jp/kitte_hagaki/stamp/fuke//detail.php?id=934","https://www.post.japanpost.jp/kitte_hagaki/stamp/preview/img/fuke/./5_20180905113046_thum.jpg"
"937","川西郵便局","秋田県","〒013-0502 秋田県横手市大森町袴形南越前林124－5","秋田県横手市大森町袴形南越前林124－5","39.376293","140.448776","2018-10-01","","https://www.post.japanpost.jp/kitte_hagaki/stamp/fuke//detail.php?id=937","https://www.post.japanpost.jp/kitte_hagaki/stamp/preview/img/fuke/./2_20180913181634_thum.jpg"
"938","西荻窪郵便局","東京都","〒167-0042 東京都杉並区西荻北2-13-5","東京都杉並区西荻北2-13-5","35.705868","139.601669","2018-10-01","","https://www.post.japanpost.jp/kitte_hagaki/stamp/fuke//detail.php?id=938","https://www.post.japanpost.jp/kitte_hagaki/stamp/preview/img/fuke/./5_20180919102036_thum.jpg"
"940","杉並西荻北郵便局","東京都","〒167-0042 東京都杉並区西荻北4-31-2","東京都杉並区西荻北4-31-2","35.708084","139.593109","2018-10-01","","https://www.post.japanpost.jp/kitte_hagaki/stamp/fuke//detail.php?id=940","https://www.post.japanpost.jp/kitte_hagaki/stamp/preview/img/fuke/./5_20180919102723_thum.jpg"
"942","荒川汐入郵便局","東京都","〒116-0003 東京都荒川区南千住8-4-5-118","東京都荒川区南千住8-4-5-118","35.737522","139.806534","2018-10-10","","https://www.post.japanpost.jp/kitte_hagaki/stamp/fuke//detail.php?id=942","https://www.post.japanpost.jp/kitte_hagaki/stamp/preview/img/fuke/./5_20180925142546_thum.jpg"
"944","豊洲市場郵便局","東京都","〒135-0061 東京都江東区豊洲6-6-1","東京都江東区豊洲6-6-1","35.642284","139.782837","2018-10-11","","https://www.post.japanpost.jp/kitte_hagaki/stamp/fuke//detail.php?id=944","https://www.post.japanpost.jp/kitte_hagaki/stamp/preview/img/fuke/./5_20180925144250_thum.jpg"
"945","高瀬郵便局","山形県","〒999-8523 山形県飽海郡遊佐町当山堰中瀬16","山形県飽海郡遊佐町当山堰中瀬16","39.058224","139.924957","2018-10-09","","https://www.post.japanpost.jp/kitte_hagaki/stamp/fuke//detail.php?id=945","https://www.post.japanpost.jp/kitte_hagaki/stamp/preview/img/fuke/./2_20180928161841_thum.jpg"
"946","大岩川郵便局","山形県","〒999-7123 山形県鶴岡市大岩川沢山745－7","山形県鶴岡市大岩川沢山745－7","38.602173","139.579346","2018-10-09","","https://www.post.japanpost.jp/kitte_hagaki/stamp/fuke//detail.php?id=946","https://www.post.japanpost.jp/kitte_hagaki/stamp/preview/img/fuke/./2_20181003180542_thum.jpg"
"947","山戸郵便局","山形県","〒999-7201 山形県鶴岡市山五十川丙134－2","山形県鶴岡市山五十川丙134－2","38.645496","139.657761","2018-10-09","","https://www.post.japanpost.jp/kitte_hagaki/stamp/fuke//detail.php?id=947","https://www.post.japanpost.jp/kitte_hagaki/stamp/preview/img/fuke/./2_20181003180223_thum.jpg"
"948","木野俣郵便局","山形県","〒999-7313 山形県鶴岡市木野俣甲98－4","山形県鶴岡市木野俣甲98－4","38.563053","139.703674","2018-10-09","","https://www.post.japanpost.jp/kitte_hagaki/stamp/fuke//detail.php?id=948","https://www.post.japanpost.jp/kitte_hagaki/stamp/preview/img/fuke/./2_20181003180137_thum.jpg"
"949","栄郵便局","山形県","〒997-0002 山形県鶴岡市播磨相生120－3","山形県鶴岡市播磨相生120－3","38.770073","139.82605","2018-10-09","","https://www.post.japanpost.jp/kitte_hagaki/stamp/fuke//detail.php?id=949","https://www.post.japanpost.jp/kitte_hagaki/stamp/preview/img/fuke/./2_20181003180642_thum.jpg"
"950","鶴岡淀川町郵便局","山形県","〒997-0838 山形県鶴岡市淀川町3－11","山形県鶴岡市淀川町3－11","38.729023","139.806259","2018-10-09","","https://www.post.japanpost.jp/kitte_hagaki/stamp/fuke//detail.php?id=950","https://www.post.japanpost.jp/kitte_hagaki/stamp/preview/img/fuke/./2_20181003180610_thum.jpg"
"952","西荒瀬郵便局","山形県","〒998-0004 山形県酒田市豊里下藤塚45－5","山形県酒田市豊里下藤塚45－5","38.950077","139.846848","2018-10-09","","https://www.post.japanpost.jp/kitte_hagaki/stamp/fuke//detail.php?id=952","https://www.post.japanpost.jp/kitte_hagaki/stamp/preview/img/fuke/./2_20181005190825_thum.jpg"
"954","鶴岡千石町郵便局","山形県","〒997-0813 山形県鶴岡市千石町8－30","山形県鶴岡市千石町8－30","38.715435","139.830597","2018-10-09","","https://www.post.japanpost.jp/kitte_hagaki/stamp/fuke//detail.php?id=954","https://www.post.japanpost.jp/kitte_hagaki/stamp/preview/img/fuke/./2_20181005190742_thum.jpg"
"955","廻館郵便局","山形県","〒999-7715 山形県東田川郡庄内町廻館館舎30","山形県東田川郡庄内町廻館館舎30","38.818562","139.924789","2018-10-09","","https://www.post.japanpost.jp/kitte_hagaki/stamp/fuke//detail.php?id=955","https://www.post.japanpost.jp/kitte_hagaki/stamp/preview/img/fuke/./2_20181005191005_thum.jpg"
"956","上田郵便局","山形県","〒999-8151 山形県酒田市安田大平184－2","山形県酒田市安田大平184－2","38.947613","139.89653","2018-10-09","","https://www.post.japanpost.jp/kitte_hagaki/stamp/fuke//detail.php?id=956","https://www.post.japanpost.jp/kitte_hagaki/stamp/preview/img/fuke/./2_20181005191029_thum.jpg"
"957","手向郵便局","山形県","〒997-0211 山形県鶴岡市羽黒町手向手向250","山形県鶴岡市羽黒町手向手向250","38.692657","139.969208","2018-10-09","","https://www.post.japanpost.jp/kitte_hagaki/stamp/fuke//detail.php?id=957","https://www.post.japanpost.jp/kitte_hagaki/stamp/preview/img/fuke/./2_20181005190537_thum.jpg"
"958","八栄島郵便局","山形県","〒999-7631 山形県鶴岡市八色木平田114－2","山形県鶴岡市八色木平田114－2","38.789284","139.901367","2018-10-09","","https://www.post.japanpost.jp/kitte_hagaki/stamp/fuke//detail.php?id=958","https://www.post.japanpost.jp/kitte_hagaki/stamp/preview/img/fuke/./2_20181005190911_thum.jpg"
"959","山添郵便局","山形県","〒997-0346 山形県鶴岡市上山添神明前355","山形県鶴岡市上山添神明前355","38.67915","139.843292","2018-10-09","","https://www.post.japanpost.jp/kitte_hagaki/stamp/fuke//detail.php?id=959","https://www.post.japanpost.jp/kitte_hagaki/stamp/preview/img/fuke/./2_20181005190801_thum.jpg"
"960","鶴岡朝暘町郵便局","山形県","〒997-0024 山形県鶴岡市朝暘町10－25","山形県鶴岡市朝暘町10－25","38.728271","139.843018","2018-10-09","","https://www.post.japanpost.jp/kitte_hagaki/stamp/fuke//detail.php?id=960","https://www.post.japanpost.jp/kitte_hagaki/stamp/preview/img/fuke/./2_20181005190518_thum.jpg"
"964","一宮浅井郵便局","愛知県","〒491-0112 愛知県一宮市浅井町東浅井森下115－3","愛知県一宮市浅井町東浅井森下115－3","35.332939","136.825562","2018-11-19","","https://www.post.japanpost.jp/kitte_hagaki/stamp/fuke//detail.php?id=964","https://www.post.japanpost.jp/kitte_hagaki/stamp/preview/img/fuke/./8_20181101145819_thum.png"
"965","加賀野郵便局","石川県","〒924-0047 石川県白山市西美沢野町2-5","石川県白山市西美沢野町2-5","36.503273","136.531464","2018-12-03","","https://www.post.japanpost.jp/kitte_hagaki/stamp/fuke//detail.php?id=965","https://www.post.japanpost.jp/kitte_hagaki/stamp/preview/img/fuke/./7_20190320101409_thum.jpg"
"966","恵庭漁町","北海道","〒061-1414 北海道恵庭市漁町22","北海道恵庭市漁町22","42.880836","141.576797","2018-12-17","","https://www.post.japanpost.jp/kitte_hagaki/stamp/fuke//detail.php?id=966","https://www.post.japanpost.jp/kitte_hagaki/stamp/preview/img/fuke/./1_20181126200104_thum.jpg"
"967","久良郵便局","愛媛県","〒798-4353 愛媛県愛媛県南宇和郡愛南町久良1438","愛媛県愛媛県南宇和郡愛南町久良1438","32.962494","132.583389","2018-12-25","","https://www.post.japanpost.jp/kitte_hagaki/stamp/fuke//detail.php?id=967","https://www.post.japanpost.jp/kitte_hagaki/stamp/preview/img/fuke/./11_20181207153845_thum.png"
"968","木江明石郵便局","広島県","〒725-0403 広島県豊田郡大崎上島町明石2408－1","広島県豊田郡大崎上島町明石2408－1","34.21505","132.865662","2018-12-25","","https://www.post.japanpost.jp/kitte_hagaki/stamp/fuke//detail.php?id=968","https://www.post.japanpost.jp/kitte_hagaki/stamp/preview/img/fuke/./10_20181213183539_thum.png"
"969","鮴崎郵便局","広島県","〒725-0231 広島県豊田郡大崎上島町東野5483-25","広島県豊田郡大崎上島町東野5483-25","34.263557","132.921585","2018-12-25","","https://www.post.japanpost.jp/kitte_hagaki/stamp/fuke//detail.php?id=969","https://www.post.japanpost.jp/kitte_hagaki/stamp/preview/img/fuke/./10_20181213185722_thum.png"
"970","木江沖浦郵便局","広島県","〒725-0402 広島県豊田郡大崎上島町沖浦1010-3","広島県豊田郡大崎上島町沖浦1010-3","34.215904","132.89946","2018-12-25","","https://www.post.japanpost.jp/kitte_hagaki/stamp/fuke//detail.php?id=970","https://www.post.japanpost.jp/kitte_hagaki/stamp/preview/img/fuke/./10_20181213190044_thum.png"
"971","大崎郵便局","広島県","〒725-0399 広島県豊田郡大崎上島町中野4610-1","広島県豊田郡大崎上島町中野4610-1","34.245743","132.883835","2018-12-25","","https://www.post.japanpost.jp/kitte_hagaki/stamp/fuke//detail.php?id=971","https://www.post.japanpost.jp/kitte_hagaki/stamp/preview/img/fuke/./10_20181213190358_thum.png"
"972","堺深井沢郵便局","大阪府","〒599-8236 大阪府堺市中区深井沢町2486－10","大阪府堺市中区深井沢町2486－10","34.529118","135.49968","2019-02-01","","https://www.post.japanpost.jp/kitte_hagaki/stamp/fuke//detail.php?id=972","https://www.post.japanpost.jp/kitte_hagaki/stamp/preview/img/fuke/./9_20181217130933_thum.png"
"973","福知山中ノ郵便局","京都府","〒620-0037 京都府福知山市中ノ30－8","京都府福知山市中ノ30－8","35.302155","135.123672","2019-01-04","","https://www.post.japanpost.jp/kitte_hagaki/stamp/fuke//detail.php?id=973","https://www.post.japanpost.jp/kitte_hagaki/stamp/preview/img/fuke/./9_20181217133646_thum.png"
"974","安土老蘇郵便局","滋賀県","〒521-1332 滋賀県近江八幡市安土町東老蘇1334-2","滋賀県近江八幡市安土町東老蘇1334-2","35.12706","136.159348","2019-02-15","","https://www.post.japanpost.jp/kitte_hagaki/stamp/fuke//detail.php?id=974","https://www.post.japanpost.jp/kitte_hagaki/stamp/preview/img/fuke/./9_20181217134300_thum.png"
"975","東栄郵便局","山形県","〒999-7644 山形県鶴岡市川尻町上18－2","山形県鶴岡市川尻町上18－2","38.749924","139.934525","2019-01-15","","https://www.post.japanpost.jp/kitte_hagaki/stamp/fuke//detail.php?id=975","https://www.post.japanpost.jp/kitte_hagaki/stamp/preview/img/fuke/./2_20181228135440_thum.jpg"
"976","羽前長沼郵便局","山形県","〒999-7621 山形県鶴岡市長沼宮前38－1","山形県鶴岡市長沼宮前38－1","38.804901","139.873703","2019-01-15","","https://www.post.japanpost.jp/kitte_hagaki/stamp/fuke//detail.php?id=976","https://www.post.japanpost.jp/kitte_hagaki/stamp/preview/img/fuke/./2_20181228135931_thum.jpg"
"978","羽前本郷郵便局","山形県","〒997-0412 山形県鶴岡市本郷平沢下41","山形県鶴岡市本郷平沢下41","38.598221","139.803772","2019-01-15","","https://www.post.japanpost.jp/kitte_hagaki/stamp/fuke//detail.php?id=978","https://www.post.japanpost.jp/kitte_hagaki/stamp/preview/img/fuke/./2_20181228145651_thum.jpg"
"979","津和郵便局","長野県","〒381-2401 長野県長野市信州新町越道3784-2","長野県長野市信州新町越道3784-2","36.592625","137.980209","2019-02-01","","https://www.post.japanpost.jp/kitte_hagaki/stamp/fuke//detail.php?id=979","https://www.post.japanpost.jp/kitte_hagaki/stamp/preview/img/fuke/./6_20190115183047_thum.jpg"
"980","大阪弁天町郵便局(旧弁天町オーク内郵便局)","大阪府","〒552-0007 大阪府大阪市港区弁天1丁目2－4－100","大阪府大阪市港区弁天1丁目2－4－100","34.669029","135.461258","2019-03-04","","https://www.post.japanpost.jp/kitte_hagaki/stamp/fuke//detail.php?id=980","https://www.post.japanpost.jp/kitte_hagaki/stamp/preview/img/fuke/./9_20190117170504_thum.png"
"982","臼杵郵便局","大分県","〒875-8799 大分県臼杵市臼杵浜2-107-712","大分県臼杵市臼杵浜2-107-712","33.12241","131.802719","2019-02-14","","https://www.post.japanpost.jp/kitte_hagaki/stamp/fuke//detail.php?id=982","https://www.post.japanpost.jp/kitte_hagaki/stamp/preview/img/fuke/./12_20190123115649_thum.png"
"984","平生郵便局","山口県","〒742-1199 山口県熊毛郡平生町平生町東浜197-42","山口県熊毛郡平生町平生町東浜197-42","33.936855","132.068466","2019-02-05","","https://www.post.japanpost.jp/kitte_hagaki/stamp/fuke//detail.php?id=984","https://www.post.japanpost.jp/kitte_hagaki/stamp/preview/img/fuke/./10_20190124151320_thum.png"
"986","和泉内田郵便局","大阪府","〒594-1156 大阪府和泉市内田町2丁目1番10号","大阪府和泉市内田町2丁目1番10号","34.454582","135.448654","2019-03-11","","https://www.post.japanpost.jp/kitte_hagaki/stamp/fuke//detail.php?id=986","https://www.post.japanpost.jp/kitte_hagaki/stamp/preview/img/fuke/./9_20190205090519_thum.png"
"987","尼崎郵便局","兵庫県","〒660-8799 兵庫県尼崎市昭和通2-11-1","兵庫県尼崎市昭和通2-11-1","34.720295","135.423935","2019-04-01","","https://www.post.japanpost.jp/kitte_hagaki/stamp/fuke//detail.php?id=987","https://www.post.japanpost.jp/kitte_hagaki/stamp/preview/img/fuke/./9_20190207152342_thum.png"
"988","尼崎大物郵便局","兵庫県","〒660-0823 兵庫県尼崎市大物町2-10-15","兵庫県尼崎市大物町2-10-15","34.714924","135.423553","2019-04-01","","https://www.post.japanpost.jp/kitte_hagaki/stamp/fuke//detail.php?id=988","https://www.post.japanpost.jp/kitte_hagaki/stamp/preview/img/fuke/./9_20190207155106_thum.png"
"989","阪神尼崎駅前郵便局","兵庫県","〒660-0861 兵庫県尼崎市御園町46","兵庫県尼崎市御園町46","34.71822","135.414917","2019-04-01","","https://www.post.japanpost.jp/kitte_hagaki/stamp/fuke//detail.php?id=989","https://www.post.japanpost.jp/kitte_hagaki/stamp/preview/img/fuke/./9_20190207155456_thum.png"
"992","朝日郵便局","山形県","〒997-0499 山形県鶴岡市熊出日鑓71－1","山形県鶴岡市熊出日鑓71－1","38.618328","139.838623","2019-03-11","","https://www.post.japanpost.jp/kitte_hagaki/stamp/fuke//detail.php?id=992","https://www.post.japanpost.jp/kitte_hagaki/stamp/preview/img/fuke/./2_20190228161955_thum.jpg"
"993","新堀郵便局","山形県","〒999-7776 山形県酒田市新堀豊森37－2","山形県酒田市新堀豊森37－2","38.873772","139.879654","2019-03-11","","https://www.post.japanpost.jp/kitte_hagaki/stamp/fuke//detail.php?id=993","https://www.post.japanpost.jp/kitte_hagaki/stamp/preview/img/fuke/./2_20190228162213_thum.jpg"
"994","北平田郵便局","山形県","〒999-8164 山形県酒田市漆曽根腰廻259","山形県酒田市漆曽根腰廻259","38.929237","139.884369","2019-03-11","","https://www.post.japanpost.jp/kitte_hagaki/stamp/fuke//detail.php?id=994","https://www.post.japanpost.jp/kitte_hagaki/stamp/preview/img/fuke/./2_20190228162529_thum.jpg"
"995","宮曽根郵便局","山形県","〒999-7764 山形県東田川郡庄内町宮曽根宮の前52","山形県東田川郡庄内町宮曽根宮の前52","38.838932","139.872955","2019-03-11","","https://www.post.japanpost.jp/kitte_hagaki/stamp/fuke//detail.php?id=995","https://www.post.japanpost.jp/kitte_hagaki/stamp/preview/img/fuke/./2_20190228162723_thum.jpg"
"996","立谷沢郵便局","山形県","〒999-6607 山形県東田川郡庄内町肝煎家の前26－4","山形県東田川郡庄内町肝煎家の前26－4","38.743172","140.006577","2019-03-11","","https://www.post.japanpost.jp/kitte_hagaki/stamp/fuke//detail.php?id=996","https://www.post.japanpost.jp/kitte_hagaki/stamp/preview/img/fuke/./2_20190228162942_thum.jpg"
"997","余目茶屋町郵便局","山形県","〒999-7181 山形県東田川郡庄内町余目沢田155","山形県東田川郡庄内町余目沢田155","38.846188","139.908508","2019-03-11","","https://www.post.japanpost.jp/kitte_hagaki/stamp/fuke//detail.php?id=997","https://www.post.japanpost.jp/kitte_hagaki/stamp/preview/img/fuke/./2_20190228163242_thum.jpg"
"998","川崎木月大町郵便局","神奈川県","〒211-0031 神奈川県川崎市中原区木月大町11－27","神奈川県川崎市中原区木月大町11－27","35.569656","139.651871","2019-03-07","","https://www.post.japanpost.jp/kitte_hagaki/stamp/fuke//detail.php?id=998","https://www.post.japanpost.jp/kitte_hagaki/stamp/preview/img/fuke/./4_20190301155842_thum.jpg"
"999","横浜南部市場内郵便局","神奈川県","〒236-0002 神奈川県横浜市金沢区鳥浜町1-1","神奈川県横浜市金沢区鳥浜町1-1","35.380268","139.636612","2019-04-04","","https://www.post.japanpost.jp/kitte_hagaki/stamp/fuke//detail.php?id=999","https://www.post.japanpost.jp/kitte_hagaki/stamp/preview/img/fuke/./4_20190301160310_thum.jpg"
"1001","免田郵便局","熊本県","〒868-0499 熊本県球磨郡あさぎり町免田東1699-13","熊本県球磨郡あさぎり町免田東1699-13","32.243008","130.903412","2019-04-01","","https://www.post.japanpost.jp/kitte_hagaki/stamp/fuke//detail.php?id=1001","https://www.post.japanpost.jp/kitte_hagaki/stamp/preview/img/fuke/./12_20190312141558_thum.png"
"1003","小長井郵便局","長崎県","〒859-0166 長崎県諫早市小長井町井崎679-3","長崎県諫早市小長井町井崎679-3","32.937992","130.183777","2019-04-15","","https://www.post.japanpost.jp/kitte_hagaki/stamp/fuke//detail.php?id=1003","https://www.post.japanpost.jp/kitte_hagaki/stamp/preview/img/fuke/./12_20190314101051_thum.png"
"1004","北田野浦郵便局","新潟県","〒952-2213 新潟県佐渡市北田野浦1454-5","新潟県佐渡市北田野浦1454-5","38.183743","138.382568","2019-04-01","","https://www.post.japanpost.jp/kitte_hagaki/stamp/fuke//detail.php?id=1004","https://www.post.japanpost.jp/kitte_hagaki/stamp/preview/img/fuke/./6_20190319150008_thum.png"
"1005","山平郵便局","新潟県","〒942-1534 新潟県十日町市蒲生2108-1","新潟県十日町市蒲生2108-1","37.132095","138.581528","2019-04-01","","https://www.post.japanpost.jp/kitte_hagaki/stamp/fuke//detail.php?id=1005","https://www.post.japanpost.jp/kitte_hagaki/stamp/preview/img/fuke/./6_20190319150517_thum.png"
"1006","吉井郵便局","新潟県","〒952-1203 新潟県佐渡市吉井29","新潟県佐渡市吉井29","38.048691","138.394623","2019-04-01","","https://www.post.japanpost.jp/kitte_hagaki/stamp/fuke//detail.php?id=1006","https://www.post.japanpost.jp/kitte_hagaki/stamp/preview/img/fuke/./6_20190319151012_thum.png"
"1007","名瀬古田郵便局","鹿児島県","〒894-0016 鹿児島県奄美市名瀬古田町11-34","鹿児島県奄美市名瀬古田町11-34","28.369951","129.498581","2019-05-07","","https://www.post.japanpost.jp/kitte_hagaki/stamp/fuke//detail.php?id=1007","https://www.post.japanpost.jp/kitte_hagaki/stamp/preview/img/fuke/./12_20190327155612_thum.png"
"1008","大島小湊郵便局","鹿児島県","〒894-0771 鹿児島県奄美市名瀬小湊264-5","鹿児島県奄美市名瀬小湊264-5","28.30909","129.519791","2019-05-07","","https://www.post.japanpost.jp/kitte_hagaki/stamp/fuke//detail.php?id=1008","https://www.post.japanpost.jp/kitte_hagaki/stamp/preview/img/fuke/./12_20190327160100_thum.png"
"1009","永田橋郵便局","鹿児島県","〒894-0017 鹿児島県奄美市名瀬石橋町6-6","鹿児島県奄美市名瀬石橋町6-6","28.375254","129.497864","2019-05-07","","https://www.post.japanpost.jp/kitte_hagaki/stamp/fuke//detail.php?id=1009","https://www.post.japanpost.jp/kitte_hagaki/stamp/preview/img/fuke/./12_20190327160112_thum.png"
"1010","浦上郵便局","鹿児島県","〒894-0062 鹿児島県奄美市名瀬有屋町1-4","鹿児島県奄美市名瀬有屋町1-4","28.393524","129.526382","2019-05-07","","https://www.post.japanpost.jp/kitte_hagaki/stamp/fuke//detail.php?id=1010","https://www.post.japanpost.jp/kitte_hagaki/stamp/preview/img/fuke/./12_20190327160123_thum.png"
"1011","小宿郵便局","鹿児島県","〒894-0045 鹿児島県奄美市名瀬平松町454","鹿児島県奄美市名瀬平松町454","28.39851","129.468109","2019-05-07","","https://www.post.japanpost.jp/kitte_hagaki/stamp/fuke//detail.php?id=1011","https://www.post.japanpost.jp/kitte_hagaki/stamp/preview/img/fuke/./12_20190327160656_thum.png"
"1012","名瀬佐大熊郵便局","鹿児島県","〒894-0005 鹿児島県奄美市名瀬佐大熊町14-14","鹿児島県奄美市名瀬佐大熊町14-14","28.39065","129.50502","2019-05-07","","https://www.post.japanpost.jp/kitte_hagaki/stamp/fuke//detail.php?id=1012","https://www.post.japanpost.jp/kitte_hagaki/stamp/preview/img/fuke/./12_20190327160707_thum.png"
"1013","宇宿郵便局","鹿児島県","〒894-0501 鹿児島県奄美市笠利町宇宿140","鹿児島県奄美市笠利町宇宿140","28.455927","129.709244","2019-05-07","","https://www.post.japanpost.jp/kitte_hagaki/stamp/fuke//detail.php?id=1013","https://www.post.japanpost.jp/kitte_hagaki/stamp/preview/img/fuke/./12_20190327160724_thum.png"
"1014","赤木名郵便局","鹿児島県","〒894-0599 鹿児島県奄美市笠利町里37-4","鹿児島県奄美市笠利町里37-4","28.449841","129.688873","2019-05-07","","https://www.post.japanpost.jp/kitte_hagaki/stamp/fuke//detail.php?id=1014","https://www.post.japanpost.jp/kitte_hagaki/stamp/preview/img/fuke/./12_20190327160738_thum.png"
"1015","笠利郵便局","鹿児島県","〒894-0699 鹿児島県奄美市笠利町笠利22","鹿児島県奄美市笠利町笠利22","28.487978","129.689621","2019-05-07","","https://www.post.japanpost.jp/kitte_hagaki/stamp/fuke//detail.php?id=1015","https://www.post.japanpost.jp/kitte_hagaki/stamp/preview/img/fuke/./12_20190327160822_thum.png"
"1016","屋仁郵便局","鹿児島県","〒894-0626 鹿児島県奄美市笠利町屋仁74","鹿児島県奄美市笠利町屋仁74","28.497606","129.655685","2019-05-07","","https://www.post.japanpost.jp/kitte_hagaki/stamp/fuke//detail.php?id=1016","https://www.post.japanpost.jp/kitte_hagaki/stamp/preview/img/fuke/./12_20190327160840_thum.png"
"1017","大勝郵便局","鹿児島県","〒894-0199 鹿児島県大島郡龍郷町大勝1148-2","鹿児島県大島郡龍郷町大勝1148-2","28.395542","129.584854","2019-05-07","","https://www.post.japanpost.jp/kitte_hagaki/stamp/fuke//detail.php?id=1017","https://www.post.japanpost.jp/kitte_hagaki/stamp/preview/img/fuke/./12_20190327160857_thum.png"
"1018","秋名郵便局","鹿児島県","〒894-0333 鹿児島県大島郡龍郷町秋名1215-1","鹿児島県大島郡龍郷町秋名1215-1","28.447042","129.558365","2019-05-07","","https://www.post.japanpost.jp/kitte_hagaki/stamp/fuke//detail.php?id=1018","https://www.post.japanpost.jp/kitte_hagaki/stamp/preview/img/fuke/./12_20190327161907_thum.png"
"1019","赤尾木郵便局","鹿児島県","〒894-0499 鹿児島県大島郡龍郷町赤尾木241-2","鹿児島県大島郡龍郷町赤尾木241-2","28.413383","129.62735","2019-05-07","","https://www.post.japanpost.jp/kitte_hagaki/stamp/fuke//detail.php?id=1019","https://www.post.japanpost.jp/kitte_hagaki/stamp/preview/img/fuke/./12_20190327161926_thum.png"
"1020","名音郵便局","鹿児島県","〒894-3299 鹿児島県大島郡大和村名音291","鹿児島県大島郡大和村名音291","28.314432","129.329803","2019-05-07","","https://www.post.japanpost.jp/kitte_hagaki/stamp/fuke//detail.php?id=1020","https://www.post.japanpost.jp/kitte_hagaki/stamp/preview/img/fuke/./12_20190327161944_thum.png"
"1021","大和郵便局","鹿児島県","〒894-3199 鹿児島県大島郡大和村思勝13-2","鹿児島県大島郡大和村思勝13-2","28.331684","129.394623","2019-05-07","","https://www.post.japanpost.jp/kitte_hagaki/stamp/fuke//detail.php?id=1021","https://www.post.japanpost.jp/kitte_hagaki/stamp/preview/img/fuke/./12_20190327162002_thum.png"
"1022","宇検久志郵便局","鹿児島県","〒894-3499 鹿児島県大島郡宇検村久志254","鹿児島県大島郡宇検村久志254","28.287317","129.233643","2019-05-07","","https://www.post.japanpost.jp/kitte_hagaki/stamp/fuke//detail.php?id=1022","https://www.post.japanpost.jp/kitte_hagaki/stamp/preview/img/fuke/./12_20190327162135_thum.png"
"1023","阿室郵便局","鹿児島県","〒894-3699 鹿児島県大島郡宇検村阿室2713-1","鹿児島県大島郡宇検村阿室2713-1","28.251736","129.193314","2019-05-07","","https://www.post.japanpost.jp/kitte_hagaki/stamp/fuke//detail.php?id=1023","https://www.post.japanpost.jp/kitte_hagaki/stamp/preview/img/fuke/./12_20190327162149_thum.png"
"1024","宇検郵便局","鹿児島県","〒894-3399 鹿児島県大島郡宇検村湯湾9","鹿児島県大島郡宇検村湯湾9","28.265137","129.338379","2019-05-07","","https://www.post.japanpost.jp/kitte_hagaki/stamp/fuke//detail.php?id=1024","https://www.post.japanpost.jp/kitte_hagaki/stamp/preview/img/fuke/./12_20190327162230_thum.png"
"1025","名柄郵便局","鹿児島県","〒894-3599 鹿児島県大島郡宇検村名柄1237-7","鹿児島県大島郡宇検村名柄1237-7","28.246857","129.24202","2019-05-07","","https://www.post.japanpost.jp/kitte_hagaki/stamp/fuke//detail.php?id=1025","https://www.post.japanpost.jp/kitte_hagaki/stamp/preview/img/fuke/./12_20190327162727_thum.png"
"1026","実久郵便局","鹿児島県","〒894-2401 鹿児島県大島郡瀬戸内町瀬武170","鹿児島県大島郡瀬戸内町瀬武170","28.167187","129.206528","2019-05-07","","https://www.post.japanpost.jp/kitte_hagaki/stamp/fuke//detail.php?id=1026","https://www.post.japanpost.jp/kitte_hagaki/stamp/preview/img/fuke/./12_20190327162740_thum.png"
"1027","西阿室郵便局","鹿児島県","〒894-2321 鹿児島県大島郡瀬戸内町西阿室2-1","鹿児島県大島郡瀬戸内町西阿室2-1","28.117949","129.226395","2019-05-07","","https://www.post.japanpost.jp/kitte_hagaki/stamp/fuke//detail.php?id=1027","https://www.post.japanpost.jp/kitte_hagaki/stamp/preview/img/fuke/./12_20190327162800_thum.png"
"1028","池地郵便局","鹿児島県","〒894-2501 鹿児島県大島郡瀬戸内町池地551-1","鹿児島県大島郡瀬戸内町池地551-1","28.036669","129.218384","2019-05-07","","https://www.post.japanpost.jp/kitte_hagaki/stamp/fuke//detail.php?id=1028","https://www.post.japanpost.jp/kitte_hagaki/stamp/preview/img/fuke/./12_20190328102512_thum.png"
"1029","西古見郵便局","鹿児島県","〒894-1855 鹿児島県大島郡瀬戸内町西古見56","鹿児島県大島郡瀬戸内町西古見56","28.238478","129.156937","2019-05-07","","https://www.post.japanpost.jp/kitte_hagaki/stamp/fuke//detail.php?id=1029","https://www.post.japanpost.jp/kitte_hagaki/stamp/preview/img/fuke/./12_20190327162838_thum.png"
"1030","阿鉄郵便局","鹿児島県","〒894-1744 鹿児島県大島郡瀬戸内町阿鉄722-3","鹿児島県大島郡瀬戸内町阿鉄722-3","28.191963","129.297775","2019-05-07","","https://www.post.japanpost.jp/kitte_hagaki/stamp/fuke//detail.php?id=1030","https://www.post.japanpost.jp/kitte_hagaki/stamp/preview/img/fuke/./12_20190328102618_thum.png"
"1031","久慈郵便局","鹿児島県","〒894-1899 鹿児島県大島郡瀬戸内町久慈543-1","鹿児島県大島郡瀬戸内町久慈543-1","28.23406","129.248917","2019-05-07","","https://www.post.japanpost.jp/kitte_hagaki/stamp/fuke//detail.php?id=1031","https://www.post.japanpost.jp/kitte_hagaki/stamp/preview/img/fuke/./12_20190327162912_thum.png"
"1032","篠川郵便局","鹿児島県","〒894-1741 鹿児島県大島郡瀬戸内町篠川558-1","鹿児島県大島郡瀬戸内町篠川558-1","28.230421","129.299667","2019-05-07","","https://www.post.japanpost.jp/kitte_hagaki/stamp/fuke//detail.php?id=1032","https://www.post.japanpost.jp/kitte_hagaki/stamp/preview/img/fuke/./12_20190327162928_thum.png"
"1033","古仁屋郵便局","鹿児島県","〒894-1599 鹿児島県大島郡瀬戸内町古仁屋松江8","鹿児島県大島郡瀬戸内町古仁屋松江8","28.152178","129.318085","2019-05-07","","https://www.post.japanpost.jp/kitte_hagaki/stamp/fuke//detail.php?id=1033","https://www.post.japanpost.jp/kitte_hagaki/stamp/preview/img/fuke/./12_20190327162943_thum.png"
"1034","瀬戸内阿木名郵便局","鹿児島県","〒894-1511 鹿児島県大島郡瀬戸内町阿木名509-1","鹿児島県大島郡瀬戸内町阿木名509-1","28.17498","129.327271","2019-05-07","","https://www.post.japanpost.jp/kitte_hagaki/stamp/fuke//detail.php?id=1034","https://www.post.japanpost.jp/kitte_hagaki/stamp/preview/img/fuke/./12_20190327162959_thum.png"
"1035","押角郵便局","鹿児島県","〒894-2231 鹿児島県大島郡瀬戸内町押角451","鹿児島県大島郡瀬戸内町押角451","28.122435","129.270004","2019-05-07","","https://www.post.japanpost.jp/kitte_hagaki/stamp/fuke//detail.php?id=1035","https://www.post.japanpost.jp/kitte_hagaki/stamp/preview/img/fuke/./12_20190327163023_thum.png"
"1036","諸鈍郵便局","鹿児島県","〒894-2141 鹿児島県大島郡瀬戸内町諸鈍345-6","鹿児島県大島郡瀬戸内町諸鈍345-6","28.082241","129.329758","2019-05-07","","https://www.post.japanpost.jp/kitte_hagaki/stamp/fuke//detail.php?id=1036","https://www.post.japanpost.jp/kitte_hagaki/stamp/preview/img/fuke/./12_20190327163144_thum.png"
"1037","与路郵便局","鹿児島県","〒894-2601 鹿児島県大島郡瀬戸内町与路370","鹿児島県大島郡瀬戸内町与路370","28.041458","129.157242","2019-05-07","","https://www.post.japanpost.jp/kitte_hagaki/stamp/fuke//detail.php?id=1037","https://www.post.japanpost.jp/kitte_hagaki/stamp/preview/img/fuke/./12_20190327163158_thum.png"
"1038","早町郵便局","鹿児島県","〒891-6152 鹿児島県大島郡喜界町早町401-3","鹿児島県大島郡喜界町早町401-3","28.337856","129.996033","2019-05-07","","https://www.post.japanpost.jp/kitte_hagaki/stamp/fuke//detail.php?id=1038","https://www.post.japanpost.jp/kitte_hagaki/stamp/preview/img/fuke/./12_20190327163219_thum.png"
"1039","喜界郵便局","鹿児島県","〒891-6299 鹿児島県大島郡喜界町湾21-3","鹿児島県大島郡喜界町湾21-3","28.319736","129.939575","2019-05-07","","https://www.post.japanpost.jp/kitte_hagaki/stamp/fuke//detail.php?id=1039","https://www.post.japanpost.jp/kitte_hagaki/stamp/preview/img/fuke/./12_20190327163237_thum.png"
"1040","坂嶺郵便局","鹿児島県","〒891-6216 鹿児島県大島郡喜界町坂嶺2028-3","鹿児島県大島郡喜界町坂嶺2028-3","28.34075","129.974777","2019-05-07","","https://www.post.japanpost.jp/kitte_hagaki/stamp/fuke//detail.php?id=1040","https://www.post.japanpost.jp/kitte_hagaki/stamp/preview/img/fuke/./12_20190327163252_thum.png"
"1041","上嘉鉄郵便局","鹿児島県","〒891-6233 鹿児島県大島郡喜界町上嘉鉄67-1","鹿児島県大島郡喜界町上嘉鉄67-1","28.284231","129.946518","2019-05-07","","https://www.post.japanpost.jp/kitte_hagaki/stamp/fuke//detail.php?id=1041","https://www.post.japanpost.jp/kitte_hagaki/stamp/preview/img/fuke/./12_20190327163309_thum.png"
"1042","国津郵便局","三重県","〒518-0501 三重県名張市長瀬1472-2","三重県名張市長瀬1472-2","34.586121","136.177948","2019-04-01","","https://www.post.japanpost.jp/kitte_hagaki/stamp/fuke//detail.php?id=1042","https://www.post.japanpost.jp/kitte_hagaki/stamp/preview/img/fuke/./8_20190322101431_thum.png"
"1043","小野津郵便局","鹿児島県","〒891-6142 鹿児島県大島郡喜界町小野津1033-1","鹿児島県大島郡喜界町小野津1033-1","28.366592","130.006973","2019-05-07","","https://www.post.japanpost.jp/kitte_hagaki/stamp/fuke//detail.php?id=1043","https://www.post.japanpost.jp/kitte_hagaki/stamp/preview/img/fuke/./12_20190327163326_thum.png"
"1044","徳之島亀徳郵便局","鹿児島県","〒891-7102 鹿児島県大島郡徳之島町亀徳2054-3","鹿児島県大島郡徳之島町亀徳2054-3","27.743017","129.021744","2019-05-07","","https://www.post.japanpost.jp/kitte_hagaki/stamp/fuke//detail.php?id=1044","https://www.post.japanpost.jp/kitte_hagaki/stamp/preview/img/fuke/./12_20190327163354_thum.png"
"1045","手々郵便局","鹿児島県","〒891-7421 鹿児島県大島郡徳之島町手々2995","鹿児島県大島郡徳之島町手々2995","27.880966","128.925476","2019-05-07","","https://www.post.japanpost.jp/kitte_hagaki/stamp/fuke//detail.php?id=1045","https://www.post.japanpost.jp/kitte_hagaki/stamp/preview/img/fuke/./12_20190327163412_thum.png"
"1046","母間郵便局","鹿児島県","〒891-7426 鹿児島県大島郡徳之島町母間9296","鹿児島県大島郡徳之島町母間9296","27.798325","128.974747","2019-05-07","","https://www.post.japanpost.jp/kitte_hagaki/stamp/fuke//detail.php?id=1046","https://www.post.japanpost.jp/kitte_hagaki/stamp/preview/img/fuke/./12_20190327163733_thum.png"
"1047","亀津郵便局","鹿児島県","〒891-7199 鹿児島県大島郡徳之島町亀津2922-1","鹿児島県大島郡徳之島町亀津2922-1","27.728436","129.01767","2019-05-07","","https://www.post.japanpost.jp/kitte_hagaki/stamp/fuke//detail.php?id=1047","https://www.post.japanpost.jp/kitte_hagaki/stamp/preview/img/fuke/./12_20190327165337_thum.png"
"1048","井之川郵便局","鹿児島県","〒891-7114 鹿児島県大島郡徳之島町井之川413","鹿児島県大島郡徳之島町井之川413","27.77352","129.005142","2019-05-07","","https://www.post.japanpost.jp/kitte_hagaki/stamp/fuke//detail.php?id=1048","https://www.post.japanpost.jp/kitte_hagaki/stamp/preview/img/fuke/./12_20190327165355_thum.png"
"1049","東天城郵便局","鹿児島県","〒891-7423 鹿児島県大島郡徳之島町山1858-4","鹿児島県大島郡徳之島町山1858-4","27.861893","128.94281","2019-05-07","","https://www.post.japanpost.jp/kitte_hagaki/stamp/fuke//detail.php?id=1049","https://www.post.japanpost.jp/kitte_hagaki/stamp/preview/img/fuke/./12_20190327165414_thum.png"
"1050","大島松原郵便局","鹿児島県","〒891-7602 鹿児島県大島郡天城町松原377-1","鹿児島県大島郡天城町松原377-1","27.852158","128.896484","2019-05-07","","https://www.post.japanpost.jp/kitte_hagaki/stamp/fuke//detail.php?id=1050","https://www.post.japanpost.jp/kitte_hagaki/stamp/preview/img/fuke/./12_20190327165431_thum.png"
"1051","伊仙郵便局","鹿児島県","〒891-8201 鹿児島県大島郡伊仙町伊仙2087-11","鹿児島県大島郡伊仙町伊仙2087-11","27.67935","128.93576","2019-05-07","","https://www.post.japanpost.jp/kitte_hagaki/stamp/fuke//detail.php?id=1051","https://www.post.japanpost.jp/kitte_hagaki/stamp/preview/img/fuke/./12_20190327165448_thum.png"
"1052","鹿浦郵便局","鹿児島県","〒891-8399 鹿児島県大島郡伊仙町阿権1755-5","鹿児島県大島郡伊仙町阿権1755-5","27.707232","128.924911","2019-05-07","","https://www.post.japanpost.jp/kitte_hagaki/stamp/fuke//detail.php?id=1052","https://www.post.japanpost.jp/kitte_hagaki/stamp/preview/img/fuke/./12_20190327165506_thum.png"
"1053","犬田布郵便局","鹿児島県","〒891-8327 鹿児島県大島郡伊仙町犬田布303-5","鹿児島県大島郡伊仙町犬田布303-5","27.716005","128.900803","2019-05-07","","https://www.post.japanpost.jp/kitte_hagaki/stamp/fuke//detail.php?id=1053","https://www.post.japanpost.jp/kitte_hagaki/stamp/preview/img/fuke/./12_20190327165525_thum.png"
"1054","面縄郵便局","鹿児島県","〒891-8199 鹿児島県大島郡伊仙町面縄2307-3","鹿児島県大島郡伊仙町面縄2307-3","27.68973","128.963287","2019-05-07","","https://www.post.japanpost.jp/kitte_hagaki/stamp/fuke//detail.php?id=1054","https://www.post.japanpost.jp/kitte_hagaki/stamp/preview/img/fuke/./12_20190327165542_thum.png"
"1055","国頭郵便局","鹿児島県","〒891-9101 鹿児島県大島郡和泊町国頭2323-1","鹿児島県大島郡和泊町国頭2323-1","27.427876","128.688812","2019-05-07","","https://www.post.japanpost.jp/kitte_hagaki/stamp/fuke//detail.php?id=1055","https://www.post.japanpost.jp/kitte_hagaki/stamp/preview/img/fuke/./12_20190327165600_thum.png"
"1056","内城郵便局","鹿児島県","〒891-9131 鹿児島県大島郡和泊町内城514-3","鹿児島県大島郡和泊町内城514-3","27.384558","128.611984","2019-05-07","","https://www.post.japanpost.jp/kitte_hagaki/stamp/fuke//detail.php?id=1056","https://www.post.japanpost.jp/kitte_hagaki/stamp/preview/img/fuke/./12_20190327165618_thum.png"
"1057","田皆郵便局","鹿児島県","〒891-9231 鹿児島県大島郡知名町田皆2194-2","鹿児島県大島郡知名町田皆2194-2","27.387699","128.538925","2019-05-07","","https://www.post.japanpost.jp/kitte_hagaki/stamp/fuke//detail.php?id=1057","https://www.post.japanpost.jp/kitte_hagaki/stamp/preview/img/fuke/./12_20190327165631_thum.png"
"1058","余多郵便局","鹿児島県","〒891-9201 鹿児島県大島郡知名町余多朝戸708","鹿児島県大島郡知名町余多朝戸708","27.361216","128.610291","2019-05-07","","https://www.post.japanpost.jp/kitte_hagaki/stamp/fuke//detail.php?id=1058","https://www.post.japanpost.jp/kitte_hagaki/stamp/preview/img/fuke/./12_20190327165646_thum.png"
"1059","朝戸郵便局","鹿児島県","〒891-9304 鹿児島県大島郡与論町朝戸花川1575","鹿児島県大島郡与論町朝戸花川1575","27.040186","128.43399","2019-05-07","","https://www.post.japanpost.jp/kitte_hagaki/stamp/fuke//detail.php?id=1059","https://www.post.japanpost.jp/kitte_hagaki/stamp/preview/img/fuke/./12_20190328185303_thum.png"
"1060","与論郵便局","鹿児島県","〒891-9399 鹿児島県大島郡与論町茶花68-6","鹿児島県大島郡与論町茶花68-6","27.048143","128.419769","2019-05-07","","https://www.post.japanpost.jp/kitte_hagaki/stamp/fuke//detail.php?id=1060","https://www.post.japanpost.jp/kitte_hagaki/stamp/preview/img/fuke/./12_20190327165714_thum.png"
"1064","日本橋室町三井タワー内郵便局","東京都","〒103-0022 東京都中央区日本橋室町3-2-1日本橋室町三井タワー地下1階","東京都中央区日本橋室町3-2-1日本橋室町三井タワー地下1階","35.687458","139.77272","2019-04-08","","https://www.post.japanpost.jp/kitte_hagaki/stamp/fuke//detail.php?id=1064","https://www.post.japanpost.jp/kitte_hagaki/stamp/preview/img/fuke/./5_20190328141020_thum.jpg"
"1065","東大阪花園郵便局","大阪府","〒578-0948 大阪府東大阪市菱屋東1－2－28","大阪府東大阪市菱屋東1－2－28","34.664803","135.615707","2019-05-15","","https://www.post.japanpost.jp/kitte_hagaki/stamp/fuke//detail.php?id=1065","https://www.post.japanpost.jp/kitte_hagaki/stamp/preview/img/fuke/./9_20190411085722_thum.png"
"1066","支笏湖郵便局","北海道","〒066-0281 北海道千歳市支笏湖温泉3","北海道千歳市支笏湖温泉3","42.778595","141.397797","2019-04-22","","https://www.post.japanpost.jp/kitte_hagaki/stamp/fuke//detail.php?id=1066","https://www.post.japanpost.jp/kitte_hagaki/stamp/preview/img/fuke/./1_20190409184135_thum.jpg"
"1067","みよし莇生郵便局","愛知県","〒470-0206 愛知県みよし市莇生町愛宕下25－1","愛知県みよし市莇生町愛宕下25－1","35.10474","137.095062","2019-04-22","","https://www.post.japanpost.jp/kitte_hagaki/stamp/fuke//detail.php?id=1067","https://www.post.japanpost.jp/kitte_hagaki/stamp/preview/img/fuke/./8_20190412155303_thum.png"
"1070","恵庭柏木中通郵便局","北海道","〒061-1434 北海道恵庭市柏陽町3丁目22-10","北海道恵庭市柏陽町3丁目22-10","42.893295","141.567261","2019-05-24","","https://www.post.japanpost.jp/kitte_hagaki/stamp/fuke//detail.php?id=1070","https://www.post.japanpost.jp/kitte_hagaki/stamp/preview/img/fuke/./1_20190508151823_thum.jpg"
"1072","日野南平郵便局","東京都","〒191-0041 東京都日野市南平8-14-21","東京都日野市南平8-14-21","35.656216","139.396393","2019-06-03","","https://www.post.japanpost.jp/kitte_hagaki/stamp/fuke//detail.php?id=1072","https://www.post.japanpost.jp/kitte_hagaki/stamp/preview/img/fuke/./5_20190509135843_thum.jpg"
"1075","恵庭黄金郵便局","北海道","〒061-1409 北海道恵庭市黄金南1丁目10-4","北海道恵庭市黄金南1丁目10-4","42.882759","141.591522","2019-06-18","","https://www.post.japanpost.jp/kitte_hagaki/stamp/fuke//detail.php?id=1075","https://www.post.japanpost.jp/kitte_hagaki/stamp/preview/img/fuke/./1_20190528104704_thum.jpg"
"1076","イオンモール三川内郵便局","山形県","〒997-1316 山形県東田川郡三川町大字猪子字和田庫128－1","山形県東田川郡三川町大字猪子字和田庫128－1","38.815754","139.835663","2019-06-10","","https://www.post.japanpost.jp/kitte_hagaki/stamp/fuke//detail.php?id=1076","https://www.post.japanpost.jp/kitte_hagaki/stamp/preview/img/fuke/./2_20190530143750_thum.jpg"
"1078","諏訪城南郵便局","長野県","〒392-0021 長野県諏訪市上川2丁目2076-2","長野県諏訪市上川2丁目2076-2","36.031223","138.112259","2019-06-24","","https://www.post.japanpost.jp/kitte_hagaki/stamp/fuke//detail.php?id=1078","https://www.post.japanpost.jp/kitte_hagaki/stamp/preview/img/fuke/./6_20190605114538_thum.png"
"1079","諸塚郵便局","宮崎県","〒883-1399 宮崎県東臼杵郡諸塚村家代2692-4","宮崎県東臼杵郡諸塚村家代2692-4","32.519569","131.355255","2019-06-17","","https://www.post.japanpost.jp/kitte_hagaki/stamp/fuke//detail.php?id=1079","https://www.post.japanpost.jp/kitte_hagaki/stamp/preview/img/fuke/./12_20190606105600_thum.jpg"
"1081","恵庭恵み野中郵便局","北海道","〒061-1373 北海道恵庭市恵み野西5丁目3-2","北海道恵庭市恵み野西5丁目3-2","42.906731","141.583282","2019-07-01","","https://www.post.japanpost.jp/kitte_hagaki/stamp/fuke//detail.php?id=1081","https://www.post.japanpost.jp/kitte_hagaki/stamp/preview/img/fuke/./1_20190611180912_thum.jpg"
"1083","笹谷東郵便局","福島県","〒960-0241 福島県福島市笹谷出水上24－1","福島県福島市笹谷出水上24－1","37.790966","140.44455","2019-07-01","","https://www.post.japanpost.jp/kitte_hagaki/stamp/fuke//detail.php?id=1083","https://www.post.japanpost.jp/kitte_hagaki/stamp/preview/img/fuke/./2_20190619185046_thum.jpg"
"1085","色川郵便局","和歌山県","〒649-5461 和歌山県東牟婁郡那智勝浦町大字大野2733－1","和歌山県東牟婁郡那智勝浦町大字大野2733－1","33.677059","135.840714","2019-08-14","","https://www.post.japanpost.jp/kitte_hagaki/stamp/fuke//detail.php?id=1085","https://www.post.japanpost.jp/kitte_hagaki/stamp/preview/img/fuke/./9_20190626171224_thum.png"
"1087","根上道林郵便局","石川県","〒929-0125 石川県能美市道林町ホ95-1","石川県能美市道林町ホ95-1","36.440941","136.445496","2019-08-01","","https://www.post.japanpost.jp/kitte_hagaki/stamp/fuke//detail.php?id=1087","https://www.post.japanpost.jp/kitte_hagaki/stamp/preview/img/fuke/./7_20190722100930_thum.png"
"1089","横須賀汐入郵便局","神奈川県","〒238-0042 神奈川県横須賀市汐入町2-5","神奈川県横須賀市汐入町2-5","35.281429","139.659714","2019-11-01","","https://www.post.japanpost.jp/kitte_hagaki/stamp/fuke//detail.php?id=1089","https://www.post.japanpost.jp/kitte_hagaki/stamp/preview/img/fuke/./4_20190807133348_thum.jpg"
"1093","イオンモール高知内郵便局","高知県","〒780-0026 高知県高知市秦南町1-4-8","高知県高知市秦南町1-4-8","33.575348","133.541473","2019-08-05","","https://www.post.japanpost.jp/kitte_hagaki/stamp/fuke//detail.php?id=1093","https://www.post.japanpost.jp/kitte_hagaki/stamp/preview/img/fuke/./11_20190814120310_thum.jpg"
"1095","氏家郵便局","栃木県","〒329-1399 栃木県さくら市卯の里3-33-4","栃木県さくら市卯の里3-33-4","36.680187","139.96019","2019-09-10","","https://www.post.japanpost.jp/kitte_hagaki/stamp/fuke//detail.php?id=1095","https://www.post.japanpost.jp/kitte_hagaki/stamp/preview/img/fuke/./3_20190815144434_thum.jpg"
"1096","佐野郵便局","石川県","〒923-1112 石川県能美市佐野町ワ10","石川県能美市佐野町ワ10","36.432571","136.512466","2019-09-02","","https://www.post.japanpost.jp/kitte_hagaki/stamp/fuke//detail.php?id=1096","https://www.post.japanpost.jp/kitte_hagaki/stamp/preview/img/fuke/./7_20190816120837_thum.png"
"1097","水田郵便局","福岡県","〒833-0027 福岡県筑後市水田133","福岡県筑後市水田133","33.196312","130.485443","2019-10-01","","https://www.post.japanpost.jp/kitte_hagaki/stamp/fuke//detail.php?id=1097","https://www.post.japanpost.jp/kitte_hagaki/stamp/preview/img/fuke/./12_20190905184336_thum.jpg"
"1098","奈良尾郵便局","長崎県","〒853-3199 長崎県南松浦郡新上五島町奈良尾郷645-10","長崎県南松浦郡新上五島町奈良尾郷645-10","32.844612","129.056717","2019-09-24","","https://www.post.japanpost.jp/kitte_hagaki/stamp/fuke//detail.php?id=1098","https://www.post.japanpost.jp/kitte_hagaki/stamp/preview/img/fuke/./12_20190905184513_thum.jpg"
"1100","天塩郵便局","北海道","〒098-3399 北海道天塩郡天塩町海岸通5丁目55-4","北海道天塩郡天塩町海岸通5丁目55-4","44.884327","141.741226","2019-10-01","","https://www.post.japanpost.jp/kitte_hagaki/stamp/fuke//detail.php?id=1100","https://www.post.japanpost.jp/kitte_hagaki/stamp/preview/img/fuke/./1_20190910175710_thum.jpg"
"1102","長泉竹原郵便局","静岡県","〒411-0944 静岡県静岡県駿東郡長泉町竹原251－2","静岡県静岡県駿東郡長泉町竹原251－2","34.975185","138.383286","2019-09-24","","https://www.post.japanpost.jp/kitte_hagaki/stamp/fuke//detail.php?id=1102","https://www.post.japanpost.jp/kitte_hagaki/stamp/preview/img/fuke/./8_20190910185439_thum.jpg"
"1105","金沢笠舞郵便局","石川県","〒920-0965 石川県金沢市笠舞2-1-26","石川県金沢市笠舞2-1-26","36.550308","136.668747","2019-10-01","","https://www.post.japanpost.jp/kitte_hagaki/stamp/fuke//detail.php?id=1105","https://www.post.japanpost.jp/kitte_hagaki/stamp/preview/img/fuke/./7_20190912172441_thum.png"
"1106","池上郵便局","東京都","〒146-0082 東京都大田区池上3-39-3","東京都大田区池上3-39-3","35.573376","139.700516","2019-10-01","","https://www.post.japanpost.jp/kitte_hagaki/stamp/fuke//detail.php?id=1106","https://www.post.japanpost.jp/kitte_hagaki/stamp/preview/img/fuke/./5_20190917101856_thum.jpg"
"1107","小浜郵便局","長崎県","〒854-0599 長崎県雲仙市小浜町北本町905-55","長崎県雲仙市小浜町北本町905-55","32.725613","130.2052","2019-10-01","","https://www.post.japanpost.jp/kitte_hagaki/stamp/fuke//detail.php?id=1107","https://www.post.japanpost.jp/kitte_hagaki/stamp/preview/img/fuke/./12_20190924133147_thum.jpg"
"1109","賀陽郵便局","岡山県","〒716-1199 岡山県加賀郡吉備中央町竹荘495-5","岡山県加賀郡吉備中央町竹荘495-5","34.864677","133.678558","2019-10-01","","https://www.post.japanpost.jp/kitte_hagaki/stamp/fuke//detail.php?id=1109","https://www.post.japanpost.jp/kitte_hagaki/stamp/preview/img/fuke/./10_20190920174734_thum.png"
"1110","以西郵便局","鳥取県","〒689-2523 鳥取県鳥取県東伯郡琴浦町高岡475－2","鳥取県鳥取県東伯郡琴浦町高岡475－2","35.494453","134.222153","2019-10-01","","https://www.post.japanpost.jp/kitte_hagaki/stamp/fuke//detail.php?id=1110","https://www.post.japanpost.jp/kitte_hagaki/stamp/preview/img/fuke/./10_20190920175544_thum.png"
"1112","北条郵便局","鳥取県","〒689-2114 鳥取県東伯郡北栄町北尾518－6","鳥取県東伯郡北栄町北尾518－6","35.481792","133.813339","2019-10-03","","https://www.post.japanpost.jp/kitte_hagaki/stamp/fuke//detail.php?id=1112","https://www.post.japanpost.jp/kitte_hagaki/stamp/preview/img/fuke/./10_20190925173717_thum.png"
"1113","由良郵便局","鳥取県","〒689-2221 鳥取県東伯郡北栄町由良宿804－14","鳥取県東伯郡北栄町由良宿804－14","35.491295","133.754608","2019-10-03","","https://www.post.japanpost.jp/kitte_hagaki/stamp/fuke//detail.php?id=1113","https://www.post.japanpost.jp/kitte_hagaki/stamp/preview/img/fuke/./10_20190925173957_thum.png"
"1114","大栄瀬戸郵便局","鳥取県","〒689-2205 鳥取県東伯郡北栄町瀬戸33－5","鳥取県東伯郡北栄町瀬戸33－5","35.482143","133.775879","2019-10-03","","https://www.post.japanpost.jp/kitte_hagaki/stamp/fuke//detail.php?id=1114","https://www.post.japanpost.jp/kitte_hagaki/stamp/preview/img/fuke/./10_20190925174236_thum.png"
"1115","中北条郵便局","鳥取県","〒689-2101 鳥取県東伯郡北栄町江北513－4","鳥取県東伯郡北栄町江北513－4","35.4813","133.837341","2019-10-03","","https://www.post.japanpost.jp/kitte_hagaki/stamp/fuke//detail.php?id=1115","https://www.post.japanpost.jp/kitte_hagaki/stamp/preview/img/fuke/./10_20190925174458_thum.png"
"1117","酒田寿町郵便局","山形県","〒998-0035 山形県酒田市寿町6－36","山形県酒田市寿町6－36","38.919609","139.834045","2019-10-21","","https://www.post.japanpost.jp/kitte_hagaki/stamp/fuke//detail.php?id=1117","https://www.post.japanpost.jp/kitte_hagaki/stamp/preview/img/fuke/./2_20191010181800_thum.jpg"
"1118","小松打越郵便局","石川県","〒923-0831 石川県小松市打越町甲80-1","石川県小松市打越町甲80-1","36.39806","136.474625","2019-11-01","","https://www.post.japanpost.jp/kitte_hagaki/stamp/fuke//detail.php?id=1118","https://www.post.japanpost.jp/kitte_hagaki/stamp/preview/img/fuke/./7_20191021111147_thum.jpg"
"1120","鶴ケ丘郵便局","石川県","〒920-0271 石川県河北郡内灘町鶴ケ丘5-1-177","石川県河北郡内灘町鶴ケ丘5-1-177","36.647884","136.63913","2019-11-01","","https://www.post.japanpost.jp/kitte_hagaki/stamp/fuke//detail.php?id=1120","https://www.post.japanpost.jp/kitte_hagaki/stamp/preview/img/fuke/./7_20191021153042_thum.jpg"
"1122","八王子西郵便局","東京都","〒193-8799 東京都八王子市散田町5-27-7","東京都八王子市散田町5-27-7","35.646324","139.301056","2019-11-11","","https://www.post.japanpost.jp/kitte_hagaki/stamp/fuke//detail.php?id=1122","https://www.post.japanpost.jp/kitte_hagaki/stamp/preview/img/fuke/./5_20191021135227_thum.jpg"
"1123","国府郵便局","石川県","〒923-0053 石川県小松市河田町ヌ39-5","石川県小松市河田町ヌ39-5","36.4146","136.507538","2019-11-01","","https://www.post.japanpost.jp/kitte_hagaki/stamp/fuke//detail.php?id=1123","https://www.post.japanpost.jp/kitte_hagaki/stamp/preview/img/fuke/./7_20191021154235_thum.jpg"
"1124","小松本江郵便局","石川県","〒923-0841 石川県小松市本江町ワ13-1","石川県小松市本江町ワ13-1","36.381565","136.473877","2019-11-01","","https://www.post.japanpost.jp/kitte_hagaki/stamp/fuke//detail.php?id=1124","https://www.post.japanpost.jp/kitte_hagaki/stamp/preview/img/fuke/./7_20191021154657_thum.jpg"
"1125","美川湊町郵便局","石川県","〒929-0217 石川県白山市湊町2-41","石川県白山市湊町2-41","36.47715","136.475906","2019-11-01","","https://www.post.japanpost.jp/kitte_hagaki/stamp/fuke//detail.php?id=1125","https://www.post.japanpost.jp/kitte_hagaki/stamp/preview/img/fuke/./7_20191021160051_thum.jpg"
"1127","グランベリーパーク郵便局","東京都","〒194-0004 東京都町田市鶴間3-3-1","東京都町田市鶴間3-3-1","35.511024","139.47139","2019-11-11","","https://www.post.japanpost.jp/kitte_hagaki/stamp/fuke//detail.php?id=1127","https://www.post.japanpost.jp/kitte_hagaki/stamp/preview/img/fuke/./5_20191023111224_thum.jpg"
"1129","湊郵便局","兵庫県","〒656-0399 兵庫県南あわじ市湊979－7","兵庫県南あわじ市湊979－7","34.326275","134.723557","2019-11-01","","https://www.post.japanpost.jp/kitte_hagaki/stamp/fuke//detail.php?id=1129","https://www.post.japanpost.jp/kitte_hagaki/stamp/preview/img/fuke/./9_20191023144932_thum.jpg"
"1130","下松東柳郵便局","山口県","〒744-0017 山口県下松市東柳2-1-7","山口県下松市東柳2-1-7","34.014683","131.868225","2019-11-05","","https://www.post.japanpost.jp/kitte_hagaki/stamp/fuke//detail.php?id=1130","https://www.post.japanpost.jp/kitte_hagaki/stamp/preview/img/fuke/./10_20191025153636_thum.png"
"1131","小樽堺町郵便局","北海道","〒047-0027 北海道小樽市堺町6-14","北海道小樽市堺町6-14","43.191826","141.006866","2019-11-18","","https://www.post.japanpost.jp/kitte_hagaki/stamp/fuke//detail.php?id=1131","https://www.post.japanpost.jp/kitte_hagaki/stamp/preview/img/fuke/./1_20191031170858_thum.jpg"
"1133","二俣尾郵便局","東京都","〒198-0171 東京都青梅市二俣尾4-1078-11","東京都青梅市二俣尾4-1078-11","35.805401","139.214355","2019-11-25","","https://www.post.japanpost.jp/kitte_hagaki/stamp/fuke//detail.php?id=1133","https://www.post.japanpost.jp/kitte_hagaki/stamp/preview/img/fuke/./5_20191105113140_thum.jpg"
"1136","緑郵便局","北海道","〒099-4525 北海道斜里郡清里町緑町4-5","北海道斜里郡清里町緑町4-5","43.714394","144.507919","2019-11-25","","https://www.post.japanpost.jp/kitte_hagaki/stamp/fuke//detail.php?id=1136","https://www.post.japanpost.jp/kitte_hagaki/stamp/preview/img/fuke/./1_20191111150315_thum.jpg"
"1138","清里郵便局","北海道","〒099-4499 北海道斜里郡清里町水元町13","北海道斜里郡清里町水元町13","43.842419","144.597809","2019-11-25","","https://www.post.japanpost.jp/kitte_hagaki/stamp/fuke//detail.php?id=1138","https://www.post.japanpost.jp/kitte_hagaki/stamp/preview/img/fuke/./1_20191111150822_thum.jpg"
"1139","札弦郵便局","北海道","〒099-4599 北海道斜里郡清里町札弦町5-1","北海道斜里郡清里町札弦町5-1","43.774597","144.522781","2019-11-25","","https://www.post.japanpost.jp/kitte_hagaki/stamp/fuke//detail.php?id=1139","https://www.post.japanpost.jp/kitte_hagaki/stamp/preview/img/fuke/./1_20191111151031_thum.jpg"
"1140","社台郵便局","北海道","〒059-0901 北海道白老郡白老町字社台55－5","北海道白老郡白老町字社台55－5","42.578011","141.417542","2019-11-22","","https://www.post.japanpost.jp/kitte_hagaki/stamp/fuke//detail.php?id=1140","https://www.post.japanpost.jp/kitte_hagaki/stamp/preview/img/fuke/./1_20191111151244_thum.jpg"
"1142","川崎栗平郵便局","神奈川県","〒215-0031 神奈川県川崎市麻生区栗平2-3-9-101","神奈川県川崎市麻生区栗平2-3-9-101","35.607418","139.481537","2019-11-22","","https://www.post.japanpost.jp/kitte_hagaki/stamp/fuke//detail.php?id=1142","https://www.post.japanpost.jp/kitte_hagaki/stamp/preview/img/fuke/./4_20191115162646_thum.jpg"
"1144","稗造簡易郵便局","石川県","〒925-0432 石川県羽咋郡志賀町今田二116","石川県羽咋郡志賀町今田二116","37.166183","136.78746","2019-11-11","","https://www.post.japanpost.jp/kitte_hagaki/stamp/fuke//detail.php?id=1144","https://www.post.japanpost.jp/kitte_hagaki/stamp/preview/img/fuke/./7_20191120091958_thum.jpg"
"1145","イオンモール新小松内郵便局","石川県","〒923-0862 石川県小松市清六町315番地","石川県小松市清六町315番地","36.395145","136.462051","2019-11-27","","https://www.post.japanpost.jp/kitte_hagaki/stamp/fuke//detail.php?id=1145","https://www.post.japanpost.jp/kitte_hagaki/stamp/preview/img/fuke/./7_20191120092600_thum.png"
"1146","小樽長橋郵便局","北海道","〒047-0036 北海道小樽市長橋3丁目1-2","北海道小樽市長橋3丁目1-2","43.207806","140.979324","2019-12-06","","https://www.post.japanpost.jp/kitte_hagaki/stamp/fuke//detail.php?id=1146","https://www.post.japanpost.jp/kitte_hagaki/stamp/preview/img/fuke/./1_20191122114858_thum.jpg"
"1147","五明","愛媛県","〒799-2648 愛媛県松山市菅沢町甲967-17","愛媛県松山市菅沢町甲967-17","33.906826","132.811676","2019-12-25","","https://www.post.japanpost.jp/kitte_hagaki/stamp/fuke//detail.php?id=1147","https://www.post.japanpost.jp/kitte_hagaki/stamp/preview/img/fuke/./11_20191216174735_thum.jpg"
"1148","百舌鳥郵便局","大阪府","〒591-8031 大阪府堺市北区百舌鳥梅北町5-413","大阪府堺市北区百舌鳥梅北町5-413","34.555866","135.496948","2020-01-06","","https://www.post.japanpost.jp/kitte_hagaki/stamp/fuke//detail.php?id=1148","https://www.post.japanpost.jp/kitte_hagaki/stamp/preview/img/fuke/./9_20191216175953_thum.jpg"
"1150","西淀川福郵便局","大阪府","〒555-0034 大阪府大阪市西淀川区福町2-4-48","大阪府大阪市西淀川区福町2-4-48","34.699173","135.441559","2020-02-03","","https://www.post.japanpost.jp/kitte_hagaki/stamp/fuke//detail.php?id=1150","https://www.post.japanpost.jp/kitte_hagaki/stamp/preview/img/fuke/./9_20200109091510_thum.jpg"
"1152","岡崎康生通西郵便局","愛知県","〒444-0059 愛知県岡崎市康生通西4－32","愛知県岡崎市康生通西4－32","34.958607","137.158905","2020-01-20","","https://www.post.japanpost.jp/kitte_hagaki/stamp/fuke//detail.php?id=1152","https://www.post.japanpost.jp/kitte_hagaki/stamp/preview/img/fuke/./8_20200110172255_thum.jpg"
"1154","金沢天神橋郵便局","石川県","〒920-0921 石川県金沢市材木町28-27","石川県金沢市材木町28-27","36.568508","136.669189","2020-02-03","","https://www.post.japanpost.jp/kitte_hagaki/stamp/fuke//detail.php?id=1154","https://www.post.japanpost.jp/kitte_hagaki/stamp/preview/img/fuke/./7_20200123163852_thum.png"
"1155","金沢平和町郵便局","石川県","〒921-8105 石川県金沢市平和町2-13-18","石川県金沢市平和町2-13-18","36.540619","136.664734","2020-02-03","","https://www.post.japanpost.jp/kitte_hagaki/stamp/fuke//detail.php?id=1155","https://www.post.japanpost.jp/kitte_hagaki/stamp/preview/img/fuke/./7_20200123165258_thum.png"
"1156","金沢泉丘郵便局","石川県","〒921-8116 石川県金沢市泉野出町4-14-16","石川県金沢市泉野出町4-14-16","36.535553","136.653198","2020-02-03","","https://www.post.japanpost.jp/kitte_hagaki/stamp/fuke//detail.php?id=1156","https://www.post.japanpost.jp/kitte_hagaki/stamp/preview/img/fuke/./7_20200123171840_thum.png"
"1157","金沢有松郵便局","石川県","〒921-8161 石川県金沢市有松3-6-20","石川県金沢市有松3-6-20","36.538929","136.639572","2020-02-03","","https://www.post.japanpost.jp/kitte_hagaki/stamp/fuke//detail.php?id=1157","https://www.post.japanpost.jp/kitte_hagaki/stamp/preview/img/fuke/./7_20200123172407_thum.png"
"1158","三島清水郵便局","静岡県","〒411-0901 静岡県駿東郡清水町新宿104","静岡県駿東郡清水町新宿104","35.113827","138.901062","2020-02-03","","https://www.post.japanpost.jp/kitte_hagaki/stamp/fuke//detail.php?id=1158","https://www.post.japanpost.jp/kitte_hagaki/stamp/preview/img/fuke/./8_20200123172927_thum.jpg"
"1160","三島徳倉橋郵便局","静岡県","〒411-0917 静岡県駿東郡清水町徳倉1561－1","静岡県駿東郡清水町徳倉1561－1","35.089771","138.898178","2020-02-03","","https://www.post.japanpost.jp/kitte_hagaki/stamp/fuke//detail.php?id=1160","https://www.post.japanpost.jp/kitte_hagaki/stamp/preview/img/fuke/./8_20200123180039_thum.jpg"
"1162","長沢郵便局","静岡県","〒411-0905 静岡県駿東郡清水町長沢306－6","静岡県駿東郡清水町長沢306－6","35.104904","138.891479","2020-02-03","","https://www.post.japanpost.jp/kitte_hagaki/stamp/fuke//detail.php?id=1162","https://www.post.japanpost.jp/kitte_hagaki/stamp/preview/img/fuke/./8_20200123181118_thum.jpg"
"1164","八幡吉田簡易郵便局","岐阜県","〒501-4203 岐阜県郡上市八幡町初納野垣1324－2","岐阜県郡上市八幡町初納野垣1324－2","35.792637","136.998856","2020-02-10","","https://www.post.japanpost.jp/kitte_hagaki/stamp/fuke//detail.php?id=1164","https://www.post.japanpost.jp/kitte_hagaki/stamp/preview/img/fuke/./8_20200129170934_thum.jpg"
"1167","小浜大手町郵便局","福井県","〒917-0078 福井県小浜市大手町2-17","福井県小浜市大手町2-17","35.49538","135.745667","2020-02-10","","https://www.post.japanpost.jp/kitte_hagaki/stamp/fuke//detail.php?id=1167","https://www.post.japanpost.jp/kitte_hagaki/stamp/preview/img/fuke/./7_20200131093844_thum.png"
"1169","広島船越郵便局","広島県","〒736-0081 広島県広島市安芸区船越5丁目13－20","広島県広島市安芸区船越5丁目13－20","34.375031","132.522552","2020-02-13","","https://www.post.japanpost.jp/kitte_hagaki/stamp/fuke//detail.php?id=1169","https://www.post.japanpost.jp/kitte_hagaki/stamp/preview/img/fuke/./10_20200131163207_thum.png"
"1172","東旭川郵便局","北海道","〒078-8251 北海道旭川市東旭川北一条6-1-4","北海道旭川市東旭川北一条6-1-4","43.771248","142.441452","2020-02-22","","https://www.post.japanpost.jp/kitte_hagaki/stamp/fuke//detail.php?id=1172","https://www.post.japanpost.jp/kitte_hagaki/stamp/preview/img/fuke/./1_20200207100818_thum.jpg"
"1173","浦崎郵便局","広島県","〒720-0551 広島県尾道市浦崎町2105－6","広島県尾道市浦崎町2105－6","34.401394","133.270065","2020-02-19","","https://www.post.japanpost.jp/kitte_hagaki/stamp/fuke//detail.php?id=1173","https://www.post.japanpost.jp/kitte_hagaki/stamp/preview/img/fuke/./10_20200207140529_thum.png"
"1174","遠野郵便局","岩手県","〒028-0599 岩手県遠野市中央通り6－10","岩手県遠野市中央通り6－10","39.329903","141.532166","2020-03-02","","https://www.post.japanpost.jp/kitte_hagaki/stamp/fuke//detail.php?id=1174","https://www.post.japanpost.jp/kitte_hagaki/stamp/preview/img/fuke/./2_20200213174005_thum.jpg"
"1177","安芸西条郵便局","広島県","〒739-8799 広島県東広島市西条栄町10－38","広島県東広島市西条栄町10－38","34.427357","132.74144","2020-03-07","","https://www.post.japanpost.jp/kitte_hagaki/stamp/fuke//detail.php?id=1177","https://www.post.japanpost.jp/kitte_hagaki/stamp/preview/img/fuke/./10_20200225102239_thum.png"
"1180","西脇中本町郵便局","兵庫県","〒677-0015 兵庫県西脇市西脇1000-2","兵庫県西脇市西脇1000-2","34.984924","134.969666","2020-03-20","","https://www.post.japanpost.jp/kitte_hagaki/stamp/fuke//detail.php?id=1180","https://www.post.japanpost.jp/kitte_hagaki/stamp/preview/img/fuke/./9_20200225143623_thum.jpg"
"1181","鹿瀬郵便局","新潟県","〒959-4302 新潟県東蒲原郡阿賀町鹿瀬8985-4","新潟県東蒲原郡阿賀町鹿瀬8985-4","37.706566","139.466156","2020-03-16","","https://www.post.japanpost.jp/kitte_hagaki/stamp/fuke//detail.php?id=1181","https://www.post.japanpost.jp/kitte_hagaki/stamp/preview/img/fuke/./6_20200302174939_thum.jpg"
"1182","新津中新田郵便局","新潟県","〒956-0812 新潟県新潟市秋葉区中新田549-2","新潟県新潟市秋葉区中新田549-2","37.808094","139.150192","2020-04-01","","https://www.post.japanpost.jp/kitte_hagaki/stamp/fuke//detail.php?id=1182","https://www.post.japanpost.jp/kitte_hagaki/stamp/preview/img/fuke/./6_20200305094107_thum.png"
"1183","下市田郵便局","長野県","〒399-3103 長野県下伊那郡高森町下市田1809-1","長野県下伊那郡高森町下市田1809-1","35.544991","137.878494","2020-04-01","","https://www.post.japanpost.jp/kitte_hagaki/stamp/fuke//detail.php?id=1183","https://www.post.japanpost.jp/kitte_hagaki/stamp/preview/img/fuke/./6_20200305094301_thum.png"
"1184","氷見郵便局","富山県","〒935-8799 富山県氷見市丸の内11-28","富山県氷見市丸の内11-28","36.857121","136.986633","2020-03-10","","https://www.post.japanpost.jp/kitte_hagaki/stamp/fuke//detail.php?id=1184","https://www.post.japanpost.jp/kitte_hagaki/stamp/preview/img/fuke/./7_20200227100021_thum.png"
"1186","富山総曲輪通り郵便局","富山県","〒930-0083 富山県富山市総曲輪3-4-1","富山県富山市総曲輪3-4-1","36.690086","137.214828","2020-03-09","","https://www.post.japanpost.jp/kitte_hagaki/stamp/fuke//detail.php?id=1186","https://www.post.japanpost.jp/kitte_hagaki/stamp/preview/img/fuke/./7_20200228141737_thum.png"
"1188","井原郵便局","広島県","〒739-1301 広島県広島市安佐北区白木町井原4402","広島県広島市安佐北区白木町井原4402","34.587143","132.675491","2020-04-01","","https://www.post.japanpost.jp/kitte_hagaki/stamp/fuke//detail.php?id=1188","https://www.post.japanpost.jp/kitte_hagaki/stamp/preview/img/fuke/./10_20200302170140_thum.png"
"1189","国府宮ノ下郵便局","鳥取県","〒680-8063 鳥取県鳥取市国府町奥谷3丁目310-2","鳥取県鳥取市国府町奥谷3丁目310-2","35.482975","134.261414","2020-03-23","","https://www.post.japanpost.jp/kitte_hagaki/stamp/fuke//detail.php?id=1189","https://www.post.japanpost.jp/kitte_hagaki/stamp/preview/img/fuke/./10_20200302170625_thum.png"
"1193","白老郵便局","北海道","〒059-0999 北海道白老郡白老町大町3－4－20","北海道白老郡白老町大町3－4－20","42.552338","141.362564","2020-04-06","","https://www.post.japanpost.jp/kitte_hagaki/stamp/fuke//detail.php?id=1193","https://www.post.japanpost.jp/kitte_hagaki/stamp/preview/img/fuke/./1_20200304111834_thum.jpg"
"1195","楢下郵便局","山形県","〒999-3225 山形県上山市楢下15","山形県上山市楢下15","38.079918","140.275665","2020-03-16","","https://www.post.japanpost.jp/kitte_hagaki/stamp/fuke//detail.php?id=1195","https://www.post.japanpost.jp/kitte_hagaki/stamp/preview/img/fuke/./2_20200309162557_thum.jpg"
"1199","弥生郵便局","石川県","〒921-8036 石川県金沢市弥生1-18-10","石川県金沢市弥生1-18-10","36.548737","136.649338","2020-03-23","","https://www.post.japanpost.jp/kitte_hagaki/stamp/fuke//detail.php?id=1199","https://www.post.japanpost.jp/kitte_hagaki/stamp/preview/img/fuke/./7_20200312135651_thum.png"
"1201","富奥郵便局","石川県","〒921-8823 石川県野々市市粟田1-136","石川県野々市市粟田1-136","36.510757","136.612808","2020-03-26","","https://www.post.japanpost.jp/kitte_hagaki/stamp/fuke//detail.php?id=1201","https://www.post.japanpost.jp/kitte_hagaki/stamp/preview/img/fuke/./7_20200312143318_thum.png"
"1202","押野郵便局","石川県","〒921-8802 石川県野々市市押野4-118","石川県野々市市押野4-118","36.541286","136.620789","2020-03-26","","https://www.post.japanpost.jp/kitte_hagaki/stamp/fuke//detail.php?id=1202","https://www.post.japanpost.jp/kitte_hagaki/stamp/preview/img/fuke/./7_20200312171010_thum.png"
"1203","野々市郵便局","石川県","〒921-8815 石川県野々市市本町3-16-28","石川県野々市市本町3-16-28","36.531719","136.616577","2020-04-01","","https://www.post.japanpost.jp/kitte_hagaki/stamp/fuke//detail.php?id=1203","https://www.post.japanpost.jp/kitte_hagaki/stamp/preview/img/fuke/./7_20200319093634_thum.png"
"1204","太平寺郵便局","石川県","〒921-8845 石川県野々市市太平寺4-15","石川県野々市市太平寺4-15","36.530357","136.605972","2020-04-01","","https://www.post.japanpost.jp/kitte_hagaki/stamp/fuke//detail.php?id=1204","https://www.post.japanpost.jp/kitte_hagaki/stamp/preview/img/fuke/./7_20200319094224_thum.png"
"1205","野々市御園郵便局","石川県","〒921-8803 石川県野々市市押越2-5","石川県野々市市押越2-5","36.539467","136.605316","2020-04-01","","https://www.post.japanpost.jp/kitte_hagaki/stamp/fuke//detail.php?id=1205","https://www.post.japanpost.jp/kitte_hagaki/stamp/preview/img/fuke/./7_20200319094911_thum.png"
"1206","金沢芦中郵便局","石川県","〒921-8036 石川県金沢市弥生1-31-32","石川県金沢市弥生1-31-32","36.550064","136.644455","2020-04-01","","https://www.post.japanpost.jp/kitte_hagaki/stamp/fuke//detail.php?id=1206","https://www.post.japanpost.jp/kitte_hagaki/stamp/preview/img/fuke/./7_20200319102057_thum.png"
"1207","越谷相模町郵便局","埼玉県","〒343-0823 埼玉県越谷市相模町2-188-1","埼玉県越谷市相模町2-188-1","35.887775","139.804764","2020-04-01","","https://www.post.japanpost.jp/kitte_hagaki/stamp/fuke//detail.php?id=1207","https://www.post.japanpost.jp/kitte_hagaki/stamp/preview/img/fuke/./3_20200319145843_thum.png"
"1209","扇が丘郵便局","石川県","〒921-8812 石川県野々市市扇が丘4-12","石川県野々市市扇が丘4-12","36.529591","136.62558","2020-04-07","","https://www.post.japanpost.jp/kitte_hagaki/stamp/fuke//detail.php?id=1209","https://www.post.japanpost.jp/kitte_hagaki/stamp/preview/img/fuke/./7_20200325101401_thum.png"
"1210","下林郵便局","石川県","〒921-8831 石川県野々市市下林4-428","石川県野々市市下林4-428","36.523689","136.601746","2020-04-07","","https://www.post.japanpost.jp/kitte_hagaki/stamp/fuke//detail.php?id=1210","https://www.post.japanpost.jp/kitte_hagaki/stamp/preview/img/fuke/./7_20200325102426_thum.png"
"1211","平賀郵便局","青森県","〒036-0199 青森県平川市柏木町藤山25－28","青森県平川市柏木町藤山25－28","40.583855","140.564484","2020-04-06","","https://www.post.japanpost.jp/kitte_hagaki/stamp/fuke//detail.php?id=1211","https://www.post.japanpost.jp/kitte_hagaki/stamp/preview/img/fuke/./2_20200325111402_thum.jpg"
"1212","イオンモール高岡内郵便局","富山県","〒933-0813 富山県高岡市下伏間江383","富山県高岡市下伏間江383","36.723873","137.016861","2020-04-15","","https://www.post.japanpost.jp/kitte_hagaki/stamp/fuke//detail.php?id=1212","https://www.post.japanpost.jp/kitte_hagaki/stamp/preview/img/fuke/./7_20200326141911_thum.png"
"1213","釧路住吉郵便局","北海道","〒085-0821 北海道釧路市鶴ヶ岱1-1-21","北海道釧路市鶴ヶ岱1-1-21","42.97649","144.395096","2020-04-20","","https://www.post.japanpost.jp/kitte_hagaki/stamp/fuke//detail.php?id=1213","https://www.post.japanpost.jp/kitte_hagaki/stamp/preview/img/fuke/./1_20200330120025_thum.jpg"
"1214","イオンモール釧路昭和内郵便局","北海道","〒084-0910 北海道釧路市昭和中央4－18－1","北海道釧路市昭和中央4－18－1","43.026386","144.359985","2020-04-23","","https://www.post.japanpost.jp/kitte_hagaki/stamp/fuke//detail.php?id=1214","https://www.post.japanpost.jp/kitte_hagaki/stamp/preview/img/fuke/./1_20200330131810_thum.jpg"
"1216","七滝郵便局","熊本県","〒861-3399 熊本県上益城郡御船町七滝2106","熊本県上益城郡御船町七滝2106","32.721973","130.869598","2020-05-08","","https://www.post.japanpost.jp/kitte_hagaki/stamp/fuke//detail.php?id=1216","https://www.post.japanpost.jp/kitte_hagaki/stamp/preview/img/fuke/./12_20200416175324_thum.jpg"
"1219","虻田郵便局","北海道","〒049-5699 北海道虻田郡洞爺湖町本町33－1","北海道虻田郡洞爺湖町本町33－1","42.549999","140.761917","2020-05-15","","https://www.post.japanpost.jp/kitte_hagaki/stamp/fuke//detail.php?id=1219","https://www.post.japanpost.jp/kitte_hagaki/stamp/preview/img/fuke/./1_20200430164912_thum.png"
"1220","宮崎中央郵便局","宮崎県","〒880-8799 宮崎県宮崎市高千穂通1-1-34","宮崎県宮崎市高千穂通1-1-34","31.916374","131.425903","2020-05-19","","https://www.post.japanpost.jp/kitte_hagaki/stamp/fuke//detail.php?id=1220","https://www.post.japanpost.jp/kitte_hagaki/stamp/preview/img/fuke/./12_20200508104018_thum.jpg"
"1221","鹿島台郵便局","宮城県","〒989-4199 宮城県大崎市鹿島台平渡上戸下29－6","宮城県大崎市鹿島台平渡上戸下29－6","38.477566","141.097382","2020-05-18","","https://www.post.japanpost.jp/kitte_hagaki/stamp/fuke//detail.php?id=1221","https://www.post.japanpost.jp/kitte_hagaki/stamp/preview/img/fuke/./2_20200501125545_thum.jpg"
"1222","大津観音寺郵便局","滋賀県","〒520-0032 滋賀県大津市観音寺7－1","滋賀県大津市観音寺7－1","35.014191","135.85939","2020-05-18","","https://www.post.japanpost.jp/kitte_hagaki/stamp/fuke//detail.php?id=1222","https://www.post.japanpost.jp/kitte_hagaki/stamp/preview/img/fuke/./9_20200508143515_thum.jpg"
"1224","因幡万葉の郷郵便局","鳥取県","〒680-0146 鳥取県鳥取市国府町町屋255－6","鳥取県鳥取市国府町町屋255－6","35.476379","134.270523","2020-06-15","","https://www.post.japanpost.jp/kitte_hagaki/stamp/fuke//detail.php?id=1224","https://www.post.japanpost.jp/kitte_hagaki/stamp/preview/img/fuke/./10_20200525163123_thum.png"
"1226","沖縄郵便局","沖縄県","〒904-8799 沖縄県沖縄県沖縄市胡屋4－2－16","沖縄県沖縄県沖縄市胡屋4－2－16","26.334202","127.805649","2020-06-11","","https://www.post.japanpost.jp/kitte_hagaki/stamp/fuke//detail.php?id=1226","https://www.post.japanpost.jp/kitte_hagaki/stamp/preview/img/fuke/./13_20200602100624_thum.png"
"1228","寺家簡易郵便局","石川県","〒927-1451 石川県石川県珠洲市三崎町寺家ケ部60番甲地","石川県石川県珠洲市三崎町寺家ケ部60番甲地","36.594604","136.625671","2020-06-15","","https://www.post.japanpost.jp/kitte_hagaki/stamp/fuke//detail.php?id=1228","https://www.post.japanpost.jp/kitte_hagaki/stamp/preview/img/fuke/./7_20200603114532_thum.png"
"1229","小泊簡易郵便局","石川県","〒927-1462 石川県石川県珠洲市三崎町小泊17部15-1","石川県石川県珠洲市三崎町小泊17部15-1","36.594604","136.625671","2020-06-15","","https://www.post.japanpost.jp/kitte_hagaki/stamp/fuke//detail.php?id=1229","https://www.post.japanpost.jp/kitte_hagaki/stamp/preview/img/fuke/./7_20200603121621_thum.png"
"1230","折戸簡易郵便局","石川県","〒927-1446 石川県石川県珠洲市折戸町イ-部11","石川県石川県珠洲市折戸町イ-部11","36.594604","136.625671","2020-06-15","","https://www.post.japanpost.jp/kitte_hagaki/stamp/fuke//detail.php?id=1230","https://www.post.japanpost.jp/kitte_hagaki/stamp/preview/img/fuke/./7_20200603131704_thum.png"
"1231","宮地簡易郵便局（一時閉鎖）","石川県","〒927-0322 石川県石川県鳳珠郡能登町字宮地6番3号","石川県石川県鳳珠郡能登町字宮地6番3号","36.594604","136.625671","2020-06-15","","https://www.post.japanpost.jp/kitte_hagaki/stamp/fuke//detail.php?id=1231","https://www.post.japanpost.jp/kitte_hagaki/stamp/preview/img/fuke/./7_20200603134209_thum.png"
"1232","当目簡易郵便局","石川県","〒928-0334 石川県石川県鳳珠郡能登町字当目ロ32番地","石川県石川県鳳珠郡能登町字当目ロ32番地","36.594604","136.625671","2020-06-15","","https://www.post.japanpost.jp/kitte_hagaki/stamp/fuke//detail.php?id=1232","https://www.post.japanpost.jp/kitte_hagaki/stamp/preview/img/fuke/./7_20200603135834_thum.png"
"1233","神和住簡易郵便局","石川県","〒928-0325 石川県石川県鳳珠郡能登町字神和住ラ部23番地","石川県石川県鳳珠郡能登町字神和住ラ部23番地","36.594604","136.625671","2020-06-15","","https://www.post.japanpost.jp/kitte_hagaki/stamp/fuke//detail.php?id=1233","https://www.post.japanpost.jp/kitte_hagaki/stamp/preview/img/fuke/./7_20200603140427_thum.png"
"1234","曽々木簡易郵便局","石川県","〒928-0205 石川県石川県輪島市町野町西時国鳥毛45-2","石川県石川県輪島市町野町西時国鳥毛45-2","36.594604","136.625671","2020-06-15","","https://www.post.japanpost.jp/kitte_hagaki/stamp/fuke//detail.php?id=1234","https://www.post.japanpost.jp/kitte_hagaki/stamp/preview/img/fuke/./7_20200603141517_thum.png"
"1235","池田簡易郵便局","石川県","〒927-2354 石川県石川県輪島市門前町池田12-24","石川県石川県輪島市門前町池田12-24","36.594604","136.625671","2020-06-15","","https://www.post.japanpost.jp/kitte_hagaki/stamp/fuke//detail.php?id=1235","https://www.post.japanpost.jp/kitte_hagaki/stamp/preview/img/fuke/./7_20200603143349_thum.png"
"1236","高屋簡易郵便局","石川県","〒927-1301 石川県石川県珠洲市高屋町24-34","石川県石川県珠洲市高屋町24-34","36.594604","136.625671","2020-06-15","","https://www.post.japanpost.jp/kitte_hagaki/stamp/fuke//detail.php?id=1236","https://www.post.japanpost.jp/kitte_hagaki/stamp/preview/img/fuke/./7_20200603150308_thum.png"
"1237","来迎寺谷簡易郵便局","石川県","〒927-0026 石川県石川県鳳珠郡穴水町大町ヨ118－2","石川県石川県鳳珠郡穴水町大町ヨ118－2","36.594604","136.625671","2020-06-15","","https://www.post.japanpost.jp/kitte_hagaki/stamp/fuke//detail.php?id=1237","https://www.post.japanpost.jp/kitte_hagaki/stamp/preview/img/fuke/./7_20200603152155_thum.png"
"1238","北川尻簡易郵便局","石川県","〒929-1332 石川県石川県羽咋郡宝達志水町北川尻3の部－22－1","石川県石川県羽咋郡宝達志水町北川尻3の部－22－1","36.594604","136.625671","2020-06-15","","https://www.post.japanpost.jp/kitte_hagaki/stamp/fuke//detail.php?id=1238","https://www.post.japanpost.jp/kitte_hagaki/stamp/preview/img/fuke/./7_20200603153224_thum.png"
"1239","羽咋釜屋簡易郵便局","石川県","〒925-0015 石川県石川県羽咋市大川町2-150-2","石川県石川県羽咋市大川町2-150-2","36.594604","136.625671","2020-06-15","","https://www.post.japanpost.jp/kitte_hagaki/stamp/fuke//detail.php?id=1239","https://www.post.japanpost.jp/kitte_hagaki/stamp/preview/img/fuke/./7_20200603155133_thum.png"
"1240","羽咋本町簡易郵便局","石川県","〒925-0034 石川県石川県羽咋市旭町エ7-2","石川県石川県羽咋市旭町エ7-2","36.594604","136.625671","2020-06-15","","https://www.post.japanpost.jp/kitte_hagaki/stamp/fuke//detail.php?id=1240","https://www.post.japanpost.jp/kitte_hagaki/stamp/preview/img/fuke/./7_20200603155652_thum.png"
"1241","堀松簡易郵便局","石川県","〒925-0157 石川県石川県羽咋郡志賀町堀松二の72-1","石川県石川県羽咋郡志賀町堀松二の72-1","36.594604","136.625671","2020-06-15","","https://www.post.japanpost.jp/kitte_hagaki/stamp/fuke//detail.php?id=1241","https://www.post.japanpost.jp/kitte_hagaki/stamp/preview/img/fuke/./7_20200603160222_thum.png"
"1242","三波簡易郵便局","石川県","〒927-0442 石川県石川県鳳珠郡能登町字波並20字62－1","石川県石川県鳳珠郡能登町字波並20字62－1","36.594604","136.625671","2020-06-15","","https://www.post.japanpost.jp/kitte_hagaki/stamp/fuke//detail.php?id=1242","https://www.post.japanpost.jp/kitte_hagaki/stamp/preview/img/fuke/./7_20200603165028_thum.png"
"1243","苫小牧拓勇東郵便局","北海道","〒059-1303 北海道苫小牧市拓勇東町4丁目1番3号","北海道苫小牧市拓勇東町4丁目1番3号","42.673595","141.684341","2020-06-26","","https://www.post.japanpost.jp/kitte_hagaki/stamp/fuke//detail.php?id=1243","https://www.post.japanpost.jp/kitte_hagaki/stamp/preview/img/fuke/./1_20200611090446_thum.jpg"
"1244","新崎駅前郵便局","新潟県","〒950-3134 新潟県新潟市北区新崎3-5-17","新潟県新潟市北区新崎3-5-17","37.923416","139.158035","2020-07-01","","https://www.post.japanpost.jp/kitte_hagaki/stamp/fuke//detail.php?id=1244","https://www.post.japanpost.jp/kitte_hagaki/stamp/preview/img/fuke/./6_20200605100459_thum.jpg"
"1245","中部国際郵便局","愛知県","〒479-0199 愛知県常滑市セントレア3丁目13－2","愛知県常滑市セントレア3丁目13－2","34.871017","136.813721","2020-07-01","","https://www.post.japanpost.jp/kitte_hagaki/stamp/fuke//detail.php?id=1245","https://www.post.japanpost.jp/kitte_hagaki/stamp/preview/img/fuke/./8_20200608101847_thum.jpg"
"1247","常滑郵便局セントレア分室","愛知県","〒479-8799 愛知県常滑市セントレア1－1","愛知県常滑市セントレア1－1","34.858509","136.809021","2020-07-01","","https://www.post.japanpost.jp/kitte_hagaki/stamp/fuke//detail.php?id=1247","https://www.post.japanpost.jp/kitte_hagaki/stamp/preview/img/fuke/./8_20200608102921_thum.jpg"
"1249","青笹郵便局","岩手県","〒028-0503 岩手県遠野市青笹町青笹11-21-3","岩手県遠野市青笹町青笹11-21-3","39.319656","141.572876","2020-06-22","","https://www.post.japanpost.jp/kitte_hagaki/stamp/fuke//detail.php?id=1249","https://www.post.japanpost.jp/kitte_hagaki/stamp/preview/img/fuke/./2_20200608133511_thum.jpg"
"1250","針郵便局","奈良県","〒632-0251 奈良県奈良市針町2207－1","奈良県奈良市針町2207－1","34.615204","135.956833","2020-06-23","","https://www.post.japanpost.jp/kitte_hagaki/stamp/fuke//detail.php?id=1250","https://www.post.japanpost.jp/kitte_hagaki/stamp/preview/img/fuke/./9_20200609103321_thum.jpg"
"1251","金沢法光寺郵便局","石川県","〒920-3132 石川県金沢市法光寺町137","石川県金沢市法光寺町137","36.604374","136.683075","2020-06-22","","https://www.post.japanpost.jp/kitte_hagaki/stamp/fuke//detail.php?id=1251","https://www.post.japanpost.jp/kitte_hagaki/stamp/preview/img/fuke/./7_20200609152236_thum.png"
"1252","秋田駅トピコ郵便局","秋田県","〒010-0001 秋田県秋田市中通7－1－2","秋田県秋田市中通7－1－2","39.720009","140.129105","2020-07-01","","https://www.post.japanpost.jp/kitte_hagaki/stamp/fuke//detail.php?id=1252","https://www.post.japanpost.jp/kitte_hagaki/stamp/preview/img/fuke/./2_20200615141152_thum.jpg"
"1253","東山代郵便局","佐賀県","〒849-4271 佐賀県伊万里市東山代町長浜2103－1","佐賀県伊万里市東山代町長浜2103－1","33.278374","129.84668","2020-06-29","","https://www.post.japanpost.jp/kitte_hagaki/stamp/fuke//detail.php?id=1253","https://www.post.japanpost.jp/kitte_hagaki/stamp/preview/img/fuke/./12_20200618175942_thum.png"
"1254","厳原郵便局","長崎県","〒817-8799 長崎県対馬市厳原町今屋敷676","長崎県対馬市厳原町今屋敷676","34.203213","129.289719","2020-07-01","","https://www.post.japanpost.jp/kitte_hagaki/stamp/fuke//detail.php?id=1254","https://www.post.japanpost.jp/kitte_hagaki/stamp/preview/img/fuke/./12_20200618180059_thum.png"
"1255","熊本北帯山郵便局","熊本県","〒862-0924 熊本県熊本市中央区帯山4－43－1","熊本県熊本市中央区帯山4－43－1","32.804493","130.748749","2020-07-03","","https://www.post.japanpost.jp/kitte_hagaki/stamp/fuke//detail.php?id=1255","https://www.post.japanpost.jp/kitte_hagaki/stamp/preview/img/fuke/./12_20200618175910_thum.png"
"1256","磐梯郵便局","福島県","〒969-3301 福島県福島県耶麻郡磐梯町磐梯小原1866","福島県福島県耶麻郡磐梯町磐梯小原1866","37.76083","140.474747","2020-07-06","","https://www.post.japanpost.jp/kitte_hagaki/stamp/fuke//detail.php?id=1256","https://www.post.japanpost.jp/kitte_hagaki/stamp/preview/img/fuke/./2_20200622105549_thum.jpg"
"1257","金沢森山郵便局","石川県","〒920-0843 石川県金沢市森山1-2-13","石川県金沢市森山1-2-13","36.57653","136.66745","2020-08-03","","https://www.post.japanpost.jp/kitte_hagaki/stamp/fuke//detail.php?id=1257","https://www.post.japanpost.jp/kitte_hagaki/stamp/preview/img/fuke/./7_20200708104706_thum.png"
"1258","天竜西鹿島郵便局","静岡県","〒431-3313 静岡県浜松市天竜区二俣町鹿島542－18","静岡県浜松市天竜区二俣町鹿島542－18","34.845398","137.809631","2020-08-05","","https://www.post.japanpost.jp/kitte_hagaki/stamp/fuke//detail.php?id=1258","https://www.post.japanpost.jp/kitte_hagaki/stamp/preview/img/fuke/./8_20200715111530_thum.jpg"
"1260","細島郵便局","宮崎県","〒883-0001 宮崎県日向市細島580","宮崎県日向市細島580","32.425541","131.660477","2020-08-14","","https://www.post.japanpost.jp/kitte_hagaki/stamp/fuke//detail.php?id=1260","https://www.post.japanpost.jp/kitte_hagaki/stamp/preview/img/fuke/./12_20200720121914_thum.png"
"1261","呉中央六郵便局","広島県","〒737-0051 広島県呉市中央6丁目3－7","広島県呉市中央6丁目3－7","34.250973","132.566833","2020-08-03","","https://www.post.japanpost.jp/kitte_hagaki/stamp/fuke//detail.php?id=1261","https://www.post.japanpost.jp/kitte_hagaki/stamp/preview/img/fuke/./10_20200722190606_thum.png"
"1263","旭和田郵便局","島根県","〒697-0424 島根県浜田市旭町和田152－11","島根県浜田市旭町和田152－11","34.857914","132.284241","2020-08-07","","https://www.post.japanpost.jp/kitte_hagaki/stamp/fuke//detail.php?id=1263","https://www.post.japanpost.jp/kitte_hagaki/stamp/preview/img/fuke/./10_20200728165405_thum.png"
"1264","狛江駅前郵便局","東京都","〒201-0014 東京都狛江市東和泉1-16-1","東京都狛江市東和泉1-16-1","35.632206","139.578003","2020-09-01","","https://www.post.japanpost.jp/kitte_hagaki/stamp/fuke//detail.php?id=1264","https://www.post.japanpost.jp/kitte_hagaki/stamp/preview/img/fuke/./5_20200803102249_thum.jpg"
"1265","狛江中和泉郵便局","東京都","〒201-0012 東京都狛江市中和泉5-3-4","東京都狛江市中和泉5-3-4","35.639595","139.568146","2020-09-01","","https://www.post.japanpost.jp/kitte_hagaki/stamp/fuke//detail.php?id=1265","https://www.post.japanpost.jp/kitte_hagaki/stamp/preview/img/fuke/./5_20200803102946_thum.jpg"
"1266","狛江東野川郵便局","東京都","〒201-0002 東京都狛江市東野川3-6-5","東京都狛江市東野川3-6-5","35.645931","139.580658","2020-09-01","","https://www.post.japanpost.jp/kitte_hagaki/stamp/fuke//detail.php?id=1266","https://www.post.japanpost.jp/kitte_hagaki/stamp/preview/img/fuke/./5_20200803103333_thum.jpg"
"1267","狛江西野川郵便局","東京都","〒201-0001 東京都狛江市西野川4-2-11","東京都狛江市西野川4-2-11","35.645988","139.572189","2020-09-01","","https://www.post.japanpost.jp/kitte_hagaki/stamp/fuke//detail.php?id=1267","https://www.post.japanpost.jp/kitte_hagaki/stamp/preview/img/fuke/./5_20200803103928_thum.jpg"
"1268","和泉多摩川駅前郵便局","東京都","〒201-0014 東京都狛江市東和泉3-5-5","東京都狛江市東和泉3-5-5","35.626617","139.575027","2020-09-01","","https://www.post.japanpost.jp/kitte_hagaki/stamp/fuke//detail.php?id=1268","https://www.post.japanpost.jp/kitte_hagaki/stamp/preview/img/fuke/./5_20200803104429_thum.jpg"
"1269","狛江岩戸南郵便局","東京都","〒201-0005 東京都狛江市岩戸南2-19-13","東京都狛江市岩戸南2-19-13","35.629032","139.5849","2020-09-01","","https://www.post.japanpost.jp/kitte_hagaki/stamp/fuke//detail.php?id=1269","https://www.post.japanpost.jp/kitte_hagaki/stamp/preview/img/fuke/./5_20200803104908_thum.jpg"
"1271","狛江郵便局","東京都","〒201-8799 東京都狛江市和泉本町3-29-7","東京都狛江市和泉本町3-29-7","35.64188","139.574783","2020-09-01","","https://www.post.japanpost.jp/kitte_hagaki/stamp/fuke//detail.php?id=1271","https://www.post.japanpost.jp/kitte_hagaki/stamp/preview/img/fuke/./5_20200803110315_thum.jpg"
"1272","江見駅郵便局","千葉県","〒299-2841 千葉県鴨川市西江見95-2","千葉県鴨川市西江見95-2","35.064964","140.056854","2020-08-31","","https://www.post.japanpost.jp/kitte_hagaki/stamp/fuke//detail.php?id=1272","https://www.post.japanpost.jp/kitte_hagaki/stamp/preview/img/fuke/./3_20200806134556_thum.png"
"1273","鴨川前原郵便局","千葉県","〒296-0002 千葉県鴨川市前原361-25","千葉県鴨川市前原361-25","35.098804","140.101501","2020-08-25","","https://www.post.japanpost.jp/kitte_hagaki/stamp/fuke//detail.php?id=1273","https://www.post.japanpost.jp/kitte_hagaki/stamp/preview/img/fuke/./3_20200806135457_thum.png"
"1274","太海郵便局","千葉県","〒299-2862 千葉県鴨川市太海2008","千葉県鴨川市太海2008","35.085014","140.090652","2020-08-25","","https://www.post.japanpost.jp/kitte_hagaki/stamp/fuke//detail.php?id=1274","https://www.post.japanpost.jp/kitte_hagaki/stamp/preview/img/fuke/./3_20200806140316_thum.png"
"1275","長狭郵便局","千葉県","〒296-0199 千葉県鴨川市南小町883-1","千葉県鴨川市南小町883-1","35.123032","140.026215","2020-08-25","","https://www.post.japanpost.jp/kitte_hagaki/stamp/fuke//detail.php?id=1275","https://www.post.japanpost.jp/kitte_hagaki/stamp/preview/img/fuke/./3_20200806140926_thum.png"
"1276","曾呂郵便局","千葉県","〒299-2851 千葉県鴨川市仲町579-3","千葉県鴨川市仲町579-3","35.092651","140.058929","2020-08-25","","https://www.post.japanpost.jp/kitte_hagaki/stamp/fuke//detail.php?id=1276","https://www.post.japanpost.jp/kitte_hagaki/stamp/preview/img/fuke/./3_20200806141856_thum.png"
"1277","鴨川寺門郵便局","千葉県","〒296-0122 千葉県鴨川市寺門147","千葉県鴨川市寺門147","35.13578","140.005066","2020-08-25","","https://www.post.japanpost.jp/kitte_hagaki/stamp/fuke//detail.php?id=1277","https://www.post.japanpost.jp/kitte_hagaki/stamp/preview/img/fuke/./3_20200806142635_thum.png"
"1278","金沢四十万郵便局","石川県","〒921-8135 石川県金沢市四十万3-166-2","石川県金沢市四十万3-166-2","36.502205","136.617844","2020-08-20","","https://www.post.japanpost.jp/kitte_hagaki/stamp/fuke//detail.php?id=1278","https://www.post.japanpost.jp/kitte_hagaki/stamp/preview/img/fuke/./7_20200806142717_thum.png"
"1279","鴨川田原郵便局","千葉県","〒296-0016 千葉県鴨川市坂東318-2","千葉県鴨川市坂東318-2","35.122845","140.068878","2020-08-25","","https://www.post.japanpost.jp/kitte_hagaki/stamp/fuke//detail.php?id=1279","https://www.post.japanpost.jp/kitte_hagaki/stamp/preview/img/fuke/./3_20200806143631_thum.png"
"1281","金沢木越郵便局","石川県","〒920-0202 石川県金沢市木越1-151","石川県金沢市木越1-151","36.618835","136.668137","2020-09-01","","https://www.post.japanpost.jp/kitte_hagaki/stamp/fuke//detail.php?id=1281","https://www.post.japanpost.jp/kitte_hagaki/stamp/preview/img/fuke/./7_20200807175609_thum.png"
"1282","金沢宝船路郵便局","石川県","〒920-0866 石川県金沢市中央通町19-31","石川県金沢市中央通町19-31","36.564919","136.646164","2020-09-01","","https://www.post.japanpost.jp/kitte_hagaki/stamp/fuke//detail.php?id=1282","https://www.post.japanpost.jp/kitte_hagaki/stamp/preview/img/fuke/./7_20200807180405_thum.png"
"1284","井原野上郵便局","岡山県","〒715-0001 岡山県井原市野上町3103－5","岡山県井原市野上町3103－5","34.643517","133.503265","2020-09-09","","https://www.post.japanpost.jp/kitte_hagaki/stamp/fuke//detail.php?id=1284","https://www.post.japanpost.jp/kitte_hagaki/stamp/preview/img/fuke/./10_20200828171158_thum.png"
"1286","米子天神町郵便局","鳥取県","〒683-0821 鳥取県米子市天神町2丁目28－3","鳥取県米子市天神町2丁目28－3","35.432289","133.325684","2020-09-09","","https://www.post.japanpost.jp/kitte_hagaki/stamp/fuke//detail.php?id=1286","https://www.post.japanpost.jp/kitte_hagaki/stamp/preview/img/fuke/./10_20200828161706_thum.png"
"1287","二階堂郵便局","奈良県","〒632-0088 奈良県天理市二階堂北菅田町176","奈良県天理市二階堂北菅田町176","34.597164","135.794678","2020-09-18","","https://www.post.japanpost.jp/kitte_hagaki/stamp/fuke//detail.php?id=1287","https://www.post.japanpost.jp/kitte_hagaki/stamp/preview/img/fuke/./9_20200901121715_thum.jpg"
"1289","滑川加島郵便局","富山県","〒936-0068 富山県滑川市加島町16-1","富山県滑川市加島町16-1","36.758915","137.332458","2020-09-23","","https://www.post.japanpost.jp/kitte_hagaki/stamp/fuke//detail.php?id=1289","https://www.post.japanpost.jp/kitte_hagaki/stamp/preview/img/fuke/./7_20200911171650_thum.png"
"1291","都介野郵便局","奈良県","〒632-0241 奈良県奈良市都祁南之庄町1014-3","奈良県奈良市都祁南之庄町1014-3","34.590469","135.9552","2020-09-29","","https://www.post.japanpost.jp/kitte_hagaki/stamp/fuke//detail.php?id=1291","https://www.post.japanpost.jp/kitte_hagaki/stamp/preview/img/fuke/./9_20200911175610_thum.jpg"
"1295","鎌手郵便局","島根県","〒699-3506 島根県益田市西平原町703－1","島根県益田市西平原町703－1","34.751755","131.881134","2020-10-01","","https://www.post.japanpost.jp/kitte_hagaki/stamp/fuke//detail.php?id=1295","https://www.post.japanpost.jp/kitte_hagaki/stamp/preview/img/fuke/./10_20200918114440_thum.png"
"1296","今福郵便局","島根県","〒697-0399 島根県浜田市金城町今福35－3","島根県浜田市金城町今福35－3","34.890106","132.213791","2020-10-01","","https://www.post.japanpost.jp/kitte_hagaki/stamp/fuke//detail.php?id=1296","https://www.post.japanpost.jp/kitte_hagaki/stamp/preview/img/fuke/./10_20200918115617_thum.png"
"1298","天理別所郵便局","奈良県","〒632-0018 奈良県天理市別所町304－1","奈良県天理市別所町304－1","34.610809","135.832733","2020-10-08","","https://www.post.japanpost.jp/kitte_hagaki/stamp/fuke//detail.php?id=1298","https://www.post.japanpost.jp/kitte_hagaki/stamp/preview/img/fuke/./9_20200929144216_thum.jpg"
"1299","金沢問屋町郵便局","石川県","〒920-0061 石川県金沢市問屋町2-68-3","石川県金沢市問屋町2-68-3","36.605713","136.64032","2020-10-14","","https://www.post.japanpost.jp/kitte_hagaki/stamp/fuke//detail.php?id=1299","https://www.post.japanpost.jp/kitte_hagaki/stamp/preview/img/fuke/./7_20200930145636_thum.png"
"1300","イオン松江SC内郵便局","島根県","〒690-0001 島根県松江市東朝日町151","島根県松江市東朝日町151","35.464951","133.06929","2020-10-26","","https://www.post.japanpost.jp/kitte_hagaki/stamp/fuke//detail.php?id=1300","https://www.post.japanpost.jp/kitte_hagaki/stamp/preview/img/fuke/./10_20201005132241_thum.png"
"1301","旭日丘郵便局","山梨県","〒401-0502 山梨県南都留郡山中湖村平野506-296","山梨県南都留郡山中湖村平野506-296","35.401627","138.872665","2021-02-03","","https://www.post.japanpost.jp/kitte_hagaki/stamp/fuke//detail.php?id=1301","https://www.post.japanpost.jp/kitte_hagaki/stamp/preview/img/fuke/./4_20201005151811_thum.jpg"
"1302","茗荷郵便局","奈良県","〒630-2199 奈良県奈良県奈良市茗荷町1046","奈良県奈良県奈良市茗荷町1046","34.685001","135.804718","2020-10-23","","https://www.post.japanpost.jp/kitte_hagaki/stamp/fuke//detail.php?id=1302","https://www.post.japanpost.jp/kitte_hagaki/stamp/preview/img/fuke/./9_20201006113550_thum.jpg"
"1303","京都上賀茂郵便局","京都府","〒603-8062 京都府京都市北区上賀茂薮田町25－4","京都府京都市北区上賀茂薮田町25－4","35.053562","135.759155","2020-10-19","","https://www.post.japanpost.jp/kitte_hagaki/stamp/fuke//detail.php?id=1303","https://www.post.japanpost.jp/kitte_hagaki/stamp/preview/img/fuke/./9_20201012105414_thum.jpg"
"1304","戸畑郵便局","福岡県","〒804-8799 福岡県北九州市戸畑区新池1-2-2","福岡県北九州市戸畑区新池1-2-2","33.894989","130.829651","2020-11-11","","https://www.post.japanpost.jp/kitte_hagaki/stamp/fuke//detail.php?id=1304","https://www.post.japanpost.jp/kitte_hagaki/stamp/preview/img/fuke/./12_20201020141003_thum.png"
"1305","南楢岡郵便局","秋田県","〒019-1846 秋田県大仙市南外字梨木田427-23","秋田県大仙市南外字梨木田427-23","39.446205","140.350235","2020-11-02","","https://www.post.japanpost.jp/kitte_hagaki/stamp/fuke//detail.php?id=1305","https://www.post.japanpost.jp/kitte_hagaki/stamp/preview/img/fuke/./2_20201013130333_thum.jpg"
"1306","金沢桜町郵便局","石川県","〒920-0926 石川県金沢市暁町7-12","石川県金沢市暁町7-12","36.564011","136.673904","2020-10-26","","https://www.post.japanpost.jp/kitte_hagaki/stamp/fuke//detail.php?id=1306","https://www.post.japanpost.jp/kitte_hagaki/stamp/preview/img/fuke/./7_20201013182827_thum.png"
"1307","金沢小橋郵便局","石川県","〒920-0901 石川県金沢市彦三町1-11-6","石川県金沢市彦三町1-11-6","36.575958","136.660461","2020-10-26","","https://www.post.japanpost.jp/kitte_hagaki/stamp/fuke//detail.php?id=1307","https://www.post.japanpost.jp/kitte_hagaki/stamp/preview/img/fuke/./7_20201013183354_thum.png"
"1308","金沢諸江郵便局","石川県","〒920-0015 石川県金沢市諸江町上丁233-1","石川県金沢市諸江町上丁233-1","36.590202","136.646622","2020-10-26","","https://www.post.japanpost.jp/kitte_hagaki/stamp/fuke//detail.php?id=1308","https://www.post.japanpost.jp/kitte_hagaki/stamp/preview/img/fuke/./7_20201013184001_thum.png"
"1310","酒田東泉町郵便局","山形県","〒998-0013 山形県酒田市東泉町3丁目18-11","山形県酒田市東泉町3丁目18-11","38.930584","139.848648","2020-11-16","","https://www.post.japanpost.jp/kitte_hagaki/stamp/fuke//detail.php?id=1310","https://www.post.japanpost.jp/kitte_hagaki/stamp/preview/img/fuke/./2_20201014154057_thum.jpg"
"1311","川越脇田郵便局","埼玉県","〒350-0046 埼玉県川越市菅原町24-2","埼玉県川越市菅原町24-2","35.908833","139.485535","2020-11-02","","https://www.post.japanpost.jp/kitte_hagaki/stamp/fuke//detail.php?id=1311","https://www.post.japanpost.jp/kitte_hagaki/stamp/preview/img/fuke/./3_20201019132915_thum.jpg"
"1313","高浜郵便局","茨城県","〒315-0045 茨城県石岡市高浜811","茨城県石岡市高浜811","36.162617","140.303482","2020-11-02","","https://www.post.japanpost.jp/kitte_hagaki/stamp/fuke//detail.php?id=1313","https://www.post.japanpost.jp/kitte_hagaki/stamp/preview/img/fuke/./3_20201019140107_thum.jpg"
"1314","流山鰭ヶ崎郵便局","千葉県","〒270-0161 千葉県流山市鰭ヶ崎1307-2","千葉県流山市鰭ヶ崎1307-2","35.839855","139.910202","2020-11-06","","https://www.post.japanpost.jp/kitte_hagaki/stamp/fuke//detail.php?id=1314","https://www.post.japanpost.jp/kitte_hagaki/stamp/preview/img/fuke/./3_20201023112958_thum.png"
"1315","小松軽海郵便局","石川県","〒923-0825 石川県小松市西軽海町1-108","石川県小松市西軽海町1-108","36.396809","136.500137","2020-11-11","","https://www.post.japanpost.jp/kitte_hagaki/stamp/fuke//detail.php?id=1315","https://www.post.japanpost.jp/kitte_hagaki/stamp/preview/img/fuke/./7_20201028175826_thum.png"
"1316","金沢久安郵便局","石川県","〒921-8164 石川県金沢市久安3-14","石川県金沢市久安3-14","36.53717","136.632721","2020-11-11","","https://www.post.japanpost.jp/kitte_hagaki/stamp/fuke//detail.php?id=1316","https://www.post.japanpost.jp/kitte_hagaki/stamp/preview/img/fuke/./7_20201028180233_thum.png"
"1317","北山郵便局","岐阜県","〒501-2301 岐阜県山県市神崎311","岐阜県山県市神崎311","35.669319","136.710739","2020-11-12","","https://www.post.japanpost.jp/kitte_hagaki/stamp/fuke//detail.php?id=1317","https://www.post.japanpost.jp/kitte_hagaki/stamp/preview/img/fuke/./8_20201029114437_thum.png"
"1319","柳井山根郵便局","山口県","〒742-0007 山口県柳井市東土手13-25","山口県柳井市東土手13-25","33.966022","132.118622","2020-11-24","","https://www.post.japanpost.jp/kitte_hagaki/stamp/fuke//detail.php?id=1319","https://www.post.japanpost.jp/kitte_hagaki/stamp/preview/img/fuke/./10_20201112121159_thum.png"
"1321","長井中道郵便局","山形県","〒993-0053 山形県長井市中道1-2-34","山形県長井市中道1-2-34","38.108429","140.031464","2021-01-04","","https://www.post.japanpost.jp/kitte_hagaki/stamp/fuke//detail.php?id=1321","https://www.post.japanpost.jp/kitte_hagaki/stamp/preview/img/fuke/./2_20201214145525_thum.png"
"1322","波田郵便局","島根県","〒698-0411 島根県益田市波田町イ559-4","島根県益田市波田町イ559-4","34.633434","131.945129","2021-01-04","","https://www.post.japanpost.jp/kitte_hagaki/stamp/fuke//detail.php?id=1322","https://www.post.japanpost.jp/kitte_hagaki/stamp/preview/img/fuke/./10_20201223091230_thum.png"
"1324","武豊六貫山郵便局","愛知県","〒470-2385 愛知県知多郡武豊町北中根5-1-1","愛知県知多郡武豊町北中根5-1-1","34.852985","136.902527","2021-01-18","","https://www.post.japanpost.jp/kitte_hagaki/stamp/fuke//detail.php?id=1324","https://www.post.japanpost.jp/kitte_hagaki/stamp/preview/img/fuke/./8_20210106165410_thum.png"
"1325","都賀行郵便局","島根県","〒696-0705 島根県邑智郡美郷町都賀行90-22","島根県邑智郡美郷町都賀行90-22","34.982048","132.596207","2021-01-15","","https://www.post.japanpost.jp/kitte_hagaki/stamp/fuke//detail.php?id=1325","https://www.post.japanpost.jp/kitte_hagaki/stamp/preview/img/fuke/./10_20210107095645_thum.png"
"1326","三隅岡見郵便局","島根県","〒699-3226 島根県浜田市三隅町岡見518-1","島根県浜田市三隅町岡見518-1","34.769325","131.923538","2021-02-02","","https://www.post.japanpost.jp/kitte_hagaki/stamp/fuke//detail.php?id=1326","https://www.post.japanpost.jp/kitte_hagaki/stamp/preview/img/fuke/./10_20210114094634_thum.png"
"1328","津嘉山郵便局","沖縄県","〒901-1117 沖縄県島尻郡南風原町津嘉山1462-2","沖縄県島尻郡南風原町津嘉山1462-2","26.188932","127.709534","2021-02-01","","https://www.post.japanpost.jp/kitte_hagaki/stamp/fuke//detail.php?id=1328","https://www.post.japanpost.jp/kitte_hagaki/stamp/preview/img/fuke/./13_20210114104812_thum.png"
"1329","宮宿郵便局","山形県","〒990-1499 山形県西村山郡朝日町宮宿元宿1103-2","山形県西村山郡朝日町宮宿元宿1103-2","38.29834","140.142868","2021-02-15","","https://www.post.japanpost.jp/kitte_hagaki/stamp/fuke//detail.php?id=1329","https://www.post.japanpost.jp/kitte_hagaki/stamp/preview/img/fuke/./2_20210118095733_thum.jpg"
"1330","西五百川郵便局","山形県","〒990-1552 山形県西村山郡朝日町常盤に725","山形県西村山郡朝日町常盤に725","38.291195","140.121429","2021-02-15","","https://www.post.japanpost.jp/kitte_hagaki/stamp/fuke//detail.php?id=1330","https://www.post.japanpost.jp/kitte_hagaki/stamp/preview/img/fuke/./2_20210118100233_thum.jpg"
"1331","大谷郵便局","山形県","〒990-1304 山形県西村山郡朝日町大谷1855-6","山形県西村山郡朝日町大谷1855-6","38.344444","140.167603","2021-02-15","","https://www.post.japanpost.jp/kitte_hagaki/stamp/fuke//detail.php?id=1331","https://www.post.japanpost.jp/kitte_hagaki/stamp/preview/img/fuke/./2_20210118100528_thum.jpg"
"1333","北久里浜郵便局","神奈川県","〒239-0807 神奈川県横須賀市根岸町5－17－18","神奈川県横須賀市根岸町5－17－18","35.253757","139.685043","2021-03-22","","https://www.post.japanpost.jp/kitte_hagaki/stamp/fuke//detail.php?id=1333","https://www.post.japanpost.jp/kitte_hagaki/stamp/preview/img/fuke/./4_20210118143008_thum.jpg"
"1334","あずま伊崎郵便局","茨城県","〒300-0603 茨城県稲敷市伊佐部1830-10","茨城県稲敷市伊佐部1830-10","35.93874","140.411575","2021-02-01","","https://www.post.japanpost.jp/kitte_hagaki/stamp/fuke//detail.php?id=1334","https://www.post.japanpost.jp/kitte_hagaki/stamp/preview/img/fuke/./3_20210119110252_thum.png"
"1335","八幡浜桧谷郵便局","愛媛県","〒796-0021 愛媛県八幡浜市桧谷3-1008-1","愛媛県八幡浜市桧谷3-1008-1","33.4599","132.435516","2021-02-05","","https://www.post.japanpost.jp/kitte_hagaki/stamp/fuke//detail.php?id=1335","https://www.post.japanpost.jp/kitte_hagaki/stamp/preview/img/fuke/./11_20210120130547_thum.jpg"
"1336","倉光郵便局","石川県","〒924-0865 石川県白山市倉光7-112-1","石川県白山市倉光7-112-1","36.514957","136.569733","2021-02-01","","https://www.post.japanpost.jp/kitte_hagaki/stamp/fuke//detail.php?id=1336","https://www.post.japanpost.jp/kitte_hagaki/stamp/preview/img/fuke/./7_20210120132607_thum.png"
"1337","金沢彦三郵便局","石川県","〒920-0854 石川県金沢市安江町1-31","石川県金沢市安江町1-31","36.572891","136.656296","2021-02-01","","https://www.post.japanpost.jp/kitte_hagaki/stamp/fuke//detail.php?id=1337","https://www.post.japanpost.jp/kitte_hagaki/stamp/preview/img/fuke/./7_20210120133113_thum.png"
"1338","小松長田郵便局","石川県","〒923-0034 石川県小松市長田町甲15-2","石川県小松市長田町甲15-2","36.426384","136.464676","2021-02-01","","https://www.post.japanpost.jp/kitte_hagaki/stamp/fuke//detail.php?id=1338","https://www.post.japanpost.jp/kitte_hagaki/stamp/preview/img/fuke/./7_20210120133955_thum.png"
"1339","金沢鳴和町郵便局","石川県","〒920-0804 石川県金沢市鳴和1-16-31","石川県金沢市鳴和1-16-31","36.587376","136.674744","2021-02-01","","https://www.post.japanpost.jp/kitte_hagaki/stamp/fuke//detail.php?id=1339","https://www.post.japanpost.jp/kitte_hagaki/stamp/preview/img/fuke/./7_20210120134443_thum.png"
"1342","米沢花沢郵便局","山形県","〒992-0023 山形県米沢市下花沢3-10-33","山形県米沢市下花沢3-10-33","37.91909","140.126968","2021-02-22","","https://www.post.japanpost.jp/kitte_hagaki/stamp/fuke//detail.php?id=1342","https://www.post.japanpost.jp/kitte_hagaki/stamp/preview/img/fuke/./2_20210128132411_thum.jpg"
"1347","米沢中央七郵便局","山形県","〒992-0045 山形県米沢市中央7-6-27","山形県米沢市中央7-6-27","37.919773","140.102905","2021-02-22","","https://www.post.japanpost.jp/kitte_hagaki/stamp/fuke//detail.php?id=1347","https://www.post.japanpost.jp/kitte_hagaki/stamp/preview/img/fuke/./2_20210203115756_thum.jpg"
"1348","米沢六郷郵便局","山形県","〒992-0095 山形県米沢市六郷町一漆130-7","山形県米沢市六郷町一漆130-7","37.96508","140.083649","2021-02-22","","https://www.post.japanpost.jp/kitte_hagaki/stamp/fuke//detail.php?id=1348","https://www.post.japanpost.jp/kitte_hagaki/stamp/preview/img/fuke/./2_20210202161129_thum.jpg"
"1350","石見今市郵便局","島根県","〒697-0499 島根県浜田市旭町今市485-5","島根県浜田市旭町今市485-5","34.855583","132.265076","2021-03-03","","https://www.post.japanpost.jp/kitte_hagaki/stamp/fuke//detail.php?id=1350","https://www.post.japanpost.jp/kitte_hagaki/stamp/preview/img/fuke/./10_20210205101154_thum.png"
"1352","神代郵便局","岡山県","〒719-3611 岡山県新見市神郷下神代3953-5","岡山県新見市神郷下神代3953-5","34.982079","133.381409","2021-03-03","","https://www.post.japanpost.jp/kitte_hagaki/stamp/fuke//detail.php?id=1352","https://www.post.japanpost.jp/kitte_hagaki/stamp/preview/img/fuke/./10_20210205103514_thum.png"
"1354","福岡桧原郵便局","福岡県","〒811-1354 福岡県福岡市南区大平寺1－10－2","福岡県福岡市南区大平寺1－10－2","33.533817","130.39888","2021-03-15","","https://www.post.japanpost.jp/kitte_hagaki/stamp/fuke//detail.php?id=1354","https://www.post.japanpost.jp/kitte_hagaki/stamp/preview/img/fuke/./12_20210205164933_thum.png"
"1355","福岡桜町郵便局","福岡県","〒811-1361 福岡県福岡市南区西長住3-32-14","福岡県福岡市南区西長住3-32-14","33.542267","130.391617","2021-03-15","","https://www.post.japanpost.jp/kitte_hagaki/stamp/fuke//detail.php?id=1355","https://www.post.japanpost.jp/kitte_hagaki/stamp/preview/img/fuke/./12_20210205170052_thum.png"
"1356","長野中央郵便局","長野県","〒380-8799 長野県長野市南県町1085-4","長野県長野市南県町1085-4","36.645218","138.189636","2021-03-03","","https://www.post.japanpost.jp/kitte_hagaki/stamp/fuke//detail.php?id=1356","https://www.post.japanpost.jp/kitte_hagaki/stamp/preview/img/fuke/./6_20210208101055_thum.jpg"
"1358","沖郷郵便局","山形県","〒999-2251 山形県南陽市高梨畑田591-6","山形県南陽市高梨畑田591-6","38.038597","140.136063","2021-03-01","","https://www.post.japanpost.jp/kitte_hagaki/stamp/fuke//detail.php?id=1358","https://www.post.japanpost.jp/kitte_hagaki/stamp/preview/img/fuke/./2_20210210092026_thum.jpg"
"1359","長井粡町郵便局","山形県","〒993-0006 山形県長井市あら町6-60-1","山形県長井市あら町6-60-1","38.101864","140.038193","2021-03-03","","https://www.post.japanpost.jp/kitte_hagaki/stamp/fuke//detail.php?id=1359","https://www.post.japanpost.jp/kitte_hagaki/stamp/preview/img/fuke/./2_20210210095619_thum.jpg"
"1361","米沢城西郵便局","山形県","〒992-0058 山形県米沢市木場町1-15","山形県米沢市木場町1-15","37.916153","140.095551","2021-03-17","","https://www.post.japanpost.jp/kitte_hagaki/stamp/fuke//detail.php?id=1361","https://www.post.japanpost.jp/kitte_hagaki/stamp/preview/img/fuke/./2_20210225104246_thum.jpg"
"1363","豊島南長崎郵便局","東京都","〒171-0052 東京都豊島区南長崎4-27-5","東京都豊島区南長崎4-27-5","35.726452","139.684189","2021-03-08","","https://www.post.japanpost.jp/kitte_hagaki/stamp/fuke//detail.php?id=1363","https://www.post.japanpost.jp/kitte_hagaki/stamp/preview/img/fuke/./5_20210215161359_thum.jpg"
"1365","豊島長崎郵便局","東京都","〒171-0051 東京都豊島区長崎4-25-1","東京都豊島区長崎4-25-1","35.730103","139.685791","2021-03-08","","https://www.post.japanpost.jp/kitte_hagaki/stamp/fuke//detail.php?id=1365","https://www.post.japanpost.jp/kitte_hagaki/stamp/preview/img/fuke/./5_20210215162501_thum.jpg"
"1367","豊島南長崎六郵便局","東京都","〒171-0052 東京都豊島区南長崎6-9-12","東京都豊島区南長崎6-9-12","35.730694","139.678665","2021-03-08","","https://www.post.japanpost.jp/kitte_hagaki/stamp/fuke//detail.php?id=1367","https://www.post.japanpost.jp/kitte_hagaki/stamp/preview/img/fuke/./5_20210215163736_thum.jpg"
"1369","豊島長崎六郵便局","東京都","〒171-0051 東京都東京都豊島区長崎6-20-1","東京都東京都豊島区長崎6-20-1","35.758015","139.529892","2021-03-08","","https://www.post.japanpost.jp/kitte_hagaki/stamp/fuke//detail.php?id=1369","https://www.post.japanpost.jp/kitte_hagaki/stamp/preview/img/fuke/./5_20210215165349_thum.jpg"
"1372","大鹿郵便局","長野県","〒399-3502 長野県下伊那郡大鹿村大河原921-2","長野県下伊那郡大鹿村大河原921-2","35.531612","138.077118","2021-03-03","","https://www.post.japanpost.jp/kitte_hagaki/stamp/fuke//detail.php?id=1372","https://www.post.japanpost.jp/kitte_hagaki/stamp/preview/img/fuke/./6_20210216114258_thum.jpg"
"1373","池田郵便局","長野県","〒399-8601 長野県北安曇郡池田町大字池田4379-2","長野県北安曇郡池田町大字池田4379-2","36.417637","137.878342","2021-03-10","","https://www.post.japanpost.jp/kitte_hagaki/stamp/fuke//detail.php?id=1373","https://www.post.japanpost.jp/kitte_hagaki/stamp/preview/img/fuke/./6_20210216162228_thum.jpg"
"1375","金沢額郵便局","石川県","〒921-8147 石川県金沢市大額2-166","石川県金沢市大額2-166","36.516335","136.624405","2021-03-03","","https://www.post.japanpost.jp/kitte_hagaki/stamp/fuke//detail.php?id=1375","https://www.post.japanpost.jp/kitte_hagaki/stamp/preview/img/fuke/./7_20210218160544_thum.png"
"1376","金沢泉野町郵便局","石川県","〒921-8034 石川県金沢市泉野町6-1-3","石川県金沢市泉野町6-1-3","36.544151","136.652039","2021-03-03","","https://www.post.japanpost.jp/kitte_hagaki/stamp/fuke//detail.php?id=1376","https://www.post.japanpost.jp/kitte_hagaki/stamp/preview/img/fuke/./7_20210218160951_thum.png"
"1378","米沢舘山郵便局","山形県","〒992-0072 山形県米沢市舘山2-2-33","山形県米沢市舘山2-2-33","37.912666","140.075577","2021-03-17","","https://www.post.japanpost.jp/kitte_hagaki/stamp/fuke//detail.php?id=1378","https://www.post.japanpost.jp/kitte_hagaki/stamp/preview/img/fuke/./2_20210225104538_thum.jpg"
"1379","ゆめタウン別府郵便局","大分県","〒874-0943 大分県別府市楠町382-7","大分県別府市楠町382-7","33.276291","131.507645","2021-03-22","","https://www.post.japanpost.jp/kitte_hagaki/stamp/fuke//detail.php?id=1379","https://www.post.japanpost.jp/kitte_hagaki/stamp/preview/img/fuke/./12_20210225125857_thum.png"
"1380","御船上野郵便局","熊本県","〒861-3322 熊本県上益城郡御船町上野5112-1","熊本県上益城郡御船町上野5112-1","32.735828","130.862503","2021-04-01","","https://www.post.japanpost.jp/kitte_hagaki/stamp/fuke//detail.php?id=1380","https://www.post.japanpost.jp/kitte_hagaki/stamp/preview/img/fuke/./12_20210225170739_thum.png"
"1381","吉島郵便局","山形県","〒999-0214 山形県東置賜郡川西町吉田寺田5896-6","山形県東置賜郡川西町吉田寺田5896-6","38.005074","140.098877","2021-04-16","","https://www.post.japanpost.jp/kitte_hagaki/stamp/fuke//detail.php?id=1381","https://www.post.japanpost.jp/kitte_hagaki/stamp/preview/img/fuke/./2_20210402162831_thum.jpg"
"1382","梨郷郵便局","山形県","〒992-0478 山形県南陽市竹原51","山形県南陽市竹原51","38.068485","140.090195","2021-03-22","","https://www.post.japanpost.jp/kitte_hagaki/stamp/fuke//detail.php?id=1382","https://www.post.japanpost.jp/kitte_hagaki/stamp/preview/img/fuke/./2_20210303153123_thum.jpg"
"1383","中郡郵便局","山形県","〒999-0142 山形県東置賜郡川西町堀金1412-3","山形県東置賜郡川西町堀金1412-3","37.986881","140.084976","2021-03-26","","https://www.post.japanpost.jp/kitte_hagaki/stamp/fuke//detail.php?id=1383","https://www.post.japanpost.jp/kitte_hagaki/stamp/preview/img/fuke/./2_20210308173256_thum.jpg"
"1386","横浜市役所内郵便局","神奈川県","〒231-0005 神奈川県横浜市中区本町6－50－10","神奈川県横浜市中区本町6－50－10","35.450195","139.634903","2021-06-01","","https://www.post.japanpost.jp/kitte_hagaki/stamp/fuke//detail.php?id=1386","https://www.post.japanpost.jp/kitte_hagaki/stamp/preview/img/fuke/./4_20210312185849_thum.png"
"1387","川口郵便局","新潟県","〒949-7599 新潟県長岡市東川口1979-133","新潟県長岡市東川口1979-133","37.273361","138.856583","2021-04-09","","https://www.post.japanpost.jp/kitte_hagaki/stamp/fuke//detail.php?id=1387","https://www.post.japanpost.jp/kitte_hagaki/stamp/preview/img/fuke/./6_20210318094649_thum.jpg"
"1389","桜郵便局","宮城県","〒981-1522 宮城県角田市佐倉町裏1番81-5","宮城県角田市佐倉町裏1番81-5","37.993679","140.797455","2021-04-05","","https://www.post.japanpost.jp/kitte_hagaki/stamp/fuke//detail.php?id=1389","https://www.post.japanpost.jp/kitte_hagaki/stamp/preview/img/fuke/./2_20210317161106_thum.jpg"
"1390","大舟郵便局","山形県","〒999-0151 山形県東置賜郡川西町大舟2575-4","山形県東置賜郡川西町大舟2575-4","37.936756","140.016281","2021-04-09","","https://www.post.japanpost.jp/kitte_hagaki/stamp/fuke//detail.php?id=1390","https://www.post.japanpost.jp/kitte_hagaki/stamp/preview/img/fuke/./2_20210317161535_thum.jpg"
"1391","添川郵便局","山形県","〒999-0605 山形県西置賜郡飯豊町添川696","山形県西置賜郡飯豊町添川696","38.030071","140.014679","2021-04-12","","https://www.post.japanpost.jp/kitte_hagaki/stamp/fuke//detail.php?id=1391","https://www.post.japanpost.jp/kitte_hagaki/stamp/preview/img/fuke/./2_20210317162912_thum.jpg"
"1392","玉庭郵便局","山形県","〒999-0361 山形県東置賜郡川西町玉庭中程4959-2","山形県東置賜郡川西町玉庭中程4959-2","37.926586","139.967133","2021-04-16","","https://www.post.japanpost.jp/kitte_hagaki/stamp/fuke//detail.php?id=1392","https://www.post.japanpost.jp/kitte_hagaki/stamp/preview/img/fuke/./2_20210317163237_thum.jpg"
"1393","浜松高林郵便局","静岡県","〒430-0907 静岡県浜松市中区高林4－5－12","静岡県浜松市中区高林4－5－12","34.730015","137.733109","2021-04-12","","https://www.post.japanpost.jp/kitte_hagaki/stamp/fuke//detail.php?id=1393","https://www.post.japanpost.jp/kitte_hagaki/stamp/preview/img/fuke/./8_20210330132128_thum.jpg"
"1400","岐阜市役所内郵便局","岐阜県","〒500-8076 岐阜県岐阜市司町40-1","岐阜県岐阜市司町40-1","35.426994","136.760193","2021-05-06","","https://www.post.japanpost.jp/kitte_hagaki/stamp/fuke//detail.php?id=1400","https://www.post.japanpost.jp/kitte_hagaki/stamp/preview/img/fuke/./8_20210420164826_thum.png"
"1401","小野川郵便局","山形県","〒992-0076 山形県米沢市小野川町2640-4","山形県米沢市小野川町2640-4","37.867165","140.068069","2021-05-10","","https://www.post.japanpost.jp/kitte_hagaki/stamp/fuke//detail.php?id=1401","https://www.post.japanpost.jp/kitte_hagaki/stamp/preview/img/fuke/./2_20210420175339_thum.jpg"
"1403","御幸郵便局","石川県","〒923-0965 石川県小松市串町ス11-1","石川県小松市串町ス11-1","36.367138","136.422318","2021-05-17","","https://www.post.japanpost.jp/kitte_hagaki/stamp/fuke//detail.php?id=1403","https://www.post.japanpost.jp/kitte_hagaki/stamp/preview/img/fuke/./7_20210430095652_thum.jpg"
"1408","三瓶郵便局","島根県","〒694-0223 島根県大田市三瓶町池田2274-1","島根県大田市三瓶町池田2274-1","35.144787","132.585861","2021-05-24","","https://www.post.japanpost.jp/kitte_hagaki/stamp/fuke//detail.php?id=1408","https://www.post.japanpost.jp/kitte_hagaki/stamp/preview/img/fuke/./10_20210510185756_thum.png"
"1409","西尾八ツ面簡易郵便局","愛知県","〒445-0082 愛知県西尾市八ツ面町市場96番地1","愛知県西尾市八ツ面町市場96番地1","34.875877","137.071075","2021-05-24","","https://www.post.japanpost.jp/kitte_hagaki/stamp/fuke//detail.php?id=1409","https://www.post.japanpost.jp/kitte_hagaki/stamp/preview/img/fuke/./8_20210514131307_thum.png"
"1412","江俣郵便局","山形県","〒990-0862 山形県山形市西江俣1-26","山形県山形市西江俣1-26","38.276802","140.313644","2021-06-01","","https://www.post.japanpost.jp/kitte_hagaki/stamp/fuke//detail.php?id=1412","https://www.post.japanpost.jp/kitte_hagaki/stamp/preview/img/fuke/./2_20210520094244_thum.jpg"
"1413","山形中野郵便局","山形県","〒990-0892 山形県山形市中野147-4","山形県山形市中野147-4","38.305538","140.300858","2021-06-01","","https://www.post.japanpost.jp/kitte_hagaki/stamp/fuke//detail.php?id=1413","https://www.post.japanpost.jp/kitte_hagaki/stamp/preview/img/fuke/./2_20210520094329_thum.jpg"
"1414","山形流通センター内郵便局","山形県","〒990-8681 山形県山形市流通センター2-3","山形県山形市流通センター2-3","38.290047","140.355453","2021-06-01","","https://www.post.japanpost.jp/kitte_hagaki/stamp/fuke//detail.php?id=1414","https://www.post.japanpost.jp/kitte_hagaki/stamp/preview/img/fuke/./2_20210520094410_thum.jpg"
"1415","大平簡易郵便局","青森県","〒030-1307 青森県東津軽郡外ヶ浜町蟹田大平山元94-3","青森県東津軽郡外ヶ浜町蟹田大平山元94-3","41.068527","140.556839","2021-06-01","","https://www.post.japanpost.jp/kitte_hagaki/stamp/fuke//detail.php?id=1415","https://www.post.japanpost.jp/kitte_hagaki/stamp/preview/img/fuke/./2_20210520094004_thum.jpg"
"1416","支倉郵便局","宮城県","〒989-1507 宮城県柴田郡川崎町支倉山口139-1","宮城県柴田郡川崎町支倉山口139-1","38.171318","140.704971","2021-06-01","","https://www.post.japanpost.jp/kitte_hagaki/stamp/fuke//detail.php?id=1416","https://www.post.japanpost.jp/kitte_hagaki/stamp/preview/img/fuke/./2_20210519150151_thum.jpg"
"1417","沼辺郵便局","宮城県","〒989-1321 宮城県柴田郡村田町沼辺寄井237","宮城県柴田郡村田町沼辺寄井237","38.078289","140.731308","2021-06-01","","https://www.post.japanpost.jp/kitte_hagaki/stamp/fuke//detail.php?id=1417","https://www.post.japanpost.jp/kitte_hagaki/stamp/preview/img/fuke/./2_20210520094119_thum.jpg"
"1418","宿野簡易郵便局","大阪府","〒563-0352 大阪府豊能郡能勢町大里177－5","大阪府豊能郡能勢町大里177－5","34.971519","135.413284","2021-06-01","","https://www.post.japanpost.jp/kitte_hagaki/stamp/fuke//detail.php?id=1418","https://www.post.japanpost.jp/kitte_hagaki/stamp/preview/img/fuke/./9_20210518165020_thum.jpg"
"1419","名取ゆりが丘郵便局","宮城県","〒981-1245 宮城県名取市ゆりが丘4-3-12","宮城県名取市ゆりが丘4-3-12","38.199387","140.829697","2021-06-04","","https://www.post.japanpost.jp/kitte_hagaki/stamp/fuke//detail.php?id=1419","https://www.post.japanpost.jp/kitte_hagaki/stamp/preview/img/fuke/./2_20210521131736_thum.jpg"
"1420","小斎郵便局","宮城県","〒981-2401 宮城県伊具郡丸森町小斎字山崎57-1","宮城県伊具郡丸森町小斎字山崎57-1","37.918724","140.821655","2021-06-07","","https://www.post.japanpost.jp/kitte_hagaki/stamp/fuke//detail.php?id=1420","https://www.post.japanpost.jp/kitte_hagaki/stamp/preview/img/fuke/./2_20210521100608_thum.jpg"
"1421","浜吉田郵便局","宮城県","〒989-2331 宮城県亘理郡亘理町吉田分残50-2","宮城県亘理郡亘理町吉田分残50-2","38.006161","140.888214","2021-06-11","","https://www.post.japanpost.jp/kitte_hagaki/stamp/fuke//detail.php?id=1421","https://www.post.japanpost.jp/kitte_hagaki/stamp/preview/img/fuke/./2_20210525123712_thum.jpg"
"1422","船迫郵便局","宮城県","〒989-1622 宮城県柴田郡柴田町西船迫1-8-61","宮城県柴田郡柴田町西船迫1-8-61","38.065952","140.766541","2021-06-14","","https://www.post.japanpost.jp/kitte_hagaki/stamp/fuke//detail.php?id=1422","https://www.post.japanpost.jp/kitte_hagaki/stamp/preview/img/fuke/./2_20210525123938_thum.jpg"
"1423","大江郵便局","熊本県","〒863-2801 熊本県天草市天草町大江7540-1","熊本県天草市天草町大江7540-1","32.329819","129.99292","2021-07-01","","https://www.post.japanpost.jp/kitte_hagaki/stamp/fuke//detail.php?id=1423","https://www.post.japanpost.jp/kitte_hagaki/stamp/preview/img/fuke/./12_20210526160615_thum.jpg"
"1424","八代郵便局","熊本県","〒866-8799 熊本県八代市本町2-3-34","熊本県八代市本町2-3-34","32.505077","130.599503","2021-07-01","","https://www.post.japanpost.jp/kitte_hagaki/stamp/fuke//detail.php?id=1424","https://www.post.japanpost.jp/kitte_hagaki/stamp/preview/img/fuke/./12_20210526162325_thum.jpg"
"1425","奈良あやめ池郵便局","奈良県","〒631-0033 奈良県奈良市あやめ池南1－3－9","奈良県奈良市あやめ池南1－3－9","34.697395","135.761139","2021-06-10","","https://www.post.japanpost.jp/kitte_hagaki/stamp/fuke//detail.php?id=1425","https://www.post.japanpost.jp/kitte_hagaki/stamp/preview/img/fuke/./9_20210531105014_thum.jpg"
"1427","北名古屋久地野郵便局","愛知県","〒481-0012 愛知県北名古屋市久地野安田72","愛知県北名古屋市久地野安田72","35.2384","136.8974","2021-06-28","","https://www.post.japanpost.jp/kitte_hagaki/stamp/fuke//detail.php?id=1427","https://www.post.japanpost.jp/kitte_hagaki/stamp/preview/img/fuke/./8_20210602174107_thum.png"
"1433","喜屋武郵便局","沖縄県","〒901-0354 沖縄県糸満市喜屋武430－4","沖縄県糸満市喜屋武430－4","26.091618","127.661942","2021-06-23","","https://www.post.japanpost.jp/kitte_hagaki/stamp/fuke//detail.php?id=1433","https://www.post.japanpost.jp/kitte_hagaki/stamp/preview/img/fuke/./13_20210615174313_thum.png"
"1434","越河駅前郵便局","宮城県","〒989-0111 宮城県白石市越河五賀馬場前3-3","宮城県白石市越河五賀馬場前3-3","37.939785","140.591934","2021-07-01","","https://www.post.japanpost.jp/kitte_hagaki/stamp/fuke//detail.php?id=1434","https://www.post.japanpost.jp/kitte_hagaki/stamp/preview/img/fuke/./2_20210617101544_thum.jpg"
"1435","亘理逢隈郵便局","宮城県","〒989-2302 宮城県亘理郡亘理町逢隈牛袋西河原22-9","宮城県亘理郡亘理町逢隈牛袋西河原22-9","38.075966","140.867203","2021-07-01","","https://www.post.japanpost.jp/kitte_hagaki/stamp/fuke//detail.php?id=1435","https://www.post.japanpost.jp/kitte_hagaki/stamp/preview/img/fuke/./2_20210617101752_thum.jpg"
"1436","イオンモール名取内郵便局","宮城県","〒981-1294 宮城県名取市杜せきのした5-3-1","宮城県名取市杜せきのした5-3-1","38.163731","140.895782","2021-07-01","","https://www.post.japanpost.jp/kitte_hagaki/stamp/fuke//detail.php?id=1436","https://www.post.japanpost.jp/kitte_hagaki/stamp/preview/img/fuke/./2_20210617105637_thum.jpg"
"1437","藤尾郵便局","宮城県","〒981-1502 宮城県角田市尾山横町57-1","宮城県角田市尾山横町57-1","37.953045","140.835953","2021-07-01","","https://www.post.japanpost.jp/kitte_hagaki/stamp/fuke//detail.php?id=1437","https://www.post.japanpost.jp/kitte_hagaki/stamp/preview/img/fuke/./2_20210617102215_thum.jpg"
"1438","槻木郵便局","宮城県","〒989-1799 宮城県柴田郡柴田町槻木上町3-8-18","宮城県柴田郡柴田町槻木上町3-8-18","38.076977","140.81398","2021-07-01","","https://www.post.japanpost.jp/kitte_hagaki/stamp/fuke//detail.php?id=1438","https://www.post.japanpost.jp/kitte_hagaki/stamp/preview/img/fuke/./2_20210617132033_thum.jpg"
"1439","北郷郵便局","宮城県","〒981-1524 宮城県角田市岡内川240-1","宮城県角田市岡内川240-1","38.019897","140.774689","2021-07-01","","https://www.post.japanpost.jp/kitte_hagaki/stamp/fuke//detail.php?id=1439","https://www.post.japanpost.jp/kitte_hagaki/stamp/preview/img/fuke/./2_20210617143312_thum.jpg"
"1440","柴田郵便局","宮城県","〒989-1699 宮城県柴田郡柴田町船岡中央1-10-19","宮城県柴田郡柴田町船岡中央1-10-19","38.057503","140.766235","2021-07-01","","https://www.post.japanpost.jp/kitte_hagaki/stamp/fuke//detail.php?id=1440","https://www.post.japanpost.jp/kitte_hagaki/stamp/preview/img/fuke/./2_20210617102346_thum.jpg"
"1441","厚木愛甲郵便局","神奈川県","〒243-0028 神奈川県神奈川県厚木愛甲西3-17-14","神奈川県神奈川県厚木愛甲西3-17-14","35.447735","139.642532","2021-08-31","","https://www.post.japanpost.jp/kitte_hagaki/stamp/fuke//detail.php?id=1441","https://www.post.japanpost.jp/kitte_hagaki/stamp/preview/img/fuke/./4_20210616142934_thum.jpg"
"1442","斎川郵便局","宮城県","〒989-0215 宮城県白石市斎川町屋敷14","宮城県白石市斎川町屋敷14","37.960415","140.610641","2021-07-07","","https://www.post.japanpost.jp/kitte_hagaki/stamp/fuke//detail.php?id=1442","https://www.post.japanpost.jp/kitte_hagaki/stamp/preview/img/fuke/./2_20210617103023_thum.jpg"
"1443","節婦郵便局","北海道","〒059-2412 北海道北海道新冠郡新冠町節婦町202","北海道北海道新冠郡新冠町節婦町202","43.802906","143.894684","2021-07-01","","https://www.post.japanpost.jp/kitte_hagaki/stamp/fuke//detail.php?id=1443","https://www.post.japanpost.jp/kitte_hagaki/stamp/preview/img/fuke/./1_20210617175354_thum.png"
"1445","西原郵便局","沖縄県","〒903-0122 沖縄県沖縄県中頭郡西原町小橋川98","沖縄県沖縄県中頭郡西原町小橋川98","26.334202","127.805649","2021-07-01","","https://www.post.japanpost.jp/kitte_hagaki/stamp/fuke//detail.php?id=1445","https://www.post.japanpost.jp/kitte_hagaki/stamp/preview/img/fuke/./13_20210618101602_thum.png"
"1446","西原坂田郵便局","沖縄県","〒903-0117 沖縄県沖縄県中頭郡西原町翁長523-1","沖縄県沖縄県中頭郡西原町翁長523-1","26.334202","127.805649","2021-07-01","","https://www.post.japanpost.jp/kitte_hagaki/stamp/fuke//detail.php?id=1446","https://www.post.japanpost.jp/kitte_hagaki/stamp/preview/img/fuke/./13_20210618101919_thum.png"
"1447","西原我謝郵便局","沖縄県","〒903-0112 沖縄県沖縄県中頭郡西原町我謝707-2","沖縄県沖縄県中頭郡西原町我謝707-2","26.334202","127.805649","2021-07-01","","https://www.post.japanpost.jp/kitte_hagaki/stamp/fuke//detail.php?id=1447","https://www.post.japanpost.jp/kitte_hagaki/stamp/preview/img/fuke/./13_20210618102334_thum.png"
"1448","豊実郵便局","新潟県","〒959-4304 新潟県新潟県東蒲原郡阿賀町豊実乙1065－1","新潟県新潟県東蒲原郡阿賀町豊実乙1065－1","37.916077","139.036545","2021-07-01","","https://www.post.japanpost.jp/kitte_hagaki/stamp/fuke//detail.php?id=1448","https://www.post.japanpost.jp/kitte_hagaki/stamp/preview/img/fuke/./6_20210618190826_thum.jpg"
"1449","東下条郵便局","新潟県","〒959-4634 新潟県新潟県東蒲原郡阿賀町熊渡1310","新潟県新潟県東蒲原郡阿賀町熊渡1310","37.916077","139.036545","2021-07-01","","https://www.post.japanpost.jp/kitte_hagaki/stamp/fuke//detail.php?id=1449","https://www.post.japanpost.jp/kitte_hagaki/stamp/preview/img/fuke/./6_20210618191150_thum.jpg"
"1450","五十島郵便局","新潟県","〒959-4614 新潟県新潟県東蒲原郡阿賀町五十島955","新潟県新潟県東蒲原郡阿賀町五十島955","37.916077","139.036545","2021-07-01","","https://www.post.japanpost.jp/kitte_hagaki/stamp/fuke//detail.php?id=1450","https://www.post.japanpost.jp/kitte_hagaki/stamp/preview/img/fuke/./6_20210618191427_thum.jpg"
"1451","日出谷郵便局","新潟県","〒959-4303 新潟県新潟県東蒲原郡阿賀町日出谷乙2285","新潟県新潟県東蒲原郡阿賀町日出谷乙2285","37.916077","139.036545","2021-07-01","","https://www.post.japanpost.jp/kitte_hagaki/stamp/fuke//detail.php?id=1451","https://www.post.japanpost.jp/kitte_hagaki/stamp/preview/img/fuke/./6_20210618191821_thum.jpg"
"1454","新谷郵便局","新潟県","〒959-4603 新潟県新潟県東蒲原郡阿賀町新谷761","新潟県新潟県東蒲原郡阿賀町新谷761","37.916077","139.036545","2021-08-02","","https://www.post.japanpost.jp/kitte_hagaki/stamp/fuke//detail.php?id=1454","https://www.post.japanpost.jp/kitte_hagaki/stamp/preview/img/fuke/./6_20210706191816_thum.jpg"
"1455","大和郡山高田郵便局","奈良県","〒639-1133 奈良県大和郡山市高田口町149－2","奈良県大和郡山市高田口町149－2","34.646477","135.788254","2021-07-21","","https://www.post.japanpost.jp/kitte_hagaki/stamp/fuke//detail.php?id=1455","https://www.post.japanpost.jp/kitte_hagaki/stamp/preview/img/fuke/./9_20210708134424_thum.png"
"1456","階上駅前郵便局","青森県","〒039-1201 青森県三戸郡階上町道仏榊山10-204","青森県三戸郡階上町道仏榊山10-204","40.455303","141.663757","2021-07-26","","https://www.post.japanpost.jp/kitte_hagaki/stamp/fuke//detail.php?id=1456","https://www.post.japanpost.jp/kitte_hagaki/stamp/preview/img/fuke/./2_20210709173411_thum.jpg"
"1458","大和郡山筒井郵便局","奈良県","〒639-1123 奈良県大和郡山市筒井町728－1","奈良県大和郡山市筒井町728－1","34.618851","135.781464","2021-08-10","","https://www.post.japanpost.jp/kitte_hagaki/stamp/fuke//detail.php?id=1458","https://www.post.japanpost.jp/kitte_hagaki/stamp/preview/img/fuke/./9_20210712142456_thum.png"
"1459","奈良富雄郵便局","奈良県","〒631-0078 奈良県奈良市富雄元町2－6－33","奈良県奈良市富雄元町2－6－33","34.692822","135.734467","2021-08-20","","https://www.post.japanpost.jp/kitte_hagaki/stamp/fuke//detail.php?id=1459","https://www.post.japanpost.jp/kitte_hagaki/stamp/preview/img/fuke/./9_20210713170325_thum.png"
"1460","奈良鳥見郵便局","奈良県","〒631-0065 奈良県奈良市鳥見町3－11－1","奈良県奈良市鳥見町3－11－1","34.694748","135.725006","2021-08-20","","https://www.post.japanpost.jp/kitte_hagaki/stamp/fuke//detail.php?id=1460","https://www.post.japanpost.jp/kitte_hagaki/stamp/preview/img/fuke/./9_20210713171431_thum.png"
"1461","奈良学園大和郵便局","奈良県","〒631-0041 奈良県奈良市学園大和町3－40－1","奈良県奈良市学園大和町3－40－1","34.687309","135.749786","2021-08-20","","https://www.post.japanpost.jp/kitte_hagaki/stamp/fuke//detail.php?id=1461","https://www.post.japanpost.jp/kitte_hagaki/stamp/preview/img/fuke/./9_20210713173115_thum.png"
"1462","奈良帝塚山南郵便局","奈良県","〒631-0064 奈良県奈良市帝塚山南4－11－1","奈良県奈良市帝塚山南4－11－1","34.679634","135.735657","2021-08-20","","https://www.post.japanpost.jp/kitte_hagaki/stamp/fuke//detail.php?id=1462","https://www.post.japanpost.jp/kitte_hagaki/stamp/preview/img/fuke/./9_20210713173540_thum.png"
"1463","奈良中町郵便局","奈良県","〒631-0052 奈良県奈良市中町227－2","奈良県奈良市中町227－2","34.673649","135.75708","2021-08-20","","https://www.post.japanpost.jp/kitte_hagaki/stamp/fuke//detail.php?id=1463","https://www.post.japanpost.jp/kitte_hagaki/stamp/preview/img/fuke/./9_20210713173907_thum.png"
"1466","乾郵便局","岐阜県","〒501-2254 岐阜県山県市出戸252-1","岐阜県山県市出戸252-1","35.594212","136.780167","2021-08-05","","https://www.post.japanpost.jp/kitte_hagaki/stamp/fuke//detail.php?id=1466","https://www.post.japanpost.jp/kitte_hagaki/stamp/preview/img/fuke/./8_20210720154411_thum.png"
"1468","美山南郵便局","岐阜県","〒501-2259 岐阜県山県市岩佐90","岐阜県山県市岩佐90","35.545597","136.794724","2021-08-05","","https://www.post.japanpost.jp/kitte_hagaki/stamp/fuke//detail.php?id=1468","https://www.post.japanpost.jp/kitte_hagaki/stamp/preview/img/fuke/./8_20210720155257_thum.png"
"1469","栃原郵便局","三重県","〒519-2423 三重県多気郡大台町新田117-2","三重県多気郡大台町新田117-2","34.436821","136.520615","2021-08-23","","https://www.post.japanpost.jp/kitte_hagaki/stamp/fuke//detail.php?id=1469","https://www.post.japanpost.jp/kitte_hagaki/stamp/preview/img/fuke/./8_20210802150840_thum.png"
"1470","岩沼土ケ崎郵便局","宮城県","〒989-2451 宮城県岩沼市土ケ崎4-12-33","宮城県岩沼市土ケ崎4-12-33","38.113693","140.854233","2021-08-30","","https://www.post.japanpost.jp/kitte_hagaki/stamp/fuke//detail.php?id=1470","https://www.post.japanpost.jp/kitte_hagaki/stamp/preview/img/fuke/./2_20210803111711_thum.jpg"
"1471","東沢郵便局","山形県","〒990-0012 山形県山形市釈迦堂33-2","山形県山形市釈迦堂33-2","38.240871","140.382263","2021-09-01","","https://www.post.japanpost.jp/kitte_hagaki/stamp/fuke//detail.php?id=1471","https://www.post.japanpost.jp/kitte_hagaki/stamp/preview/img/fuke/./2_20210811125736_thum.jpg"
"1472","金沢大学内郵便局","石川県","〒920-1164 石川県金沢市角間町(金沢大学大学会館1階)","石川県金沢市角間町(金沢大学大学会館1階)","36.545948","136.709442","2021-09-01","","https://www.post.japanpost.jp/kitte_hagaki/stamp/fuke//detail.php?id=1472","https://www.post.japanpost.jp/kitte_hagaki/stamp/preview/img/fuke/./7_20210819111629_thum.jpg"
"1473","吉井郵便局","長崎県","〒859-6399 長崎県佐世保市吉井町立石497-1","長崎県佐世保市吉井町立石497-1","33.270531","129.67955","2021-10-01","","https://www.post.japanpost.jp/kitte_hagaki/stamp/fuke//detail.php?id=1473","https://www.post.japanpost.jp/kitte_hagaki/stamp/preview/img/fuke/./12_20210819150116_thum.jpg"
"1475","島越郵便局","岩手県","〒028-8405 岩手県下閉伊郡田野畑村切牛109-54","岩手県下閉伊郡田野畑村切牛109-54","39.900196","141.945084","2021-09-01","","https://www.post.japanpost.jp/kitte_hagaki/stamp/fuke//detail.php?id=1475","https://www.post.japanpost.jp/kitte_hagaki/stamp/preview/img/fuke/./2_20210820152832_thum.jpg"
"1476","石狩吉野郵便局","北海道","〒073-1322 北海道樺戸郡新十津川町吉野1－39","北海道樺戸郡新十津川町吉野1－39","43.599461","141.691681","2021-08-30","","https://www.post.japanpost.jp/kitte_hagaki/stamp/fuke//detail.php?id=1476","https://www.post.japanpost.jp/kitte_hagaki/stamp/preview/img/fuke/./1_20210824142916_thum.png"
"1477","村山豊田郵便局","山形県","〒990-0407 山形県東村山郡中山町土橋角地22-12","山形県東村山郡中山町土橋角地22-12","38.33651","140.248871","2021-09-17","","https://www.post.japanpost.jp/kitte_hagaki/stamp/fuke//detail.php?id=1477","https://www.post.japanpost.jp/kitte_hagaki/stamp/preview/img/fuke/./2_20210831191428_thum.jpg"
"1478","村山明治郵便局","山形県","〒990-2174 山形県山形市灰塚807-1","山形県山形市灰塚807-1","38.326309","140.32132","2021-09-17","","https://www.post.japanpost.jp/kitte_hagaki/stamp/fuke//detail.php?id=1478","https://www.post.japanpost.jp/kitte_hagaki/stamp/preview/img/fuke/./2_20210831191537_thum.jpg"
"1479","長岡日赤町郵便局","新潟県","〒940-0095 新潟県新潟県長岡市日赤町2－4－29","新潟県新潟県長岡市日赤町2－4－29","37.916077","139.036545","2021-10-01","","https://www.post.japanpost.jp/kitte_hagaki/stamp/fuke//detail.php?id=1479","https://www.post.japanpost.jp/kitte_hagaki/stamp/preview/img/fuke/./6_20210901152116_thum.jpg"
"1480","売木郵便局","長野県","〒399-1601 長野県長野県下伊那郡売木村547－1","長野県長野県下伊那郡売木村547－1","36.648537","138.194824","2021-11-01","","https://www.post.japanpost.jp/kitte_hagaki/stamp/fuke//detail.php?id=1480","https://www.post.japanpost.jp/kitte_hagaki/stamp/preview/img/fuke/./6_20211020084852_thum.jpg"
"1484","本宮郵便局","和歌山県","〒647-1799 和歌山県田辺市本宮町本宮252－1","和歌山県田辺市本宮町本宮252－1","33.836956","135.770554","2021-10-29","","https://www.post.japanpost.jp/kitte_hagaki/stamp/fuke//detail.php?id=1484","https://www.post.japanpost.jp/kitte_hagaki/stamp/preview/img/fuke/./9_20210903161433_thum.png"
"1485","安宿郵便局","広島県","〒739-2316 広島県東広島市豊栄町安宿3863-4","広島県東広島市豊栄町安宿3863-4","34.565536","132.85672","2021-09-16","","https://www.post.japanpost.jp/kitte_hagaki/stamp/fuke//detail.php?id=1485","https://www.post.japanpost.jp/kitte_hagaki/stamp/preview/img/fuke/./10_20210907112647_thum.png"
"1486","岡谷郵便局","長野県","〒394-8799 長野県長野県岡谷市本町3－2－30","長野県長野県岡谷市本町3－2－30","36.648537","138.194824","2021-11-01","","https://www.post.japanpost.jp/kitte_hagaki/stamp/fuke//detail.php?id=1486","https://www.post.japanpost.jp/kitte_hagaki/stamp/preview/img/fuke/./6_20211005141700_thum.jpg"
"1487","大館南町郵便局","秋田県","〒017-0846 秋田県大館市常盤木町4-8","秋田県大館市常盤木町4-8","40.267162","140.558914","2021-10-11","","https://www.post.japanpost.jp/kitte_hagaki/stamp/fuke//detail.php?id=1487","https://www.post.japanpost.jp/kitte_hagaki/stamp/preview/img/fuke/./2_20210916141638_thum.jpg"
"1490","宮平郵便局","沖縄県","〒901-1104 沖縄県島尻郡南風原町字宮平258-3","沖縄県島尻郡南風原町字宮平258-3","26.200636","127.737434","2021-10-01","","https://www.post.japanpost.jp/kitte_hagaki/stamp/fuke//detail.php?id=1490","https://www.post.japanpost.jp/kitte_hagaki/stamp/preview/img/fuke/./13_20210916120113_thum.jpg"
"1492","五泉郵便局","新潟県","〒959-1899 新潟県新潟県五泉市東本町2－4－20","新潟県新潟県五泉市東本町2－4－20","37.916077","139.036545","2021-10-20","","https://www.post.japanpost.jp/kitte_hagaki/stamp/fuke//detail.php?id=1492","https://www.post.japanpost.jp/kitte_hagaki/stamp/preview/img/fuke/./6_20210929110029_thum.jpg"
"1493","横川郵便局","群馬県","〒379-0301 群馬県安中市松井田町横川404-8","群馬県安中市松井田町横川404-8","36.34071","138.737961","2021-10-11","","https://www.post.japanpost.jp/kitte_hagaki/stamp/fuke//detail.php?id=1493","https://www.post.japanpost.jp/kitte_hagaki/stamp/preview/img/fuke/./3_20210924164908_thum.png"
"1496","中鯖石郵便局","新潟県","〒945-1499 新潟県新潟県柏崎市加納2729－1","新潟県新潟県柏崎市加納2729－1","37.916077","139.036545","2021-11-05","","https://www.post.japanpost.jp/kitte_hagaki/stamp/fuke//detail.php?id=1496","https://www.post.japanpost.jp/kitte_hagaki/stamp/preview/img/fuke/./6_20211008104948_thum.jpg"
"1498","二ツ井郵便局","秋田県","〒018-3199 秋田県能代市二ツ井町山根3-3","秋田県能代市二ツ井町山根3-3","40.209995","140.235077","2021-11-01","","https://www.post.japanpost.jp/kitte_hagaki/stamp/fuke//detail.php?id=1498","https://www.post.japanpost.jp/kitte_hagaki/stamp/preview/img/fuke/./2_20211011171023_thum.jpg"
"1499","大湯郵便局","秋田県","〒018-5421 秋田県鹿角市十和田大湯中田1-16","秋田県鹿角市十和田大湯中田1-16","40.294304","140.82637","2021-11-01","","https://www.post.japanpost.jp/kitte_hagaki/stamp/fuke//detail.php?id=1499","https://www.post.japanpost.jp/kitte_hagaki/stamp/preview/img/fuke/./2_20211012174553_thum.jpg"
"1502","伊自良郵便局","岐阜県","〒501-2123 岐阜県山県市大森376-6","岐阜県山県市大森376-6","35.523411","136.734085","2021-11-10","","https://www.post.japanpost.jp/kitte_hagaki/stamp/fuke//detail.php?id=1502","https://www.post.japanpost.jp/kitte_hagaki/stamp/preview/img/fuke/./8_20211020163830_thum.png"
"1504","高富桜尾郵便局","岐阜県","〒501-2102 岐阜県山県市伊佐美676-4","岐阜県山県市伊佐美676-4","35.523201","136.785873","2021-11-10","","https://www.post.japanpost.jp/kitte_hagaki/stamp/fuke//detail.php?id=1504","https://www.post.japanpost.jp/kitte_hagaki/stamp/preview/img/fuke/./8_20211020164225_thum.png"
"1507","浅川郵便局","石川県","〒920-1156 石川県金沢市田上の里1-97","石川県金沢市田上の里1-97","36.544189","136.693161","2021-11-10","","https://www.post.japanpost.jp/kitte_hagaki/stamp/fuke//detail.php?id=1507","https://www.post.japanpost.jp/kitte_hagaki/stamp/preview/img/fuke/./7_20211025133542_thum.jpg"
"1510","山代桔梗ケ丘郵便局","石川県","〒922-0257 石川県加賀市山代温泉桔梗丘4-8","石川県加賀市山代温泉桔梗丘4-8","36.283543","136.356583","2021-11-09","","https://www.post.japanpost.jp/kitte_hagaki/stamp/fuke//detail.php?id=1510","https://www.post.japanpost.jp/kitte_hagaki/stamp/preview/img/fuke/./7_20211025143301_thum.jpg"
"1511","丸亀平山郵便局","香川県","〒763-0041 香川県丸亀市西平山町4-1","香川県丸亀市西平山町4-1","34.294842","133.796753","2021-11-12","","https://www.post.japanpost.jp/kitte_hagaki/stamp/fuke//detail.php?id=1511","https://www.post.japanpost.jp/kitte_hagaki/stamp/preview/img/fuke/./11_20211025182802_thum.png"
"1513","美山富永郵便局","岐阜県","〒501-2257 岐阜県山県市富永680-10","岐阜県山県市富永680-10","35.564178","136.785675","2021-11-19","","https://www.post.japanpost.jp/kitte_hagaki/stamp/fuke//detail.php?id=1513","https://www.post.japanpost.jp/kitte_hagaki/stamp/preview/img/fuke/./8_20211101144247_thum.png"
"1515","美山北郵便局","岐阜県","〒501-2321 岐阜県山県市谷合1201","岐阜県山県市谷合1201","35.585583","136.74704","2021-11-19","","https://www.post.japanpost.jp/kitte_hagaki/stamp/fuke//detail.php?id=1515","https://www.post.japanpost.jp/kitte_hagaki/stamp/preview/img/fuke/./8_20211101164257_thum.png"
"1516","国田郵便局","新潟県","〒949-3422 新潟県上越市吉川区国田8－2","新潟県上越市吉川区国田8－2","37.185085","138.436951","2021-12-01","","https://www.post.japanpost.jp/kitte_hagaki/stamp/fuke//detail.php?id=1516","https://www.post.japanpost.jp/kitte_hagaki/stamp/preview/img/fuke/./6_20211108193011_thum.jpg"
"1519","金谷郵便局","静岡県","〒428-8799 静岡県島田市金谷代官町3392","静岡県島田市金谷代官町3392","34.834049","138.126617","2021-12-01","","https://www.post.japanpost.jp/kitte_hagaki/stamp/fuke//detail.php?id=1519","https://www.post.japanpost.jp/kitte_hagaki/stamp/preview/img/fuke/./8_20211112123045_thum.png"
"1522","藤沢台町郵便局","神奈川県","〒251-0052 神奈川県藤沢市藤沢4-5-2","神奈川県藤沢市藤沢4-5-2","35.346832","139.474747","2022-02-01","","https://www.post.japanpost.jp/kitte_hagaki/stamp/fuke//detail.php?id=1522","https://www.post.japanpost.jp/kitte_hagaki/stamp/preview/img/fuke/./4_20211210172430_thum.jpg"
"1523","藤沢南仲通郵便局","神奈川県","〒251-0052 神奈川県藤沢市藤沢1015-14","神奈川県藤沢市藤沢1015-14","35.342068","139.483444","2022-02-01","","https://www.post.japanpost.jp/kitte_hagaki/stamp/fuke//detail.php?id=1523","https://www.post.japanpost.jp/kitte_hagaki/stamp/preview/img/fuke/./4_20211210172823_thum.jpg"
"1524","四日市日永郵便局","三重県","〒510-0885 三重県四日市市日永4-1903-3","三重県四日市市日永4-1903-3","34.948227","136.60376","2022-01-04","","https://www.post.japanpost.jp/kitte_hagaki/stamp/fuke//detail.php?id=1524","https://www.post.japanpost.jp/kitte_hagaki/stamp/preview/img/fuke/./8_20211216125707_thum.png"
"1525","四日市かすみ郵便局","三重県","〒510-0017 三重県四日市市羽津町10-1","三重県四日市市羽津町10-1","34.987823","136.636734","2022-01-04","","https://www.post.japanpost.jp/kitte_hagaki/stamp/fuke//detail.php?id=1525","https://www.post.japanpost.jp/kitte_hagaki/stamp/preview/img/fuke/./8_20211216125441_thum.png"
"1526","四日市室山郵便局","三重県","〒510-0948 三重県四日市市室山町348-6","三重県四日市市室山町348-6","34.95425","136.578842","2022-01-04","","https://www.post.japanpost.jp/kitte_hagaki/stamp/fuke//detail.php?id=1526","https://www.post.japanpost.jp/kitte_hagaki/stamp/preview/img/fuke/./8_20211216125527_thum.png"
"1527","四日市小古曽郵便局","三重県","〒510-0952 三重県四日市市小古曽町2160","三重県四日市市小古曽町2160","34.926174","136.586105","2022-01-04","","https://www.post.japanpost.jp/kitte_hagaki/stamp/fuke//detail.php?id=1527","https://www.post.japanpost.jp/kitte_hagaki/stamp/preview/img/fuke/./8_20211216125629_thum.png"
"1528","四日市赤堀郵便局","三重県","〒510-0827 三重県四日市市赤堀南町8-5","三重県四日市市赤堀南町8-5","34.958347","136.609421","2022-01-04","","https://www.post.japanpost.jp/kitte_hagaki/stamp/fuke//detail.php?id=1528","https://www.post.japanpost.jp/kitte_hagaki/stamp/preview/img/fuke/./8_20211216125832_thum.png"
"1529","四日市山城郵便局","三重県","〒512-8048 三重県四日市市山城町1147-5","三重県四日市市山城町1147-5","35.035294","136.58931","2022-01-04","","https://www.post.japanpost.jp/kitte_hagaki/stamp/fuke//detail.php?id=1529","https://www.post.japanpost.jp/kitte_hagaki/stamp/preview/img/fuke/./8_20211216130230_thum.png"
"1530","川越郵便局","三重県","〒510-8123 三重県三重郡川越町豊田一色1236-13","三重県三重郡川越町豊田一色1236-13","35.021015","136.671539","2022-01-04","","https://www.post.japanpost.jp/kitte_hagaki/stamp/fuke//detail.php?id=1530","https://www.post.japanpost.jp/kitte_hagaki/stamp/preview/img/fuke/./8_20211216130313_thum.png"
"1531","川越富洲原郵便局","三重県","〒510-8122 三重県三重郡川越町大字豊田81-4","三重県三重郡川越町大字豊田81-4","35.018036","136.658875","2022-01-04","","https://www.post.japanpost.jp/kitte_hagaki/stamp/fuke//detail.php?id=1531","https://www.post.japanpost.jp/kitte_hagaki/stamp/preview/img/fuke/./8_20211216130405_thum.png"
"1532","四日市あかつき郵便局","三重県","〒512-8044 三重県四日市市中村町小角393-2","三重県四日市市中村町小角393-2","35.026524","136.610062","2022-01-04","","https://www.post.japanpost.jp/kitte_hagaki/stamp/fuke//detail.php?id=1532","https://www.post.japanpost.jp/kitte_hagaki/stamp/preview/img/fuke/./8_20211216130501_thum.png"
"1533","四日市松原郵便局","三重県","〒510-8015 三重県四日市市松原町5-42","三重県四日市市松原町5-42","35.009293","136.655762","2022-01-04","","https://www.post.japanpost.jp/kitte_hagaki/stamp/fuke//detail.php?id=1533","https://www.post.japanpost.jp/kitte_hagaki/stamp/preview/img/fuke/./8_20211216130541_thum.png"
"1534","四日市水沢郵便局","三重県","〒512-1105 三重県四日市市水沢町2477","三重県四日市市水沢町2477","34.971817","136.479187","2022-01-04","","https://www.post.japanpost.jp/kitte_hagaki/stamp/fuke//detail.php?id=1534","https://www.post.japanpost.jp/kitte_hagaki/stamp/preview/img/fuke/./8_20211216131744_thum.png"
"1537","高富郵便局","岐阜県","〒501-2199 岐阜県山県市高富1626","岐阜県山県市高富1626","35.497829","136.788818","2022-01-14","","https://www.post.japanpost.jp/kitte_hagaki/stamp/fuke//detail.php?id=1537","https://www.post.japanpost.jp/kitte_hagaki/stamp/preview/img/fuke/./8_20211224100756_thum.png"
"1538","赤坂通郵便局","東京都","〒107-0052 東京都港区赤坂2-6-24","東京都港区赤坂2-6-24","35.672611","139.738983","2022-02-01","","https://www.post.japanpost.jp/kitte_hagaki/stamp/fuke//detail.php?id=1538","https://www.post.japanpost.jp/kitte_hagaki/stamp/preview/img/fuke/./5_20220107113509_thum.jpg"
"1539","幌郵便局","北海道","〒061-3103 北海道北海道石狩市浜益区幌21-9","北海道北海道石狩市浜益区幌21-9","43.802906","143.894684","2022-01-20","","https://www.post.japanpost.jp/kitte_hagaki/stamp/fuke//detail.php?id=1539","https://www.post.japanpost.jp/kitte_hagaki/stamp/preview/img/fuke/./1_20220107122924_thum.png"
"1540","川崎殿町郵便局","神奈川県","〒210-0821 神奈川県川崎市川崎区殿町3-25-9","神奈川県川崎市川崎区殿町3-25-9","35.538742","139.75824","2022-03-01","","https://www.post.japanpost.jp/kitte_hagaki/stamp/fuke//detail.php?id=1540","https://www.post.japanpost.jp/kitte_hagaki/stamp/preview/img/fuke/./4_20220113192402_thum.jpg"
"1541","小田原寿町郵便局","神奈川県","〒250-0002 神奈川県小田原市寿町3-5-37","神奈川県小田原市寿町3-5-37","35.261417","139.167542","2022-03-18","","https://www.post.japanpost.jp/kitte_hagaki/stamp/fuke//detail.php?id=1541","https://www.post.japanpost.jp/kitte_hagaki/stamp/preview/img/fuke/./4_20220113192718_thum.jpg"
"1547","江別郵便局","北海道","〒067-8799 北海道江別市王子16-15","北海道江別市王子16-15","43.114399","141.55278","2022-02-01","","https://www.post.japanpost.jp/kitte_hagaki/stamp/fuke//detail.php?id=1547","https://www.post.japanpost.jp/kitte_hagaki/stamp/preview/img/fuke/./1_20220118154451_thum.png"
"1548","江別見晴台郵便局","北海道","〒067-0032 北海道江別市元江別873-12","北海道江別市元江別873-12","43.114925","141.521881","2022-02-01","","https://www.post.japanpost.jp/kitte_hagaki/stamp/fuke//detail.php?id=1548","https://www.post.japanpost.jp/kitte_hagaki/stamp/preview/img/fuke/./1_20220118154718_thum.png"
"1549","江別若草郵便局","北海道","〒067-0004 北海道江別市若草町11-7","北海道江別市若草町11-7","43.110107","141.542145","2022-02-01","","https://www.post.japanpost.jp/kitte_hagaki/stamp/fuke//detail.php?id=1549","https://www.post.japanpost.jp/kitte_hagaki/stamp/preview/img/fuke/./1_20220118154907_thum.png"
"1550","江別西郵便局","北海道","〒067-0031 北海道江別市元町34-9","北海道江別市元町34-9","43.106709","141.53862","2022-02-01","","https://www.post.japanpost.jp/kitte_hagaki/stamp/fuke//detail.php?id=1550","https://www.post.japanpost.jp/kitte_hagaki/stamp/preview/img/fuke/./1_20220118155137_thum.png"
"1551","江別大麻郵便局","北海道","〒069-0854 北海道江別市大麻中町2-48","北海道江別市大麻中町2-48","43.074669","141.491653","2022-02-01","","https://www.post.japanpost.jp/kitte_hagaki/stamp/fuke//detail.php?id=1551","https://www.post.japanpost.jp/kitte_hagaki/stamp/preview/img/fuke/./1_20220118155419_thum.png"
"1553","江別大麻東町郵便局","北海道","〒069-0852 北海道江別市大麻東町14-11","北海道江別市大麻東町14-11","43.08091","141.500153","2022-02-01","","https://www.post.japanpost.jp/kitte_hagaki/stamp/fuke//detail.php?id=1553","https://www.post.japanpost.jp/kitte_hagaki/stamp/preview/img/fuke/./1_20220118155926_thum.png"
"1554","江別文京台郵便局","北海道","〒069-0833 北海道江別市文京台30-15","北海道江別市文京台30-15","43.066036","141.490738","2022-02-01","","https://www.post.japanpost.jp/kitte_hagaki/stamp/fuke//detail.php?id=1554","https://www.post.japanpost.jp/kitte_hagaki/stamp/preview/img/fuke/./1_20220118164345_thum.png"
"1555","野幌郵便局","北海道","〒069-8799 北海道江別市野幌町68-5","北海道江別市野幌町68-5","43.091839","141.522522","2022-02-01","","https://www.post.japanpost.jp/kitte_hagaki/stamp/fuke//detail.php?id=1555","https://www.post.japanpost.jp/kitte_hagaki/stamp/preview/img/fuke/./1_20220118171814_thum.png"
"1556","野幌駅前郵便局","北海道","〒069-0813 北海道江別市野幌町37-7","北海道江別市野幌町37-7","43.093822","141.528763","2022-02-01","","https://www.post.japanpost.jp/kitte_hagaki/stamp/fuke//detail.php?id=1556","https://www.post.japanpost.jp/kitte_hagaki/stamp/preview/img/fuke/./1_20220118172215_thum.png"
"1557","野幌錦町郵便局","北海道","〒069-0811 北海道江別市錦町42-5","北海道江別市錦町42-5","43.102825","141.525146","2022-02-01","","https://www.post.japanpost.jp/kitte_hagaki/stamp/fuke//detail.php?id=1557","https://www.post.japanpost.jp/kitte_hagaki/stamp/preview/img/fuke/./1_20220118172524_thum.png"
"1558","野幌若葉郵便局","北海道","〒069-0831 北海道江別市野幌若葉町39-9","北海道江別市野幌若葉町39-9","43.08437","141.531219","2022-02-01","","https://www.post.japanpost.jp/kitte_hagaki/stamp/fuke//detail.php?id=1558","https://www.post.japanpost.jp/kitte_hagaki/stamp/preview/img/fuke/./1_20220118172751_thum.png"
"1560","四日市浜一色郵便局","三重県","〒510-0025 三重県四日市市東新町1-22","三重県四日市市東新町1-22","34.97477","136.632324","2022-02-02","","https://www.post.japanpost.jp/kitte_hagaki/stamp/fuke//detail.php?id=1560","https://www.post.japanpost.jp/kitte_hagaki/stamp/preview/img/fuke/./8_20220120105358_thum.png"
"1561","八本松郵便局","広島県","〒739-0199 広島県東広島市八本松南5丁目5-14","広島県東広島市八本松南5丁目5-14","34.438717","132.69664","2022-02-08","","https://www.post.japanpost.jp/kitte_hagaki/stamp/fuke//detail.php?id=1561","https://www.post.japanpost.jp/kitte_hagaki/stamp/preview/img/fuke/./10_20220121135824_thum.png"
"1562","八本松東郵便局","広島県","〒739-0142 広島県東広島市八本松東3丁目1-23","広島県東広島市八本松東3丁目1-23","34.447083","132.706375","2022-02-08","","https://www.post.japanpost.jp/kitte_hagaki/stamp/fuke//detail.php?id=1562","https://www.post.japanpost.jp/kitte_hagaki/stamp/preview/img/fuke/./10_20220121140157_thum.png"
"1563","慈恩寺郵便局","埼玉県","〒339-0009 埼玉県さいたま市岩槻区慈恩寺256-18","埼玉県さいたま市岩槻区慈恩寺256-18","35.980961","139.708237","2022-02-01","","https://www.post.japanpost.jp/kitte_hagaki/stamp/fuke//detail.php?id=1563","https://www.post.japanpost.jp/kitte_hagaki/stamp/preview/img/fuke/./3_20220121171842_thum.png"
"1564","岩槻本町郵便局","埼玉県","〒339-0057 埼玉県さいたま市岩槻区本町1-18-7","埼玉県さいたま市岩槻区本町1-18-7","35.948059","139.695328","2022-02-01","","https://www.post.japanpost.jp/kitte_hagaki/stamp/fuke//detail.php?id=1564","https://www.post.japanpost.jp/kitte_hagaki/stamp/preview/img/fuke/./3_20220121173340_thum.png"
"1565","熱郛郵便局","北海道","〒048-0134 北海道寿都郡黒松内町字白井川8番地268","北海道寿都郡黒松内町字白井川8番地268","42.685612","140.427765","2022-02-10","","https://www.post.japanpost.jp/kitte_hagaki/stamp/fuke//detail.php?id=1565","https://www.post.japanpost.jp/kitte_hagaki/stamp/preview/img/fuke/./1_20220124140840_thum.png"
"1566","生駒本町郵便局","奈良県","〒630-0256 奈良県生駒市本町9－16","奈良県生駒市本町9－16","34.691662","135.696503","2022-03-01","","https://www.post.japanpost.jp/kitte_hagaki/stamp/fuke//detail.php?id=1566","https://www.post.japanpost.jp/kitte_hagaki/stamp/preview/img/fuke/./9_20220125153517_thum.jpg"
"1567","大和郡山本町郵便局","奈良県","〒639-1151 奈良県大和郡山市本町10","奈良県大和郡山市本町10","34.651451","135.785736","2022-02-14","","https://www.post.japanpost.jp/kitte_hagaki/stamp/fuke//detail.php?id=1567","https://www.post.japanpost.jp/kitte_hagaki/stamp/preview/img/fuke/./9_20220125154002_thum.jpg"
"1568","奈良ファミリー内郵便局","奈良県","〒631-0821 奈良県奈良市西大寺東町2－4－1（奈良ファミリー5階）","奈良県奈良市西大寺東町2－4－1（奈良ファミリー5階）","34.695045","135.785141","2022-02-14","","https://www.post.japanpost.jp/kitte_hagaki/stamp/fuke//detail.php?id=1568","https://www.post.japanpost.jp/kitte_hagaki/stamp/preview/img/fuke/./9_20220125154521_thum.jpg"
"1571","千住大橋駅前郵便局","東京都","〒120-0038 東京都足立区千住橋戸町1-54","東京都足立区千住橋戸町1-54","35.742153","139.795258","2022-02-21","","https://www.post.japanpost.jp/kitte_hagaki/stamp/fuke//detail.php?id=1571","https://www.post.japanpost.jp/kitte_hagaki/stamp/preview/img/fuke/./5_20220131151337_thum.jpg"
"1573","天理朝和郵便局","奈良県","〒632-0063 奈良県天理市西長柄町89－2","奈良県天理市西長柄町89－2","34.572922","135.824478","2022-02-17","","https://www.post.japanpost.jp/kitte_hagaki/stamp/fuke//detail.php?id=1573","https://www.post.japanpost.jp/kitte_hagaki/stamp/preview/img/fuke/./9_20220202165259_thum.jpg"
"1574","奈良朱雀郵便局","奈良県","〒631-0806 奈良県奈良市朱雀6－9－4","奈良県奈良市朱雀6－9－4","34.716461","135.796967","2022-08-01","","https://www.post.japanpost.jp/kitte_hagaki/stamp/fuke//detail.php?id=1574","https://www.post.japanpost.jp/kitte_hagaki/stamp/preview/img/fuke/./9_20220202165740_thum.jpg"
"1575","江別大麻西郵便局","北海道","〒069-0846 北海道江別市大麻桜木町26-1","北海道江別市大麻桜木町26-1","43.070892","141.48349","2022-02-21","","https://www.post.japanpost.jp/kitte_hagaki/stamp/fuke//detail.php?id=1575","https://www.post.japanpost.jp/kitte_hagaki/stamp/preview/img/fuke/./1_20220202203002_thum.png"
"1576","まつやま椿郵便局","愛媛県","〒790-0942 愛媛県松山市古川北一丁目24-15","愛媛県松山市古川北一丁目24-15","33.815144","132.760803","2022-03-22","","https://www.post.japanpost.jp/kitte_hagaki/stamp/fuke//detail.php?id=1576","https://www.post.japanpost.jp/kitte_hagaki/stamp/preview/img/fuke/./11_20220225172356_thum.png"
"1577","生駒台郵便局","奈良県","〒630-0243 奈良県生駒市俵口町1113－7","奈良県生駒市俵口町1113－7","34.702675","135.698074","2022-04-04","","https://www.post.japanpost.jp/kitte_hagaki/stamp/fuke//detail.php?id=1577","https://www.post.japanpost.jp/kitte_hagaki/stamp/preview/img/fuke/./9_20220221135359_thum.jpg"
"1578","深沢郵便局","新潟県","〒940-2135 新潟県新潟県長岡市深沢町375-2","新潟県新潟県長岡市深沢町375-2","37.916077","139.036545","2022-03-16","","https://www.post.japanpost.jp/kitte_hagaki/stamp/fuke//detail.php?id=1578","https://www.post.japanpost.jp/kitte_hagaki/stamp/preview/img/fuke/./6_20220221172050_thum.jpg"
"1581","高岡本町郵便局","富山県","〒933-0913 富山県高岡市本町10-15","富山県高岡市本町10-15","36.74963","137.013657","2022-03-18","","https://www.post.japanpost.jp/kitte_hagaki/stamp/fuke//detail.php?id=1581","https://www.post.japanpost.jp/kitte_hagaki/stamp/preview/img/fuke/./7_20220225131147_thum.png"
"1583","高岡丸の内郵便局","富山県","〒933-0913 富山県高岡市本町1-3","富山県高岡市本町1-3","36.750187","137.018021","2022-03-14","","https://www.post.japanpost.jp/kitte_hagaki/stamp/fuke//detail.php?id=1583","https://www.post.japanpost.jp/kitte_hagaki/stamp/preview/img/fuke/./7_20220225133625_thum.jpg"
"1584","金光郵便局","岡山県","〒719-0199 岡山県浅口市金光町大谷452-3","岡山県浅口市金光町大谷452-3","34.536758","133.624283","2022-03-23","","https://www.post.japanpost.jp/kitte_hagaki/stamp/fuke//detail.php?id=1584","https://www.post.japanpost.jp/kitte_hagaki/stamp/preview/img/fuke/./10_20220302152229_thum.png"
"1586","赤郷郵便局","山口県","〒754-0302 山口県美祢市美東町赤425","山口県美祢市美東町赤425","34.290535","131.330826","2022-03-22","","https://www.post.japanpost.jp/kitte_hagaki/stamp/fuke//detail.php?id=1586","https://www.post.japanpost.jp/kitte_hagaki/stamp/preview/img/fuke/./10_20220303164211_thum.png"
"1587","陸前長崎郵便局","宮城県","〒987-2324 宮城県栗原市一迫三嶋13-4","宮城県栗原市一迫三嶋13-4","38.752392","140.872467","2022-04-11","","https://www.post.japanpost.jp/kitte_hagaki/stamp/fuke//detail.php?id=1587","https://www.post.japanpost.jp/kitte_hagaki/stamp/preview/img/fuke/./2_20220307131538_thum.jpg"
"1590","尼崎戸ノ内郵便局","兵庫県","〒661-0961 兵庫県尼崎市戸ノ内町3－26－16","兵庫県尼崎市戸ノ内町3－26－16","34.736828","135.457245","2022-04-01","","https://www.post.japanpost.jp/kitte_hagaki/stamp/fuke//detail.php?id=1590","https://www.post.japanpost.jp/kitte_hagaki/stamp/preview/img/fuke/./9_20220310093038_thum.jpg"
"1593","河合谷簡易郵便局","石川県","〒929-0305 石川県河北郡津幡町下河合チ55","石川県河北郡津幡町下河合チ55","36.736839","136.787811","2022-03-28","","https://www.post.japanpost.jp/kitte_hagaki/stamp/fuke//detail.php?id=1593","https://www.post.japanpost.jp/kitte_hagaki/stamp/preview/img/fuke/./7_20220311093221_thum.jpg"
"1595","那智浦神郵便局","和歌山県","〒649-5145 和歌山県東牟婁郡那智勝浦町浦神373－8","和歌山県東牟婁郡那智勝浦町浦神373－8","33.560478","135.914688","2022-03-31","","https://www.post.japanpost.jp/kitte_hagaki/stamp/fuke//detail.php?id=1595","https://www.post.japanpost.jp/kitte_hagaki/stamp/preview/img/fuke/./9_20220317131252_thum.jpg"
"1596","若葉郵便局","千葉県","〒264-8799 千葉県千葉市中央区中央2-9-10","千葉県千葉市中央区中央2-9-10","35.609806","140.124649","2022-04-01","","https://www.post.japanpost.jp/kitte_hagaki/stamp/fuke//detail.php?id=1596","https://www.post.japanpost.jp/kitte_hagaki/stamp/preview/img/fuke/./3_20220317134220_thum.png"
"1598","三好郵便局","愛知県","〒470-0299 愛知県みよし市三好町大坪26","愛知県みよし市三好町大坪26","35.091061","137.072617","2022-04-01","","https://www.post.japanpost.jp/kitte_hagaki/stamp/fuke//detail.php?id=1598","https://www.post.japanpost.jp/kitte_hagaki/stamp/preview/img/fuke/./8_20220322100723_thum.png"
"1600","岸和田駅前郵便局","大阪府","〒596-0076 大阪府岸和田市野田町1－8－9","大阪府岸和田市野田町1－8－9","34.458996","135.377777","2022-04-14","","https://www.post.japanpost.jp/kitte_hagaki/stamp/fuke//detail.php?id=1600","https://www.post.japanpost.jp/kitte_hagaki/stamp/preview/img/fuke/./9_20220323161858_thum.jpg"
"1602","高蔵寺岩成台郵便局","愛知県","〒487-0033 愛知県春日井市岩成台6-2-3（18棟1階）","愛知県春日井市岩成台6-2-3（18棟1階）","35.277153","137.045212","2022-04-20","","https://www.post.japanpost.jp/kitte_hagaki/stamp/fuke//detail.php?id=1602","https://www.post.japanpost.jp/kitte_hagaki/stamp/preview/img/fuke/./8_20220329153420_thum.png"
"1604","丸岡横地郵便局","福井県","〒910-0374 福井県坂井市丸岡町北横地15-1","福井県坂井市丸岡町北横地15-1","36.12944","136.25116","2022-04-18","","https://www.post.japanpost.jp/kitte_hagaki/stamp/fuke//detail.php?id=1604","https://www.post.japanpost.jp/kitte_hagaki/stamp/preview/img/fuke/./7_20220331114313_thum.png"
"1605","大谷地郵便局","北海道","〒003-0026 北海道札幌市白石区本通18丁目南2-10","北海道札幌市白石区本通18丁目南2-10","43.03381","141.43663","2022-04-15","","https://www.post.japanpost.jp/kitte_hagaki/stamp/fuke//detail.php?id=1605","https://www.post.japanpost.jp/kitte_hagaki/stamp/preview/img/fuke/./1_20220401180324_thum.png"
"1606","豊間郵便局","福島県","〒970-0224 福島県いわき市平豊間字下町141-2","福島県いわき市平豊間字下町141-2","36.988247","140.966324","2022-05-17","","https://www.post.japanpost.jp/kitte_hagaki/stamp/fuke//detail.php?id=1606","https://www.post.japanpost.jp/kitte_hagaki/stamp/preview/img/fuke/./2_20220418115900_thum.png"
"1607","仙南郵便局","秋田県","〒019-1299 秋田県仙北郡美郷町飯詰中鶴田29-2","秋田県仙北郡美郷町飯詰中鶴田29-2","39.378883","140.535812","2022-05-10","","https://www.post.japanpost.jp/kitte_hagaki/stamp/fuke//detail.php?id=1607","https://www.post.japanpost.jp/kitte_hagaki/stamp/preview/img/fuke/./2_20220421163457_thum.png"
"1608","千屋郵便局","秋田県","〒019-1599 秋田県仙北郡美郷町土崎上野乙1-14","秋田県仙北郡美郷町土崎上野乙1-14","39.461185","140.572144","2022-05-10","","https://www.post.japanpost.jp/kitte_hagaki/stamp/fuke//detail.php?id=1608","https://www.post.japanpost.jp/kitte_hagaki/stamp/preview/img/fuke/./2_20220421165703_thum.png"
"1609","六郷郵便局","秋田県","〒019-1499 秋田県仙北郡美郷町六郷上町40","秋田県仙北郡美郷町六郷上町40","39.422089","140.544495","2022-05-10","","https://www.post.japanpost.jp/kitte_hagaki/stamp/fuke//detail.php?id=1609","https://www.post.japanpost.jp/kitte_hagaki/stamp/preview/img/fuke/./2_20220421170007_thum.png"
"1610","飯詰駅前郵便局","秋田県","〒019-1236 秋田県仙北郡美郷町上深井谷地中53-8","秋田県仙北郡美郷町上深井谷地中53-8","39.409084","140.513641","2022-05-10","","https://www.post.japanpost.jp/kitte_hagaki/stamp/fuke//detail.php?id=1610","https://www.post.japanpost.jp/kitte_hagaki/stamp/preview/img/fuke/./2_20220421171128_thum.png"
"1611","畑屋郵便局","秋田県","〒019-1531 秋田県仙北郡美郷町畑屋熊野3-1","秋田県仙北郡美郷町畑屋熊野3-1","39.439072","140.546783","2022-05-10","","https://www.post.japanpost.jp/kitte_hagaki/stamp/fuke//detail.php?id=1611","https://www.post.japanpost.jp/kitte_hagaki/stamp/preview/img/fuke/./2_20220421171546_thum.png"
"1612","高館郵便局","宮城県","〒981-1242 宮城県名取市高舘吉田内舘3-1","宮城県名取市高舘吉田内舘3-1","38.185684","140.856155","2022-05-16","","https://www.post.japanpost.jp/kitte_hagaki/stamp/fuke//detail.php?id=1612","https://www.post.japanpost.jp/kitte_hagaki/stamp/preview/img/fuke/./2_20220422103154_thum.png"
"1613","敷玉郵便局","宮城県","〒989-6123 宮城県大崎市古川下中目経壇189-3","宮城県大崎市古川下中目経壇189-3","38.541721","141.008408","2022-05-20","","https://www.post.japanpost.jp/kitte_hagaki/stamp/fuke//detail.php?id=1613","https://www.post.japanpost.jp/kitte_hagaki/stamp/preview/img/fuke/./2_20220422104308_thum.png"
"1614","北木島郵便局","岡山県","〒714-0399 岡山県笠岡市北木島町9749","岡山県笠岡市北木島町9749","34.384521","133.532074","2022-05-20","","https://www.post.japanpost.jp/kitte_hagaki/stamp/fuke//detail.php?id=1614","https://www.post.japanpost.jp/kitte_hagaki/stamp/preview/img/fuke/./10_20220427142127_thum.jpg"
"1615","大浦郵便局","岡山県","〒714-0301 岡山県笠岡市北木島町3802－4","岡山県笠岡市北木島町3802－4","34.384521","133.532074","2022-05-20","","https://www.post.japanpost.jp/kitte_hagaki/stamp/fuke//detail.php?id=1615","https://www.post.japanpost.jp/kitte_hagaki/stamp/preview/img/fuke/./10_20220427142426_thum.jpg"
"1616","白石島郵便局","岡山県","〒714-0036 岡山県笠岡市白石島555","岡山県笠岡市白石島555","34.403118","133.515121","2022-05-20","","https://www.post.japanpost.jp/kitte_hagaki/stamp/fuke//detail.php?id=1616","https://www.post.japanpost.jp/kitte_hagaki/stamp/preview/img/fuke/./10_20220427142633_thum.jpg"
"1617","真鍋島郵便局","岡山県","〒714-0037 岡山県笠岡市真鍋島4025","岡山県笠岡市真鍋島4025","34.355797","133.573486","2022-05-20","","https://www.post.japanpost.jp/kitte_hagaki/stamp/fuke//detail.php?id=1617","https://www.post.japanpost.jp/kitte_hagaki/stamp/preview/img/fuke/./10_20220427142838_thum.jpg"
"1618","北広島中央六郵便局","北海道","〒061-1121 北海道北広島市中央6-11-10","北海道北広島市中央6-11-10","42.979496","141.566299","2022-05-13","","https://www.post.japanpost.jp/kitte_hagaki/stamp/fuke//detail.php?id=1618","https://www.post.japanpost.jp/kitte_hagaki/stamp/preview/img/fuke/./1_20220428161406_thum.png"
"1619","北広島西の里郵便局","北海道","〒061-1105 北海道北広島市西の里東1-13-15","北海道北広島市西の里東1-13-15","43.013813","141.504333","2022-05-16","","https://www.post.japanpost.jp/kitte_hagaki/stamp/fuke//detail.php?id=1619","https://www.post.japanpost.jp/kitte_hagaki/stamp/preview/img/fuke/./1_20220428161731_thum.png"
"1621","吉野山郵便局","奈良県","〒639-3115 奈良県吉野郡吉野町吉野山548－2","奈良県吉野郡吉野町吉野山548－2","34.359539","135.85939","2022-05-23","","https://www.post.japanpost.jp/kitte_hagaki/stamp/fuke//detail.php?id=1621","https://www.post.japanpost.jp/kitte_hagaki/stamp/preview/img/fuke/./9_20220502101039_thum.jpg"
"1623","ビーンズ武蔵中原郵便局","神奈川県","〒211-0053 神奈川県川崎市中原区上小田中4-2-1-2F","神奈川県川崎市中原区上小田中4-2-1-2F","35.581387","139.641006","2022-05-16","","https://www.post.japanpost.jp/kitte_hagaki/stamp/fuke//detail.php?id=1623","https://www.post.japanpost.jp/kitte_hagaki/stamp/preview/img/fuke/./4_20220502111653_thum.png"
"1624","川崎郵便局","宮城県","〒989-1599 宮城県柴田郡川崎町大字前川字裏丁70－1","宮城県柴田郡川崎町大字前川字裏丁70－1","38.177353","140.644684","2022-06-01","","https://www.post.japanpost.jp/kitte_hagaki/stamp/fuke//detail.php?id=1624","https://www.post.japanpost.jp/kitte_hagaki/stamp/preview/img/fuke/./2_20220510095523_thum.png"
"1626","大柳郵便局","宮城県","〒989-4204 宮城県遠田郡美里町大柳梅ノ木5－4","宮城県遠田郡美里町大柳梅ノ木5－4","38.495968","141.141205","2022-06-07","","https://www.post.japanpost.jp/kitte_hagaki/stamp/fuke//detail.php?id=1626","https://www.post.japanpost.jp/kitte_hagaki/stamp/preview/img/fuke/./2_20220516153110_thum.png"
"1627","美里牛飼郵便局","宮城県","〒987-0004 宮城県遠田郡美里町牛飼八反100（アップルタウン美里内）","宮城県遠田郡美里町牛飼八反100（アップルタウン美里内）","38.552868","141.050278","2022-06-07","","https://www.post.japanpost.jp/kitte_hagaki/stamp/fuke//detail.php?id=1627","https://www.post.japanpost.jp/kitte_hagaki/stamp/preview/img/fuke/./2_20220516163526_thum.png"
"1628","北浦駅前郵便局","宮城県","〒987-0005 宮城県遠田郡美里町北浦道祖神前10－4","宮城県遠田郡美里町北浦道祖神前10－4","38.560005","141.024048","2022-06-14","","https://www.post.japanpost.jp/kitte_hagaki/stamp/fuke//detail.php?id=1628","https://www.post.japanpost.jp/kitte_hagaki/stamp/preview/img/fuke/./2_20220518103329_thum.jpg"
"1629","中埣郵便局","宮城県","〒987-0024 宮城県遠田郡美里町中埣高畑87","宮城県遠田郡美里町中埣高畑87","38.580341","141.037231","2022-06-14","","https://www.post.japanpost.jp/kitte_hagaki/stamp/fuke//detail.php?id=1629","https://www.post.japanpost.jp/kitte_hagaki/stamp/preview/img/fuke/./2_20220516164208_thum.png"
"1630","小里郵便局","宮城県","〒987-0281 宮城県遠田郡涌谷町小里鹿の子10－13","宮城県遠田郡涌谷町小里鹿の子10－13","38.580643","141.150269","2022-06-21","","https://www.post.japanpost.jp/kitte_hagaki/stamp/fuke//detail.php?id=1630","https://www.post.japanpost.jp/kitte_hagaki/stamp/preview/img/fuke/./2_20220518103400_thum.jpg"
"1631","陸前大貫郵便局","宮城県","〒989-4302 宮城県大崎市田尻大貫上長根1－4","宮城県大崎市田尻大貫上長根1－4","38.60133","141.113281","2022-06-21","","https://www.post.japanpost.jp/kitte_hagaki/stamp/fuke//detail.php?id=1631","https://www.post.japanpost.jp/kitte_hagaki/stamp/preview/img/fuke/./2_20220516164632_thum.png"
"1632","目黒八雲四郵便局","東京都","〒152-0023 東京都目黒区八雲4-20-14","東京都目黒区八雲4-20-14","35.625378","139.6689","2022-06-13","","https://www.post.japanpost.jp/kitte_hagaki/stamp/fuke//detail.php?id=1632","https://www.post.japanpost.jp/kitte_hagaki/stamp/preview/img/fuke/./5_20220517163045_thum.jpg"
"1635","高山石浦郵便局","岐阜県","〒506-0825 岐阜県高山市石浦町5-252","岐阜県高山市石浦町5-252","36.116997","137.263687","2022-06-27","","https://www.post.japanpost.jp/kitte_hagaki/stamp/fuke//detail.php?id=1635","https://www.post.japanpost.jp/kitte_hagaki/stamp/preview/img/fuke/./8_20220517183002_thum.png"
"1636","下沢渡簡易郵便局","群馬県","〒377-0542 群馬県吾妻郡中之条町大字下沢渡1125-1","群馬県吾妻郡中之条町大字下沢渡1125-1","36.617367","138.794022","2022-06-01","","https://www.post.japanpost.jp/kitte_hagaki/stamp/fuke//detail.php?id=1636","https://www.post.japanpost.jp/kitte_hagaki/stamp/preview/img/fuke/./3_20220518150405_thum.png"
"1637","鎌井田簡易郵便局","高知県","〒781-1321 高知県高知県高岡郡越知町鎌井田本村665－1","高知県高知県高岡郡越知町鎌井田本村665－1","33.558723","133.531097","2022-06-20","","https://www.post.japanpost.jp/kitte_hagaki/stamp/fuke//detail.php?id=1637","https://www.post.japanpost.jp/kitte_hagaki/stamp/preview/img/fuke/./11_20220520123603_thum.png"
"1643","磯部郵便局","三重県","〒517-0299 三重県志摩市磯部町迫間1843","三重県志摩市磯部町迫間1843","34.370277","136.803482","2022-06-24","","https://www.post.japanpost.jp/kitte_hagaki/stamp/fuke//detail.php?id=1643","https://www.post.japanpost.jp/kitte_hagaki/stamp/preview/img/fuke/./8_20220602135521_thum.png"
"1645","寒川駅前郵便局","神奈川県","〒253-0111 神奈川県高座郡寒川町一之宮1-8-3","神奈川県高座郡寒川町一之宮1-8-3","35.366844","139.388107","2022-06-20","","https://www.post.japanpost.jp/kitte_hagaki/stamp/fuke//detail.php?id=1645","https://www.post.japanpost.jp/kitte_hagaki/stamp/preview/img/fuke/./4_20220602170105_thum.png"
"1646","有壁郵便局","宮城県","〒989-4806 宮城県栗原市金成有壁上原前3－17","宮城県栗原市金成有壁上原前3－17","38.865902","141.129425","2022-07-01","","https://www.post.japanpost.jp/kitte_hagaki/stamp/fuke//detail.php?id=1646","https://www.post.japanpost.jp/kitte_hagaki/stamp/preview/img/fuke/./2_20220602181938_thum.jpg"
"1647","沢辺郵便局","宮城県","〒989-5171 宮城県栗原市金成沢辺新往還下23－2","宮城県栗原市金成沢辺新往還下23－2","38.799805","141.067017","2022-07-01","","https://www.post.japanpost.jp/kitte_hagaki/stamp/fuke//detail.php?id=1647","https://www.post.japanpost.jp/kitte_hagaki/stamp/preview/img/fuke/./2_20220602182227_thum.jpg"
"1648","有賀郵便局","宮城県","〒989-5508 宮城県栗原市若柳武鎗新上町浦79－3","宮城県栗原市若柳武鎗新上町浦79－3","38.801666","141.125931","2022-07-01","","https://www.post.japanpost.jp/kitte_hagaki/stamp/fuke//detail.php?id=1648","https://www.post.japanpost.jp/kitte_hagaki/stamp/preview/img/fuke/./2_20220602182411_thum.jpg"
"1649","沼倉郵便局","宮城県","〒989-5371 宮城県栗原市栗駒沼倉河子田61－4","宮城県栗原市栗駒沼倉河子田61－4","38.914642","140.851517","2022-07-01","","https://www.post.japanpost.jp/kitte_hagaki/stamp/fuke//detail.php?id=1649","https://www.post.japanpost.jp/kitte_hagaki/stamp/preview/img/fuke/./2_20220602182543_thum.jpg"
"1650","尾松郵便局","宮城県","〒989-5341 宮城県栗原市栗駒稲屋敷大鳥13－6","宮城県栗原市栗駒稲屋敷大鳥13－6","38.808884","140.983276","2022-07-01","","https://www.post.japanpost.jp/kitte_hagaki/stamp/fuke//detail.php?id=1650","https://www.post.japanpost.jp/kitte_hagaki/stamp/preview/img/fuke/./2_20220602182707_thum.jpg"
"1651","秋法郵便局","宮城県","〒989-5402 宮城県栗原市鶯沢南郷原38－15","宮城県栗原市鶯沢南郷原38－15","38.813087","140.932312","2022-07-01","","https://www.post.japanpost.jp/kitte_hagaki/stamp/fuke//detail.php?id=1651","https://www.post.japanpost.jp/kitte_hagaki/stamp/preview/img/fuke/./2_20220602182832_thum.jpg"
"1652","西小野田郵便局","宮城県","〒981-4374 宮城県加美郡加美町上野目谷地田25－2","宮城県加美郡加美町上野目谷地田25－2","38.589645","140.727005","2022-07-01","","https://www.post.japanpost.jp/kitte_hagaki/stamp/fuke//detail.php?id=1652","https://www.post.japanpost.jp/kitte_hagaki/stamp/preview/img/fuke/./2_20220603113533_thum.png"
"1653","王城寺原郵便局","宮城県","〒981-4131 宮城県加美郡色麻町大上新町119－8","宮城県加美郡色麻町大上新町119－8","38.512997","140.868118","2022-07-01","","https://www.post.japanpost.jp/kitte_hagaki/stamp/fuke//detail.php?id=1653","https://www.post.japanpost.jp/kitte_hagaki/stamp/preview/img/fuke/./2_20220603124347_thum.jpg"
"1654","加美鳴瀬郵便局","宮城県","〒981-4222 宮城県加美郡加美町下新田一本柳30－5","宮城県加美郡加美町下新田一本柳30－5","38.543842","140.886261","2022-07-01","","https://www.post.japanpost.jp/kitte_hagaki/stamp/fuke//detail.php?id=1654","https://www.post.japanpost.jp/kitte_hagaki/stamp/preview/img/fuke/./2_20220603124717_thum.jpg"
"1655","古川南町郵便局","宮城県","〒989-6155 宮城県大崎市古川南町1－4－22","宮城県大崎市古川南町1－4－22","38.571655","140.954681","2022-07-01","","https://www.post.japanpost.jp/kitte_hagaki/stamp/fuke//detail.php?id=1655","https://www.post.japanpost.jp/kitte_hagaki/stamp/preview/img/fuke/./2_20220603142720_thum.jpg"
"1656","清滝郵便局","宮城県","〒989-6241 宮城県大崎市古川清水沢長泥9－11","宮城県大崎市古川清水沢長泥9－11","38.651745","140.977081","2022-07-01","","https://www.post.japanpost.jp/kitte_hagaki/stamp/fuke//detail.php?id=1656","https://www.post.japanpost.jp/kitte_hagaki/stamp/preview/img/fuke/./2_20220603143207_thum.jpg"
"1657","賀美石郵便局","宮城県","〒981-4413 宮城県加美郡加美町鳥屋ケ崎倉沢道下43－1","宮城県加美郡加美町鳥屋ケ崎倉沢道下43－1","38.602612","140.81015","2022-07-01","","https://www.post.japanpost.jp/kitte_hagaki/stamp/fuke//detail.php?id=1657","https://www.post.japanpost.jp/kitte_hagaki/stamp/preview/img/fuke/./2_20220603171251_thum.jpg"
"1658","玉沢郵便局","宮城県","〒987-2233 宮城県栗原市築館照越大ケ原42","宮城県栗原市築館照越大ケ原42","38.71627","141.034943","2022-07-01","","https://www.post.japanpost.jp/kitte_hagaki/stamp/fuke//detail.php?id=1658","https://www.post.japanpost.jp/kitte_hagaki/stamp/preview/img/fuke/./2_20220607115809_thum.jpg"
"1659","筆甫郵便局","宮城県","〒981-2201 宮城県伊具郡丸森町筆甫平舘66－1","宮城県伊具郡丸森町筆甫平舘66－1","37.826694","140.730835","2022-07-20","","https://www.post.japanpost.jp/kitte_hagaki/stamp/fuke//detail.php?id=1659","https://www.post.japanpost.jp/kitte_hagaki/stamp/preview/img/fuke/./2_20220607144230_thum.jpg"
"1660","西古川駅前郵便局","宮城県","〒989-6214 宮城県大崎市古川新堀旭町57","宮城県大崎市古川新堀旭町57","38.577183","140.89296","2022-07-25","","https://www.post.japanpost.jp/kitte_hagaki/stamp/fuke//detail.php?id=1660","https://www.post.japanpost.jp/kitte_hagaki/stamp/preview/img/fuke/./2_20220620141335_thum.jpg"
"1661","釜石鈴子郵便局","岩手県","〒026-0031 岩手県釜石市鈴子町11－33","岩手県釜石市鈴子町11－33","39.273594","141.866547","2022-07-15","","https://www.post.japanpost.jp/kitte_hagaki/stamp/fuke//detail.php?id=1661","https://www.post.japanpost.jp/kitte_hagaki/stamp/preview/img/fuke/./2_20220623095845_thum.png"
"1662","桧木内郵便局","秋田県","〒014-0602 秋田県仙北市西木町桧木内松葉247－1","秋田県仙北市西木町桧木内松葉247－1","39.768589","140.577881","2022-08-01","","https://www.post.japanpost.jp/kitte_hagaki/stamp/fuke//detail.php?id=1662","https://www.post.japanpost.jp/kitte_hagaki/stamp/preview/img/fuke/./2_20220620182240_thum.jpg"
"1665","那覇国場郵便局","沖縄県","〒902-0075 沖縄県那覇市国場360-1","沖縄県那覇市国場360-1","26.195461","127.704613","2022-08-01","","https://www.post.japanpost.jp/kitte_hagaki/stamp/fuke//detail.php?id=1665","https://www.post.japanpost.jp/kitte_hagaki/stamp/preview/img/fuke/./13_20220714105708_thum.jpg"
"1666","那覇上間郵便局","沖縄県","〒902-0073 沖縄県那覇市上間1-6-2","沖縄県那覇市上間1-6-2","26.201969","127.708435","2022-07-28","","https://www.post.japanpost.jp/kitte_hagaki/stamp/fuke//detail.php?id=1666","https://www.post.japanpost.jp/kitte_hagaki/stamp/preview/img/fuke/./13_20220714110829_thum.jpg"
"1667","真玉橋郵便局","沖縄県","〒901-0201 沖縄県豊見城市真玉橋278","沖縄県豊見城市真玉橋278","26.190912","127.69104","2022-07-28","","https://www.post.japanpost.jp/kitte_hagaki/stamp/fuke//detail.php?id=1667","https://www.post.japanpost.jp/kitte_hagaki/stamp/preview/img/fuke/./13_20220714113646_thum.jpg"
"1668","豊見城団地内郵便局","沖縄県","〒901-0212 沖縄県豊見城市平良158-11","沖縄県豊見城市平良158-11","26.171097","127.694458","2022-07-28","","https://www.post.japanpost.jp/kitte_hagaki/stamp/fuke//detail.php?id=1668","https://www.post.japanpost.jp/kitte_hagaki/stamp/preview/img/fuke/./13_20220714113922_thum.jpg"
"1669","豊崎郵便局","沖縄県","〒901-0225 沖縄県豊見城市字豊崎1-411","沖縄県豊見城市字豊崎1-411","26.158119","127.655182","2022-07-28","","https://www.post.japanpost.jp/kitte_hagaki/stamp/fuke//detail.php?id=1669","https://www.post.japanpost.jp/kitte_hagaki/stamp/preview/img/fuke/./13_20220714114212_thum.jpg"
"1671","魚沼吉田郵便局","新潟県","〒948-0105 新潟県新潟県十日町市北鐙坂885-37","新潟県新潟県十日町市北鐙坂885-37","37.916077","139.036545","2022-08-22","","https://www.post.japanpost.jp/kitte_hagaki/stamp/fuke//detail.php?id=1671","https://www.post.japanpost.jp/kitte_hagaki/stamp/preview/img/fuke/./6_20220722155453_thum.png"
"1672","名古屋東谷山郵便局","愛知県","〒463-0001 愛知県名古屋市守山区大字上志段味字稲堀田新田1893-1","愛知県名古屋市守山区大字上志段味字稲堀田新田1893-1","35.248863","137.037598","2022-08-08","","https://www.post.japanpost.jp/kitte_hagaki/stamp/fuke//detail.php?id=1672","https://www.post.japanpost.jp/kitte_hagaki/stamp/preview/img/fuke/./8_20220728152843_thum.png"
"1677","六日町郵便局","新潟県","〒949-6699 新潟県南魚沼市六日町2115","新潟県南魚沼市六日町2115","37.063736","138.878159","2022-10-03","","https://www.post.japanpost.jp/kitte_hagaki/stamp/fuke//detail.php?id=1677","https://www.post.japanpost.jp/kitte_hagaki/stamp/preview/img/fuke/./6_20220826151536_thum.png"
"1678","岐阜西中島郵便局","岐阜県","〒502-0916 岐阜県岐阜市西中島7-12-16","岐阜県岐阜市西中島7-12-16","35.430786","136.721298","2022-08-22","","https://www.post.japanpost.jp/kitte_hagaki/stamp/fuke//detail.php?id=1678","https://www.post.japanpost.jp/kitte_hagaki/stamp/preview/img/fuke/./8_20220811093503_thum.png"
"1681","倶知安郵便局","北海道","〒044-8799 北海道虻田郡倶知安町南一条東1-17","北海道虻田郡倶知安町南一条東1-17","42.900902","140.754501","2022-09-01","","https://www.post.japanpost.jp/kitte_hagaki/stamp/fuke//detail.php?id=1681","https://www.post.japanpost.jp/kitte_hagaki/stamp/preview/img/fuke/./1_20220817170726_thum.png"
"1682","倶知安北郵便局","北海道","〒044-0054 北海道虻田郡倶知安町北四条西1丁目1-5","北海道虻田郡倶知安町北四条西1丁目1-5","42.904522","140.751022","2022-09-01","","https://www.post.japanpost.jp/kitte_hagaki/stamp/fuke//detail.php?id=1682","https://www.post.japanpost.jp/kitte_hagaki/stamp/preview/img/fuke/./1_20220817170921_thum.png"
"1684","湯檜曽郵便局","群馬県","〒379-1799 群馬県利根郡みなかみ町湯桧曽芳沢13-4","群馬県利根郡みなかみ町湯桧曽芳沢13-4","36.8479","138.951431","2022-09-12","","https://www.post.japanpost.jp/kitte_hagaki/stamp/fuke//detail.php?id=1684","https://www.post.japanpost.jp/kitte_hagaki/stamp/preview/img/fuke/./3_20220818124820_thum.jpg"
"1685","那覇三原郵便局","沖縄県","〒902-0063 沖縄県那覇市三原2-1-6","沖縄県那覇市三原2-1-6","26.210623","127.698952","2022-09-15","","https://www.post.japanpost.jp/kitte_hagaki/stamp/fuke//detail.php?id=1685","https://www.post.japanpost.jp/kitte_hagaki/stamp/preview/img/fuke/./13_20220819114224_thum.jpg"
"1687","広島JPビル郵便局","広島県","〒732-0822 広島県広島市南区松原町2－62","広島県広島市南区松原町2－62","34.397629","132.473206","2022-09-26","","https://www.post.japanpost.jp/kitte_hagaki/stamp/fuke//detail.php?id=1687","https://www.post.japanpost.jp/kitte_hagaki/stamp/preview/img/fuke/./10_20220901172306_thum.jpg"
"1689","横浜狩場郵便局","神奈川県","〒240-0025 神奈川県神奈川県横浜市保土ヶ谷区狩場町303-62","神奈川県神奈川県横浜市保土ヶ谷区狩場町303-62","35.447735","139.642532","2022-10-03","","https://www.post.japanpost.jp/kitte_hagaki/stamp/fuke//detail.php?id=1689","https://www.post.japanpost.jp/kitte_hagaki/stamp/preview/img/fuke/./4_20220908110441_thum.png"
"1692","中野郵便局","兵庫県","〒675-2102 兵庫県加西市中野町1329－4","兵庫県加西市中野町1329－4","34.8797","134.873718","2022-11-01","","https://www.post.japanpost.jp/kitte_hagaki/stamp/fuke//detail.php?id=1692","https://www.post.japanpost.jp/kitte_hagaki/stamp/preview/img/fuke/./9_20220913105730_thum.jpg"
"1694","陶郵便局","香川県","〒761-2103 香川県綾歌郡綾川町陶5873-35","香川県綾歌郡綾川町陶5873-35","34.252869","133.948669","2022-10-04","","https://www.post.japanpost.jp/kitte_hagaki/stamp/fuke//detail.php?id=1694","https://www.post.japanpost.jp/kitte_hagaki/stamp/preview/img/fuke/./11_20220916170021_thum.png"
"1696","鴨方郵便局","岡山県","〒719-0299 岡山県岡山県浅口市鴨方町六条院中3283","岡山県岡山県浅口市鴨方町六条院中3283","34.655186","133.919754","2022-10-03","","https://www.post.japanpost.jp/kitte_hagaki/stamp/fuke//detail.php?id=1696","https://www.post.japanpost.jp/kitte_hagaki/stamp/preview/img/fuke/./10_20220920123454_thum.jpg"
"1698","久留馬郵便局","群馬県","〒370-3333 群馬県高崎市高浜町924-3","群馬県高崎市高浜町924-3","36.372665","138.928894","2022-10-11","","https://www.post.japanpost.jp/kitte_hagaki/stamp/fuke//detail.php?id=1698","https://www.post.japanpost.jp/kitte_hagaki/stamp/preview/img/fuke/./3_20220920183246_thum.jpg"
"1699","浦川原郵便局","新潟県","〒942-0399 新潟県上越市浦川原区釜淵1","新潟県上越市浦川原区釜淵1","37.161407","138.434601","2022-10-17","","https://www.post.japanpost.jp/kitte_hagaki/stamp/fuke//detail.php?id=1699","https://www.post.japanpost.jp/kitte_hagaki/stamp/preview/img/fuke/./6_20220926093231_thum.png"
"1701","いわき自由ケ丘郵便局","福島県","〒970-8033 福島県いわき市自由ケ丘 14-5","福島県いわき市自由ケ丘 14-5","37.029942","140.892105","2022-11-07","","https://www.post.japanpost.jp/kitte_hagaki/stamp/fuke//detail.php?id=1701","https://www.post.japanpost.jp/kitte_hagaki/stamp/preview/img/fuke/./2_20220926135050_thum.png"
"1702","小浦郵便局","長崎県","〒857-0361 長崎県北松浦郡佐々町小浦免219-35","長崎県北松浦郡佐々町小浦免219-35","33.222904","129.644348","2022-10-25","","https://www.post.japanpost.jp/kitte_hagaki/stamp/fuke//detail.php?id=1702","https://www.post.japanpost.jp/kitte_hagaki/stamp/preview/img/fuke/./12_20220927145008_thum.png"
"1704","若松郵便局","福岡県","〒808-8799 福岡県北九州市若松区浜町1-11-1","福岡県北九州市若松区浜町1-11-1","33.906433","130.811142","2022-10-20","","https://www.post.japanpost.jp/kitte_hagaki/stamp/fuke//detail.php?id=1704","https://www.post.japanpost.jp/kitte_hagaki/stamp/preview/img/fuke/./12_20220927152805_thum.png"
"1707","南池袋郵便局","東京都","〒171-0022 東京都豊島区南池袋2-24-1","東京都豊島区南池袋2-24-1","35.727085","139.713165","2022-10-17","","https://www.post.japanpost.jp/kitte_hagaki/stamp/fuke//detail.php?id=1707","https://www.post.japanpost.jp/kitte_hagaki/stamp/preview/img/fuke/./5_20220929143343_thum.png"
"1709","雑司が谷郵便局","東京都","〒171-0032 東京都豊島区雑司が谷2-7-14","東京都豊島区雑司が谷2-7-14","35.719833","139.715073","2022-10-17","","https://www.post.japanpost.jp/kitte_hagaki/stamp/fuke//detail.php?id=1709","https://www.post.japanpost.jp/kitte_hagaki/stamp/preview/img/fuke/./5_20220929152808_thum.png"
"1711","大塚駅前郵便局","東京都","〒170-0004 東京都豊島区北大塚2-25-6","東京都豊島区北大塚2-25-6","35.733379","139.729065","2022-10-17","","https://www.post.japanpost.jp/kitte_hagaki/stamp/fuke//detail.php?id=1711","https://www.post.japanpost.jp/kitte_hagaki/stamp/preview/img/fuke/./5_20220929154402_thum.png"
"1712","楢葉郵便局","福島県","〒979-0604 福島県双葉郡楢葉町大字北田字中満256－3","福島県双葉郡楢葉町大字北田字中満256－3","37.273209","140.999359","2022-11-01","","https://www.post.japanpost.jp/kitte_hagaki/stamp/fuke//detail.php?id=1712","https://www.post.japanpost.jp/kitte_hagaki/stamp/preview/img/fuke/./2_20221003135725_thum.png"
"1718","群馬県庁内郵便局","群馬県","〒371-0026 群馬県前橋市大手町1-1-1","群馬県前橋市大手町1-1-1","36.391186","139.061691","2022-11-01","","https://www.post.japanpost.jp/kitte_hagaki/stamp/fuke//detail.php?id=1718","https://www.post.japanpost.jp/kitte_hagaki/stamp/preview/img/fuke/./3_20221014104541_thum.jpg"
"1720","与儀郵便局","沖縄県","〒902-0076 沖縄県那覇市与儀368-19","沖縄県那覇市与儀368-19","26.202017","127.695335","2022-11-01","","https://www.post.japanpost.jp/kitte_hagaki/stamp/fuke//detail.php?id=1720","https://www.post.japanpost.jp/kitte_hagaki/stamp/preview/img/fuke/./13_20221014153117_thum.jpg"
"1721","河津郵便局","静岡県","〒413-0599 静岡県賀茂郡河津町笹原299-5","静岡県賀茂郡河津町笹原299-5","34.74931","138.994156","2022-10-24","","https://www.post.japanpost.jp/kitte_hagaki/stamp/fuke//detail.php?id=1721","https://www.post.japanpost.jp/kitte_hagaki/stamp/preview/img/fuke/./8_20221014191723_thum.png"
"1723","奈古郵便局","山口県","〒759-3699 山口県山口県阿武郡阿武町奈古２９５５－１２","山口県山口県阿武郡阿武町奈古２９５５－１２","34.177845","131.473022","2022-11-01","","https://www.post.japanpost.jp/kitte_hagaki/stamp/fuke//detail.php?id=1723","https://www.post.japanpost.jp/kitte_hagaki/stamp/preview/img/fuke/./10_20221018112247_thum.jpg"
"1725","二川郵便局","島根県","〒698-0202 島根県島根県益田市美都町宇津川ロ７１０","島根県島根県益田市美都町宇津川ロ７１０","35.472294","133.050522","2022-11-02","","https://www.post.japanpost.jp/kitte_hagaki/stamp/fuke//detail.php?id=1725","https://www.post.japanpost.jp/kitte_hagaki/stamp/preview/img/fuke/./10_20221018112540_thum.jpg"
"1727","一日橋郵便局","沖縄県","〒902-0073 沖縄県那覇市上間210-1","沖縄県那覇市上間210-1","26.19915","127.713783","2022-11-07","","https://www.post.japanpost.jp/kitte_hagaki/stamp/fuke//detail.php?id=1727","https://www.post.japanpost.jp/kitte_hagaki/stamp/preview/img/fuke/./13_20221020161858_thum.jpg"
"1728","潮平郵便局","沖縄県","〒901-0302 沖縄県糸満市潮平771-2","沖縄県糸満市潮平771-2","26.148453","127.672585","2022-11-07","","https://www.post.japanpost.jp/kitte_hagaki/stamp/fuke//detail.php?id=1728","https://www.post.japanpost.jp/kitte_hagaki/stamp/preview/img/fuke/./13_20221020162355_thum.jpg"
"1730","瀬戸郵便局","愛媛県","〒796-0502 愛媛県愛媛県西宇和郡伊方町三机乙1103","愛媛県愛媛県西宇和郡伊方町三机乙1103","32.962494","132.583389","2022-11-16","","https://www.post.japanpost.jp/kitte_hagaki/stamp/fuke//detail.php?id=1730","https://www.post.japanpost.jp/kitte_hagaki/stamp/preview/img/fuke/./11_20221101124251_thum.png"
"1731","若林郵便局","宮城県","〒984-8799 宮城県仙台市若林区かすみ町１７－４４","宮城県仙台市若林区かすみ町１７－４４","38.240364","140.924881","2022-12-05","","https://www.post.japanpost.jp/kitte_hagaki/stamp/fuke//detail.php?id=1731","https://www.post.japanpost.jp/kitte_hagaki/stamp/preview/img/fuke/./2_20221102184412_thum.png"
"1732","原町郵便局","福島県","〒975-8799 福島県南相馬市原町区三島町１－３４","福島県南相馬市原町区三島町１－３４","37.637646","140.956009","2022-12-05","","https://www.post.japanpost.jp/kitte_hagaki/stamp/fuke//detail.php?id=1732","https://www.post.japanpost.jp/kitte_hagaki/stamp/preview/img/fuke/./2_20221102184721_thum.png"
"1733","沼津岡宮郵便局","静岡県","〒410-0011 静岡県沼津市岡宮999-7","静岡県沼津市岡宮999-7","35.134491","138.867813","2022-11-24","","https://www.post.japanpost.jp/kitte_hagaki/stamp/fuke//detail.php?id=1733","https://www.post.japanpost.jp/kitte_hagaki/stamp/preview/img/fuke/./8_20221114184134_thum.png"
"1736","新梅田シティ内郵便局","大阪府","〒531-0076 大阪府大阪市北区大淀中１－１－９０－Ｂ１００（梅田スカイビル地下１階）","大阪府大阪市北区大淀中１－１－９０－Ｂ１００（梅田スカイビル地下１階）","34.704723","135.491013","2022-12-05","","https://www.post.japanpost.jp/kitte_hagaki/stamp/fuke//detail.php?id=1736","https://www.post.japanpost.jp/kitte_hagaki/stamp/preview/img/fuke/./9_20221117093058_thum.jpg"
"1738","多治見小泉郵便局","岐阜県","〒507-0073 岐阜県多治見市小泉町2-204","岐阜県多治見市小泉町2-204","35.348835","137.099106","2022-12-06","","https://www.post.japanpost.jp/kitte_hagaki/stamp/fuke//detail.php?id=1738","https://www.post.japanpost.jp/kitte_hagaki/stamp/preview/img/fuke/./8_20221125211948_thum.png"
"1739","日進米野木郵便局","愛知県","〒470-0118 愛知県日進市米野木台2-403","愛知県日進市米野木台2-403","35.126625","137.064651","2022-12-12","","https://www.post.japanpost.jp/kitte_hagaki/stamp/fuke//detail.php?id=1739","https://www.post.japanpost.jp/kitte_hagaki/stamp/preview/img/fuke/./8_20221202200617_thum.png"
"1740","イオンモール沖縄ライカム内郵便局","沖縄県","〒901-2306 沖縄県中頭郡北中城村字ライカム1番地","沖縄県中頭郡北中城村字ライカム1番地","26.314575","127.796043","2023-01-16","","https://www.post.japanpost.jp/kitte_hagaki/stamp/fuke//detail.php?id=1740","https://www.post.japanpost.jp/kitte_hagaki/stamp/preview/img/fuke/./13_20221226165016_thum.png"
"1742","岐阜県庁内郵便局","岐阜県","〒500-8384 岐阜県岐阜市薮田南2-1-1","岐阜県岐阜市薮田南2-1-1","35.391685","136.722717","2023-01-04","","https://www.post.japanpost.jp/kitte_hagaki/stamp/fuke//detail.php?id=1742","https://www.post.japanpost.jp/kitte_hagaki/stamp/preview/img/fuke/./8_20221216195503_thum.png"
"1744","真嘉比郵便局","沖縄県","〒902-0068 沖縄県那覇市真嘉比２－２９－２６","沖縄県那覇市真嘉比２－２９－２６","26.223604","127.702728","2023-01-20","","https://www.post.japanpost.jp/kitte_hagaki/stamp/fuke//detail.php?id=1744","https://www.post.japanpost.jp/kitte_hagaki/stamp/preview/img/fuke/./13_20221227100853_thum.png"
"1746","那覇長田郵便局","沖縄県","〒902-0077 沖縄県那覇市長田１－１７－８","沖縄県那覇市長田１－１７－８","26.202909","127.701744","2023-02-01","","https://www.post.japanpost.jp/kitte_hagaki/stamp/fuke//detail.php?id=1746","https://www.post.japanpost.jp/kitte_hagaki/stamp/preview/img/fuke/./13_20230113112223_thum.jpg"
"1747","那覇久茂地郵便局","沖縄県","〒900-0015 沖縄県那覇市久茂地２－２４－１３","沖縄県那覇市久茂地２－２４－１３","26.219976","127.683647","2023-02-01","","https://www.post.japanpost.jp/kitte_hagaki/stamp/fuke//detail.php?id=1747","https://www.post.japanpost.jp/kitte_hagaki/stamp/preview/img/fuke/./13_20230113115450_thum.jpg"
"1748","糸満新島郵便局","沖縄県","〒901-0361 沖縄県糸満市糸満1366","沖縄県糸満市糸満1366","26.129053","127.672745","2023-02-06","","https://www.post.japanpost.jp/kitte_hagaki/stamp/fuke//detail.php?id=1748","https://www.post.japanpost.jp/kitte_hagaki/stamp/preview/img/fuke/./13_20230119115908_thum.jpg"
"1749","高嶺郵便局","沖縄県","〒901-0325 沖縄県糸満市字大里２４７","沖縄県糸満市字大里２４７","26.128038","127.691917","2023-02-06","","https://www.post.japanpost.jp/kitte_hagaki/stamp/fuke//detail.php?id=1749","https://www.post.japanpost.jp/kitte_hagaki/stamp/preview/img/fuke/./13_20230119152831_thum.jpg"
"1750","渡名喜郵便局","沖縄県","〒901-3601 沖縄県島尻郡渡名喜村１９７７","沖縄県島尻郡渡名喜村１９７７","26.372128","127.141068","2023-02-14","","https://www.post.japanpost.jp/kitte_hagaki/stamp/fuke//detail.php?id=1750","https://www.post.japanpost.jp/kitte_hagaki/stamp/preview/img/fuke/./13_20230126162142_thum.jpg"
"1751","阿嘉郵便局","沖縄県","〒901-3311 沖縄県島尻郡座間味村阿嘉６８","沖縄県島尻郡座間味村阿嘉６８","26.19993","127.277527","2023-02-17","","https://www.post.japanpost.jp/kitte_hagaki/stamp/fuke//detail.php?id=1751","https://www.post.japanpost.jp/kitte_hagaki/stamp/preview/img/fuke/./13_20230126162704_thum.jpg"
"1752","北広島広葉郵便局","北海道","〒061-1134 北海道北広島市広葉町3-9-6","北海道北広島市広葉町3-9-6","42.972496","141.552536","2023-02-08","","https://www.post.japanpost.jp/kitte_hagaki/stamp/fuke//detail.php?id=1752","https://www.post.japanpost.jp/kitte_hagaki/stamp/preview/img/fuke/./1_20230127164248_thum.png"
"1753","北広島里見郵便局","北海道","〒061-1147 北海道北広島市里見町4-1-3","北海道北広島市里見町4-1-3","42.959335","141.543961","2023-02-08","","https://www.post.japanpost.jp/kitte_hagaki/stamp/fuke//detail.php?id=1753","https://www.post.japanpost.jp/kitte_hagaki/stamp/preview/img/fuke/./1_20230127164531_thum.png"
"1754","大津神領郵便局","滋賀県","〒520-2131 滋賀県大津市三大寺４－１８","滋賀県大津市三大寺４－１８","34.974949","135.916443","2023-02-13","","https://www.post.japanpost.jp/kitte_hagaki/stamp/fuke//detail.php?id=1754","https://www.post.japanpost.jp/kitte_hagaki/stamp/preview/img/fuke/./9_20230130100331_thum.jpg"
"1755","鳴子郵便局","宮城県","〒989-6899 宮城県大崎市鳴子温泉新屋敷１２４－５","宮城県大崎市鳴子温泉新屋敷１２４－５","38.743698","140.717239","2023-03-13","","https://www.post.japanpost.jp/kitte_hagaki/stamp/fuke//detail.php?id=1755","https://www.post.japanpost.jp/kitte_hagaki/stamp/preview/img/fuke/./2_20230203151204_thum.png"
"1756","輪厚郵便局","北海道","〒061-1268 北海道北広島市輪厚中央1-2-10","北海道北広島市輪厚中央1-2-10","42.948273","141.501633","2023-02-17","","https://www.post.japanpost.jp/kitte_hagaki/stamp/fuke//detail.php?id=1756","https://www.post.japanpost.jp/kitte_hagaki/stamp/preview/img/fuke/./1_20230206200850_thum.png"
"1757","阪南和泉鳥取郵便局","大阪府","〒599-0213 大阪府阪南市和泉鳥取６６３－１０","大阪府阪南市和泉鳥取６６３－１０","34.340034","135.262451","2023-03-01","","https://www.post.japanpost.jp/kitte_hagaki/stamp/fuke//detail.php?id=1757","https://www.post.japanpost.jp/kitte_hagaki/stamp/preview/img/fuke/./9_20230207102344_thum.jpg"
"1758","北上鍛冶町郵便局","岩手県","〒024-0062 岩手県北上市鍛冶町３－５－３３","岩手県北上市鍛冶町３－５－３３","39.291229","141.104752","2023-03-08","","https://www.post.japanpost.jp/kitte_hagaki/stamp/fuke//detail.php?id=1758","https://www.post.japanpost.jp/kitte_hagaki/stamp/preview/img/fuke/./2_20230208113008_thum.png"
"1760","井原中町郵便局","岡山県","〒715-0019 岡山県井原市井原町１０２７－２","岡山県井原市井原町１０２７－２","34.605476","133.461945","2023-03-09","","https://www.post.japanpost.jp/kitte_hagaki/stamp/fuke//detail.php?id=1760","https://www.post.japanpost.jp/kitte_hagaki/stamp/preview/img/fuke/./10_20230213134736_thum.jpg"
"1765","熊本駅内郵便局","熊本県","〒860-0047 熊本県熊本市西区春日3－15－1","熊本県熊本市西区春日3－15－1","32.788967","130.688232","2023-03-04","","https://www.post.japanpost.jp/kitte_hagaki/stamp/fuke//detail.php?id=1765","https://www.post.japanpost.jp/kitte_hagaki/stamp/preview/img/fuke/./12_20230217130455_thum.jpg"
"1766","浦和美園駅前郵便局","埼玉県","〒336-0967 埼玉県さいたま市緑区美園4-17-9","埼玉県さいたま市緑区美園4-17-9","35.896294","139.727631","2023-03-15","","https://www.post.japanpost.jp/kitte_hagaki/stamp/fuke//detail.php?id=1766","https://www.post.japanpost.jp/kitte_hagaki/stamp/preview/img/fuke/./3_20230221143030_thum.jpg"
"1767","多田野郵便局","福島県","〒963-0213 福島県郡山市逢瀬町多田野寺向１１","福島県郡山市逢瀬町多田野寺向１１","37.396862","140.269623","2023-04-03","","https://www.post.japanpost.jp/kitte_hagaki/stamp/fuke//detail.php?id=1767","https://www.post.japanpost.jp/kitte_hagaki/stamp/preview/img/fuke/./2_20230228091615_thum.png"
"1768","小原郵便局","宮城県","〒989-0233 宮城県白石市小原中倉３０－１","宮城県白石市小原中倉３０－１","37.952137","140.545883","2023-04-03","","https://www.post.japanpost.jp/kitte_hagaki/stamp/fuke//detail.php?id=1768","https://www.post.japanpost.jp/kitte_hagaki/stamp/preview/img/fuke/./2_20230306104615_thum.png"
"1770","新津郵便局","新潟県","〒956-8799 新潟県新潟市秋葉区新津本町2-4-32","新潟県新潟市秋葉区新津本町2-4-32","37.797211","139.12294","2023-05-05","","https://www.post.japanpost.jp/kitte_hagaki/stamp/fuke//detail.php?id=1770","https://www.post.japanpost.jp/kitte_hagaki/stamp/preview/img/fuke/./6_20230313180650_thum.jpg"
"1772","佐川郵便局","高知県","〒789-1299 高知県高岡郡佐川町甲1520-1","高知県高岡郡佐川町甲1520-1","33.500107","133.288971","2023-04-24","","https://www.post.japanpost.jp/kitte_hagaki/stamp/fuke//detail.php?id=1772","https://www.post.japanpost.jp/kitte_hagaki/stamp/preview/img/fuke/./11_20230320130946_thum.png"
"1774","茗荷谷駅前郵便局","東京都","〒112-0012 東京都文京区大塚1-4-1","東京都文京区大塚1-4-1","35.718422","139.735641","2023-04-17","","https://www.post.japanpost.jp/kitte_hagaki/stamp/fuke//detail.php?id=1774","https://www.post.japanpost.jp/kitte_hagaki/stamp/preview/img/fuke/./5_20230320170603_thum.jpg"
"1777","井原郵便局","岡山県","〒715-8799 岡山県岡山県井原市七日市町２","岡山県岡山県井原市七日市町２","34.655186","133.919754","2023-04-18","","https://www.post.japanpost.jp/kitte_hagaki/stamp/fuke//detail.php?id=1777","https://www.post.japanpost.jp/kitte_hagaki/stamp/preview/img/fuke/./10_20230324110710_thum.jpg"
"1778","安芸三田郵便局","広島県","〒739-1521 広島県広島市安佐北区白木町三田7237－1","広島県広島市安佐北区白木町三田7237－1","34.514843","132.608963","2023-05-01","","https://www.post.japanpost.jp/kitte_hagaki/stamp/fuke//detail.php?id=1778","https://www.post.japanpost.jp/kitte_hagaki/stamp/preview/img/fuke/./10_20230419161835_thum.jpg"
"1780","牧志郵便局","沖縄県","〒900-0013 沖縄県那覇市牧志３－１３－１９","沖縄県那覇市牧志３－１３－１９","26.21736","127.691696","2023-05-23","","https://www.post.japanpost.jp/kitte_hagaki/stamp/fuke//detail.php?id=1780","https://www.post.japanpost.jp/kitte_hagaki/stamp/preview/img/fuke/./13_20230509144248_thum.jpg"
"1781","安謝郵便局","沖縄県","〒900-0002 沖縄県那覇市曙３－３－１","沖縄県那覇市曙３－３－１","26.241331","127.688591","2023-05-16","","https://www.post.japanpost.jp/kitte_hagaki/stamp/fuke//detail.php?id=1781","https://www.post.japanpost.jp/kitte_hagaki/stamp/preview/img/fuke/./13_20230421143837_thum.jpg"
"1782","沖縄県庁内郵便局","沖縄県","〒900-0021 沖縄県那覇市泉崎１－２－２","沖縄県那覇市泉崎１－２－２","26.213303","127.679634","2023-05-16","","https://www.post.japanpost.jp/kitte_hagaki/stamp/fuke//detail.php?id=1782","https://www.post.japanpost.jp/kitte_hagaki/stamp/preview/img/fuke/./13_20230421144234_thum.jpg"
"1783","開南郵便局","沖縄県","〒900-0022 沖縄県那覇市樋川２－１－３１","沖縄県那覇市樋川２－１－３１","26.210819","127.688766","2023-05-23","","https://www.post.japanpost.jp/kitte_hagaki/stamp/fuke//detail.php?id=1783","https://www.post.japanpost.jp/kitte_hagaki/stamp/preview/img/fuke/./13_20230421144950_thum.png"
"1785","名古屋落合郵便局","愛知県","〒462-0017 愛知県名古屋市北区落合町189-1","愛知県名古屋市北区落合町189-1","35.225231","136.909622","2023-05-08","","https://www.post.japanpost.jp/kitte_hagaki/stamp/fuke//detail.php?id=1785","https://www.post.japanpost.jp/kitte_hagaki/stamp/preview/img/fuke/./8_20230425173941_thum.png"
"1787","伊賀ゆめが丘郵便局","三重県","〒518-0131 三重県伊賀市ゆめが丘 3-15-21","三重県伊賀市ゆめが丘 3-15-21","34.736927","136.158966","2023-05-08","","https://www.post.japanpost.jp/kitte_hagaki/stamp/fuke//detail.php?id=1787","https://www.post.japanpost.jp/kitte_hagaki/stamp/preview/img/fuke/./8_20230425173550_thum.png"
"1789","扇大橋駅前郵便局","東京都","〒123-0873 東京都足立区扇1-21-6","東京都足立区扇1-21-6","35.763908","139.771027","2023-06-12","","https://www.post.japanpost.jp/kitte_hagaki/stamp/fuke//detail.php?id=1789","https://www.post.japanpost.jp/kitte_hagaki/stamp/preview/img/fuke/./5_20230426135559_thum.jpg"
"1790","糸満西崎郵便局","沖縄県","〒901-0305 沖縄県糸満市西崎６－５－１","沖縄県糸満市西崎６－５－１","26.142202","127.670006","2023-05-29","","https://www.post.japanpost.jp/kitte_hagaki/stamp/fuke//detail.php?id=1790","https://www.post.japanpost.jp/kitte_hagaki/stamp/preview/img/fuke/./13_20230428115751_thum.png"
"1794","野辺地郵便局","青森県","〒039-3199 青森県上北郡野辺地町野辺地28-1","青森県上北郡野辺地町野辺地28-1","40.865154","141.128448","2023-06-02","","https://www.post.japanpost.jp/kitte_hagaki/stamp/fuke//detail.php?id=1794","https://www.post.japanpost.jp/kitte_hagaki/stamp/preview/img/fuke/./2_20230509143645_thum.JPG"
"1795","湯沢郵便局","秋田県","〒012-8799 秋田県湯沢市材木町1-1-36","秋田県湯沢市材木町1-1-36","39.162533","140.489166","2023-08-04","","https://www.post.japanpost.jp/kitte_hagaki/stamp/fuke//detail.php?id=1795","https://www.post.japanpost.jp/kitte_hagaki/stamp/preview/img/fuke/./2_20230509144520_thum.JPG"
"1796","郡山郵便局","福島県","〒963-8799 福島県郡山市朝日2-24-6","福島県郡山市朝日2-24-6","37.405117","140.357483","2023-06-09","","https://www.post.japanpost.jp/kitte_hagaki/stamp/fuke//detail.php?id=1796","https://www.post.japanpost.jp/kitte_hagaki/stamp/preview/img/fuke/./2_20230509145247_thum.JPG"
"1797","荒川郵便局","長崎県","〒853-0599 長崎県長崎県五島市玉之浦町荒川275-1","長崎県長崎県五島市玉之浦町荒川275-1","32.749527","129.879807","2023-06-01","","https://www.post.japanpost.jp/kitte_hagaki/stamp/fuke//detail.php?id=1797","https://www.post.japanpost.jp/kitte_hagaki/stamp/preview/img/fuke/./12_20230509162602_thum.png"
"1800","七尾大田郵便局","石川県","〒926-0006 石川県七尾市大田町１０９－１６－１","石川県七尾市大田町１０９－１６－１","37.052795","136.998688","2023-06-01","","https://www.post.japanpost.jp/kitte_hagaki/stamp/fuke//detail.php?id=1800","https://www.post.japanpost.jp/kitte_hagaki/stamp/preview/img/fuke/./7_20230511162700_thum.png"
"1801","首里末吉郵便局","沖縄県","〒903-0801 沖縄県那覇市首里末吉町４－２－２２","沖縄県那覇市首里末吉町４－２－２２","26.22921","127.708183","2023-06-01","","https://www.post.japanpost.jp/kitte_hagaki/stamp/fuke//detail.php?id=1801","https://www.post.japanpost.jp/kitte_hagaki/stamp/preview/img/fuke/./13_20230512104158_thum.png"
"1802","首里山川郵便局","沖縄県","〒903-0825 沖縄県那覇市首里山川町 1-72","沖縄県那覇市首里山川町 1-72","26.220089","127.711891","2023-06-01","","https://www.post.japanpost.jp/kitte_hagaki/stamp/fuke//detail.php?id=1802","https://www.post.japanpost.jp/kitte_hagaki/stamp/preview/img/fuke/./13_20230607142904_thum.png"
"1803","曙郵便局","沖縄県","〒900-0002 沖縄県那覇市曙２－２５－２８","沖縄県那覇市曙２－２５－２８","26.239725","127.681564","2023-06-06","","https://www.post.japanpost.jp/kitte_hagaki/stamp/fuke//detail.php?id=1803","https://www.post.japanpost.jp/kitte_hagaki/stamp/preview/img/fuke/./13_20230515105150_thum.png"
"1804","呉郷原郵便局","広島県","〒737-0161 広島県広島県呉市郷原町１５８３－２","広島県広島県呉市郷原町１５８３－２","34.385277","132.455276","2023-06-06","","https://www.post.japanpost.jp/kitte_hagaki/stamp/fuke//detail.php?id=1804","https://www.post.japanpost.jp/kitte_hagaki/stamp/preview/img/fuke/./10_20230518112602_thum.jpg"
"1806","兼城郵便局","沖縄県","〒901-0313 沖縄県糸満市賀数224","沖縄県糸満市賀数224","26.146299","127.692429","2023-06-13","","https://www.post.japanpost.jp/kitte_hagaki/stamp/fuke//detail.php?id=1806","https://www.post.japanpost.jp/kitte_hagaki/stamp/preview/img/fuke/./13_20230519100446_thum.png"
"1807","小禄金城郵便局","沖縄県","〒901-0155 沖縄県沖縄県那覇市金城5-2-8","沖縄県沖縄県那覇市金城5-2-8","26.334202","127.805649","2023-06-09","","https://www.post.japanpost.jp/kitte_hagaki/stamp/fuke//detail.php?id=1807","https://www.post.japanpost.jp/kitte_hagaki/stamp/preview/img/fuke/./13_20230519095705_thum.png"
"1808","古波蔵郵便局","沖縄県","〒900-0024 沖縄県那覇市古波蔵2-14-41","沖縄県那覇市古波蔵2-14-41","26.199799","127.686394","2023-06-09","","https://www.post.japanpost.jp/kitte_hagaki/stamp/fuke//detail.php?id=1808","https://www.post.japanpost.jp/kitte_hagaki/stamp/preview/img/fuke/./13_20230519095853_thum.png"
"1809","小禄郵便局","沖縄県","〒901-0153 沖縄県那覇市宇栄原3-32-27","沖縄県那覇市宇栄原3-32-27","26.188551","127.66095","2023-06-09","","https://www.post.japanpost.jp/kitte_hagaki/stamp/fuke//detail.php?id=1809","https://www.post.japanpost.jp/kitte_hagaki/stamp/preview/img/fuke/./13_20230519100049_thum.png"
"1810","小禄鏡原郵便局","沖縄県","〒901-0151 沖縄県那覇市鏡原34-25","沖縄県那覇市鏡原34-25","26.198095","127.678543","2023-06-09","","https://www.post.japanpost.jp/kitte_hagaki/stamp/fuke//detail.php?id=1810","https://www.post.japanpost.jp/kitte_hagaki/stamp/preview/img/fuke/./13_20230519100237_thum.png"
"1811","小禄泉原郵便局","沖縄県","〒901-0152 沖縄県那覇市小禄1240","沖縄県那覇市小禄1240","26.19145","127.677612","2023-06-09","","https://www.post.japanpost.jp/kitte_hagaki/stamp/fuke//detail.php?id=1811","https://www.post.japanpost.jp/kitte_hagaki/stamp/preview/img/fuke/./13_20230526095949_thum.png"
"1812","首里大名郵便局","沖縄県","〒903-0802 沖縄県那覇市首里大名町3-55-5","沖縄県那覇市首里大名町3-55-5","26.231544","127.721031","2023-06-16","","https://www.post.japanpost.jp/kitte_hagaki/stamp/fuke//detail.php?id=1812","https://www.post.japanpost.jp/kitte_hagaki/stamp/preview/img/fuke/./13_20230526102035_thum.png"
"1813","那覇久米郵便局","沖縄県","〒900-0032 沖縄県那覇市松山1-32-7","沖縄県那覇市松山1-32-7","26.21953","127.675537","2023-06-13","","https://www.post.japanpost.jp/kitte_hagaki/stamp/fuke//detail.php?id=1813","https://www.post.japanpost.jp/kitte_hagaki/stamp/preview/img/fuke/./13_20230602093945_thum.png"
"1818","三沢郵便局","青森県","〒033-8799 青森県三沢市幸町3-2-15","青森県三沢市幸町3-2-15","40.685982","141.371078","2023-07-06","","https://www.post.japanpost.jp/kitte_hagaki/stamp/fuke//detail.php?id=1818","https://www.post.japanpost.jp/kitte_hagaki/stamp/preview/img/fuke/./2_20230621100540_thum.jpg"
"1820","むつ中央二郵便局","青森県","〒035-0073 青森県むつ市中央2-12-18","青森県むつ市中央2-12-18","41.288754","141.182907","2023-07-18","","https://www.post.japanpost.jp/kitte_hagaki/stamp/fuke//detail.php?id=1820","https://www.post.japanpost.jp/kitte_hagaki/stamp/preview/img/fuke/./2_20230628115548_thum.jpg"
"1821","西馬城郵便局","大分県","〒872-0112 大分県大分県宇佐市大字上矢部1353-2","大分県大分県宇佐市大字上矢部1353-2","33.239445","131.609726","2023-04-03","","https://www.post.japanpost.jp/kitte_hagaki/stamp/fuke//detail.php?id=1821","https://www.post.japanpost.jp/kitte_hagaki/stamp/preview/img/fuke/./12_20230628172907_thum.jpg"
"1824","横手栄郵便局","秋田県","〒013-0051 秋田県横手市大屋新町字新町192-1","秋田県横手市大屋新町字新町192-1","39.277946","140.558624","2023-08-01","","https://www.post.japanpost.jp/kitte_hagaki/stamp/fuke//detail.php?id=1824","https://www.post.japanpost.jp/kitte_hagaki/stamp/preview/img/fuke/./2_20230707165454_thum.jpg"
"1826","邑楽藤川郵便局","群馬県","〒370-0605 群馬県邑楽郡邑楽町藤川１２９","群馬県邑楽郡邑楽町藤川１２９","36.27137","139.454147","2023-08-08","","https://www.post.japanpost.jp/kitte_hagaki/stamp/fuke//detail.php?id=1826","https://www.post.japanpost.jp/kitte_hagaki/stamp/preview/img/fuke/./3_20230721174823_thum.png"
"1827","毛馬内郵便局","秋田県","〒018-5399 秋田県鹿角市十和田毛馬内城ノ下32","秋田県鹿角市十和田毛馬内城ノ下32","40.270016","140.76799","2023-08-18","","https://www.post.japanpost.jp/kitte_hagaki/stamp/fuke//detail.php?id=1827","https://www.post.japanpost.jp/kitte_hagaki/stamp/preview/img/fuke/./2_20230724131045_thum.jpg"
"1828","寺津郵便局","山形県","〒994-0074 山形県天童市藤内新田1750-1","山形県天童市藤内新田1750-1","38.352127","140.319626","2023-09-13","","https://www.post.japanpost.jp/kitte_hagaki/stamp/fuke//detail.php?id=1828","https://www.post.japanpost.jp/kitte_hagaki/stamp/preview/img/fuke/./2_20230724132103_thum.jpg"
"1829","宜保郵便局","沖縄県","〒901-0244 沖縄県豊見城市宜保２２番地","沖縄県豊見城市宜保２２番地","26.179718","127.678123","2023-08-21","","https://www.post.japanpost.jp/kitte_hagaki/stamp/fuke//detail.php?id=1829","https://www.post.japanpost.jp/kitte_hagaki/stamp/preview/img/fuke/./13_20230728130336_thum.png"
"1830","玄海郵便局","佐賀県","〒847-1421 佐賀県東松浦郡玄海町諸浦323-6","佐賀県東松浦郡玄海町諸浦323-6","33.469826","129.872101","2023-09-01","","https://www.post.japanpost.jp/kitte_hagaki/stamp/fuke//detail.php?id=1830","https://www.post.japanpost.jp/kitte_hagaki/stamp/preview/img/fuke/./12_20230731143710_thum.png"
"1831","値賀郵便局","佐賀県","〒847-1441 佐賀県東松浦郡玄海町今村6596-1","佐賀県東松浦郡玄海町今村6596-1","33.503384","129.852356","2023-09-01","","https://www.post.japanpost.jp/kitte_hagaki/stamp/fuke//detail.php?id=1831","https://www.post.japanpost.jp/kitte_hagaki/stamp/preview/img/fuke/./12_20230731145159_thum.png"
"1832","樋川郵便局","沖縄県","〒900-0022 沖縄県那覇市樋川1-29-30","沖縄県那覇市樋川1-29-30","26.207542","127.69088","2023-09-11","","https://www.post.japanpost.jp/kitte_hagaki/stamp/fuke//detail.php?id=1832","https://www.post.japanpost.jp/kitte_hagaki/stamp/preview/img/fuke/./13_20230818121126_thum.png"
"1834","天童駅西郵便局","山形県","〒994-0047 山形県天童市駅西2ー9ー12","山形県天童市駅西2ー9ー12","38.359253","140.365891","2023-11-10","","https://www.post.japanpost.jp/kitte_hagaki/stamp/fuke//detail.php?id=1834","https://www.post.japanpost.jp/kitte_hagaki/stamp/preview/img/fuke/./2_20230829094355_thum.jpg"
"1836","美留和郵便局","北海道","〒088-3399 北海道川上郡弟子屈町美留和76","北海道川上郡弟子屈町美留和76","43.556114","144.41893","2023-09-20","","https://www.post.japanpost.jp/kitte_hagaki/stamp/fuke//detail.php?id=1836","https://www.post.japanpost.jp/kitte_hagaki/stamp/preview/img/fuke/./1_20230831152848_thum.png"
"1837","羽前荒谷郵便局","山形県","〒994-0054 山形県天童市荒谷178-3","山形県天童市荒谷178-3","38.317562","140.387268","2023-10-20","","https://www.post.japanpost.jp/kitte_hagaki/stamp/fuke//detail.php?id=1837","https://www.post.japanpost.jp/kitte_hagaki/stamp/preview/img/fuke/./2_20230926110448_thum.jpg"
"1841","麻布台ヒルズ郵便局","東京都","〒106-0041 東京都港区麻布台1-3-1","東京都港区麻布台1-3-1","35.661549","139.740921","2023-11-27","","https://www.post.japanpost.jp/kitte_hagaki/stamp/fuke//detail.php?id=1841","https://www.post.japanpost.jp/kitte_hagaki/stamp/preview/img/fuke/./5_20231031105257_thum.jpg"
"1842","蔵増郵便局","山形県","〒994-0075 山形県天童市蔵増乙882-2","山形県天童市蔵増乙882-2","38.370033","140.333893","2023-12-01","","https://www.post.japanpost.jp/kitte_hagaki/stamp/fuke//detail.php?id=1842","https://www.post.japanpost.jp/kitte_hagaki/stamp/preview/img/fuke/./2_20231031183303_thum.jpg"
"1843","横手旭川郵便局","秋田県","〒013-0033 秋田県横手市旭川1-4-14","秋田県横手市旭川1-4-14","39.308228","140.575958","2023-12-01","","https://www.post.japanpost.jp/kitte_hagaki/stamp/fuke//detail.php?id=1843","https://www.post.japanpost.jp/kitte_hagaki/stamp/preview/img/fuke/./2_20231102183121_thum.jpg"
"1845","久賀島郵便局","長崎県","〒853-2171 長崎県五島市久賀町247-16","長崎県五島市久賀町247-16","32.786476","128.87326","2023-12-01","","https://www.post.japanpost.jp/kitte_hagaki/stamp/fuke//detail.php?id=1845","https://www.post.japanpost.jp/kitte_hagaki/stamp/preview/img/fuke/./12_20231106111646_thum.jpg"
"1846","剣渕郵便局","北海道","〒098-0338 北海道上川郡剣淵町仲町８－４","北海道上川郡剣淵町仲町８－４","44.098885","142.363541","2023-11-21","","https://www.post.japanpost.jp/kitte_hagaki/stamp/fuke//detail.php?id=1846","https://www.post.japanpost.jp/kitte_hagaki/stamp/preview/img/fuke/./1_20231110150434_thum.png"
"1847","富士里簡易郵便局","長野県","〒389-1314 長野県上水内郡信濃町大字穂波446番地12","長野県上水内郡信濃町大字穂波446番地12","36.775654","138.20343","2024-02-01","","https://www.post.japanpost.jp/kitte_hagaki/stamp/fuke//detail.php?id=1847","https://www.post.japanpost.jp/kitte_hagaki/stamp/preview/img/fuke/./6_20231116195239_thum.png"
"1849","園原郵便局","長野県","〒395-0305 長野県下伊那郡阿智村駒2352-355","長野県下伊那郡阿智村駒2352-355","35.486961","137.65451","2024-02-14","","https://www.post.japanpost.jp/kitte_hagaki/stamp/fuke//detail.php?id=1849","https://www.post.japanpost.jp/kitte_hagaki/stamp/preview/img/fuke/./6_20231120185318_thum.png"
"1850","ジアウトレット湘南平塚内郵便局","神奈川県","〒254-0012 神奈川県平塚市大神8-1-1","神奈川県平塚市大神8-1-1","35.392338","139.366104","2024-02-01","","https://www.post.japanpost.jp/kitte_hagaki/stamp/fuke//detail.php?id=1850","https://www.post.japanpost.jp/kitte_hagaki/stamp/preview/img/fuke/./4_20231213132907_thum.png"
"1851","若菜郵便局","北海道","〒068-0425 北海道夕張市若菜9-3","北海道夕張市若菜9-3","43.026405","141.971237","2025-04-01","","https://www.post.japanpost.jp/kitte_hagaki/stamp/fuke//detail.php?id=1851","https://www.post.japanpost.jp/kitte_hagaki/stamp/preview/img/fuke/./1_20231219200746_thum.jpg"
"1854","大屋駅郵便局","長野県","〒386-0152 長野県長野県上田市大屋414-2","長野県長野県上田市大屋414-2","36.648537","138.194824","2024-02-26","","https://www.post.japanpost.jp/kitte_hagaki/stamp/fuke//detail.php?id=1854","https://www.post.japanpost.jp/kitte_hagaki/stamp/preview/img/fuke/./6_20240115101554_thum.jpg"
"1858","グリーンファーム館山内郵便局","千葉県","〒294-0012 千葉県館山市稲270-1","千葉県館山市稲270-1","34.991074","139.907959","2024-01-29","","https://www.post.japanpost.jp/kitte_hagaki/stamp/fuke//detail.php?id=1858","https://www.post.japanpost.jp/kitte_hagaki/stamp/preview/img/fuke/./3_20240105124903_thum.png"
"1859","美田郵便局","島根県","〒684-0303 島根県隠岐郡西ノ島町美田283-31","島根県隠岐郡西ノ島町美田283-31","36.098858","133.029358","2024-02-05","","https://www.post.japanpost.jp/kitte_hagaki/stamp/fuke//detail.php?id=1859","https://www.post.japanpost.jp/kitte_hagaki/stamp/preview/img/fuke/./10_20240116152509_thum.jpg"
"1860","金子郵便局","埼玉県","〒358-0045 埼玉県入間市寺竹805","埼玉県入間市寺竹805","35.816162","139.333282","2024-02-22","","https://www.post.japanpost.jp/kitte_hagaki/stamp/fuke//detail.php?id=1860","https://www.post.japanpost.jp/kitte_hagaki/stamp/preview/img/fuke/./3_20240124102501_thum.png"
"1861","西武郵便局","埼玉県","〒358-0054 埼玉県入間市野田621-3","埼玉県入間市野田621-3","35.844296","139.353409","2024-02-22","","https://www.post.japanpost.jp/kitte_hagaki/stamp/fuke//detail.php?id=1861","https://www.post.japanpost.jp/kitte_hagaki/stamp/preview/img/fuke/./3_20240124103236_thum.png"
"1862","宮寺郵便局","埼玉県","〒358-0014 埼玉県入間市宮寺525","埼玉県入間市宮寺525","35.79224","139.3815","2024-02-22","","https://www.post.japanpost.jp/kitte_hagaki/stamp/fuke//detail.php?id=1862","https://www.post.japanpost.jp/kitte_hagaki/stamp/preview/img/fuke/./3_20240124103537_thum.png"
"1863","入間下藤沢郵便局","埼玉県","〒358-0011 埼玉県入間市下藤沢1-4-3","埼玉県入間市下藤沢1-4-3","35.82164","139.410782","2024-02-22","","https://www.post.japanpost.jp/kitte_hagaki/stamp/fuke//detail.php?id=1863","https://www.post.japanpost.jp/kitte_hagaki/stamp/preview/img/fuke/./3_20240124103839_thum.png"
"1864","入間黒須郵便局","埼玉県","〒358-0007 埼玉県入間市黒須2-2-1","埼玉県入間市黒須2-2-1","35.845993","139.383591","2024-02-22","","https://www.post.japanpost.jp/kitte_hagaki/stamp/fuke//detail.php?id=1864","https://www.post.japanpost.jp/kitte_hagaki/stamp/preview/img/fuke/./3_20240124104327_thum.png"
"1865","入間新久郵便局","埼玉県","〒358-0031 埼玉県入間市新久641-18","埼玉県入間市新久641-18","35.82402","139.363953","2024-02-22","","https://www.post.japanpost.jp/kitte_hagaki/stamp/fuke//detail.php?id=1865","https://www.post.japanpost.jp/kitte_hagaki/stamp/preview/img/fuke/./3_20240124105013_thum.png"
"1866","入間上藤沢郵便局","埼玉県","〒358-0013 埼玉県入間市上藤沢391-8","埼玉県入間市上藤沢391-8","35.823128","139.40004","2024-02-22","","https://www.post.japanpost.jp/kitte_hagaki/stamp/fuke//detail.php?id=1866","https://www.post.japanpost.jp/kitte_hagaki/stamp/preview/img/fuke/./3_20240124105404_thum.png"
"1867","入間仏子郵便局","埼玉県","〒358-0053 埼玉県入間市仏子912-7","埼玉県入間市仏子912-7","35.838619","139.35788","2024-02-22","","https://www.post.japanpost.jp/kitte_hagaki/stamp/fuke//detail.php?id=1867","https://www.post.japanpost.jp/kitte_hagaki/stamp/preview/img/fuke/./3_20240124105723_thum.png"
"1868","西武入間ぺぺ内郵便局","埼玉県","〒358-0008 埼玉県入間市河原町2-1","埼玉県入間市河原町2-1","35.84132","139.38945","2024-02-22","","https://www.post.japanpost.jp/kitte_hagaki/stamp/fuke//detail.php?id=1868","https://www.post.japanpost.jp/kitte_hagaki/stamp/preview/img/fuke/./3_20240124110102_thum.png"
"1869","入間扇町屋郵便局","埼玉県","〒358-0022 埼玉県入間市扇町屋4-2-23","埼玉県入間市扇町屋4-2-23","35.827724","139.382141","2024-02-22","","https://www.post.japanpost.jp/kitte_hagaki/stamp/fuke//detail.php?id=1869","https://www.post.japanpost.jp/kitte_hagaki/stamp/preview/img/fuke/./3_20240124110334_thum.png"
"1870","入間郵便局","埼玉県","〒358-0023 埼玉県入間市扇台2-1-20","埼玉県入間市扇台2-1-20","35.831787","139.388977","2024-02-22","","https://www.post.japanpost.jp/kitte_hagaki/stamp/fuke//detail.php?id=1870","https://www.post.japanpost.jp/kitte_hagaki/stamp/preview/img/fuke/./3_20240124110653_thum.png"
"1873","小禄宇栄原","沖縄県","〒901-0153 沖縄県那覇市宇栄原4-2-7","沖縄県那覇市宇栄原4-2-7","26.187656","127.668907","2024-02-19","","https://www.post.japanpost.jp/kitte_hagaki/stamp/fuke//detail.php?id=1873","https://www.post.japanpost.jp/kitte_hagaki/stamp/preview/img/fuke/./13_20240201172126_thum.png"
"1876","平良久貝郵便局","沖縄県","〒906-0015 沖縄県宮古島市平良久貝870-1","沖縄県宮古島市平良久貝870-1","24.795536","125.274452","2024-03-11","","https://www.post.japanpost.jp/kitte_hagaki/stamp/fuke//detail.php?id=1876","https://www.post.japanpost.jp/kitte_hagaki/stamp/preview/img/fuke/./13_20240301143848_thum.png"
"1877","平良西里郵便局","沖縄県","〒906-0012 沖縄県宮古島市平良西里142","沖縄県宮古島市平良西里142","24.804998","125.279099","2024-03-11","","https://www.post.japanpost.jp/kitte_hagaki/stamp/fuke//detail.php?id=1877","https://www.post.japanpost.jp/kitte_hagaki/stamp/preview/img/fuke/./13_20240301143821_thum.png"
"1878","佐良浜郵便局","沖縄県","〒906-0501 沖縄県宮古島市伊良部字前里添646-1","沖縄県宮古島市伊良部字前里添646-1","24.835268","125.186043","2024-03-11","","https://www.post.japanpost.jp/kitte_hagaki/stamp/fuke//detail.php?id=1878","https://www.post.japanpost.jp/kitte_hagaki/stamp/preview/img/fuke/./13_20240301143743_thum.png"
"1881","呉天応郵便局","広島県","〒737-0874 広島県広島県呉市天応南町5-26","広島県広島県呉市天応南町5-26","34.385277","132.455276","2024-03-08","","https://www.post.japanpost.jp/kitte_hagaki/stamp/fuke//detail.php?id=1881","https://www.post.japanpost.jp/kitte_hagaki/stamp/preview/img/fuke/./10_20240227131228_thum.png"
"1882","伊東玖須美郵便局","静岡県","〒414-0026 静岡県伊東市竹の台5-28","静岡県伊東市竹の台5-28","34.966656","139.09877","2024-03-11","","https://www.post.japanpost.jp/kitte_hagaki/stamp/fuke//detail.php?id=1882","https://www.post.japanpost.jp/kitte_hagaki/stamp/preview/img/fuke/./8_20240227153206_thum.png"
"1884","高岡守山郵便局","富山県","〒933-0986 富山県高岡市西海老坂２９２","富山県高岡市西海老坂２９２","36.780476","136.995209","2024-03-25","","https://www.post.japanpost.jp/kitte_hagaki/stamp/fuke//detail.php?id=1884","https://www.post.japanpost.jp/kitte_hagaki/stamp/preview/img/fuke/./7_20240228151755_thum.jpg"
"1888","名古屋中日ビル内郵便局","愛知県","〒460-0008 愛知県名古屋市中区栄4-1-1","愛知県名古屋市中区栄4-1-1","35.168846","136.909363","2024-03-25","","https://www.post.japanpost.jp/kitte_hagaki/stamp/fuke//detail.php?id=1888","https://www.post.japanpost.jp/kitte_hagaki/stamp/preview/img/fuke/./8_20240305133714_thum.png"
"1890","竹田簡易郵便局","福井県","〒910-0203 福井県坂井市丸岡町山口第５６号２４－１","福井県坂井市丸岡町山口第５６号２４－１","36.148796","136.388306","2024-04-01","","https://www.post.japanpost.jp/kitte_hagaki/stamp/fuke//detail.php?id=1890","https://www.post.japanpost.jp/kitte_hagaki/stamp/preview/img/fuke/./7_20240313170215_thum.jpg"
"1891","芦見簡易郵便局","福井県","〒910-2203 福井県福井市西中町３－９－１","福井県福井市西中町３－９－１","36.032185","136.409561","2024-04-01","","https://www.post.japanpost.jp/kitte_hagaki/stamp/fuke//detail.php?id=1891","https://www.post.japanpost.jp/kitte_hagaki/stamp/preview/img/fuke/./7_20240313170449_thum.jpg"
"1892","鳴鹿簡易郵便局","福井県","〒910-0337 福井県坂井市丸岡町新鳴鹿３－１００","福井県坂井市丸岡町新鳴鹿３－１００","36.107925","136.297989","2024-04-01","","https://www.post.japanpost.jp/kitte_hagaki/stamp/fuke//detail.php?id=1892","https://www.post.japanpost.jp/kitte_hagaki/stamp/preview/img/fuke/./7_20240313170948_thum.jpg"
"1893","新横江簡易郵便局","福井県","〒916-0043 福井県鯖江市定次町２-２４","福井県鯖江市定次町２-２４","35.938019","136.196396","2024-04-01","","https://www.post.japanpost.jp/kitte_hagaki/stamp/fuke//detail.php?id=1893","https://www.post.japanpost.jp/kitte_hagaki/stamp/preview/img/fuke/./7_20240313171457_thum.jpg"
"1894","六呂師高原簡易郵便局","福井県","〒912-0131 福井県大野市南六呂師第３９号１－２","福井県大野市南六呂師第３９号１－２","36.022434","136.598022","2024-04-01","","https://www.post.japanpost.jp/kitte_hagaki/stamp/fuke//detail.php?id=1894","https://www.post.japanpost.jp/kitte_hagaki/stamp/preview/img/fuke/./7_20240313172047_thum.jpg"
"1897","名古屋池下郵便局","愛知県","〒464-0067 愛知県名古屋市千種区池下1-10-2","愛知県名古屋市千種区池下1-10-2","35.168255","136.943909","2024-04-01","","https://www.post.japanpost.jp/kitte_hagaki/stamp/fuke//detail.php?id=1897","https://www.post.japanpost.jp/kitte_hagaki/stamp/preview/img/fuke/./8_20240318161324_thum.png"
"1898","石川郵便局","福島県","〒963-7899 福島県石川郡石川町字南町１４","福島県石川郡石川町字南町１４","37.145477","140.454056","2024-04-27","","https://www.post.japanpost.jp/kitte_hagaki/stamp/fuke//detail.php?id=1898","https://www.post.japanpost.jp/kitte_hagaki/stamp/preview/img/fuke/./2_20240322094513_thum.jpg"
"1899","晴海西郵便局","東京都","〒104-0053 東京都中央区晴海5‐5‐5","東京都中央区晴海5‐5‐5","35.649662","139.777939","2024-04-15","","https://www.post.japanpost.jp/kitte_hagaki/stamp/fuke//detail.php?id=1899","https://www.post.japanpost.jp/kitte_hagaki/stamp/preview/img/fuke/./5_20240325140650_thum.jpg"
"1902","富士駅前郵便局","静岡県","〒416-0923 静岡県富士市横割本町1-1 ソシエルふじ 1階","静岡県富士市横割本町1-1 ソシエルふじ 1階","35.150612","138.650818","2024-04-22","","https://www.post.japanpost.jp/kitte_hagaki/stamp/fuke//detail.php?id=1902","https://www.post.japanpost.jp/kitte_hagaki/stamp/preview/img/fuke/./8_20240328133649_thum.png"
"1906","さっぽろ東急百貨店内郵便局","北海道","〒060-8619 北海道北海道札幌市中央区北四条西２丁目１","北海道北海道札幌市中央区北四条西２丁目１","43.802906","143.894684","2024-04-26","","https://www.post.japanpost.jp/kitte_hagaki/stamp/fuke//detail.php?id=1906","https://www.post.japanpost.jp/kitte_hagaki/stamp/preview/img/fuke/./1_20240405161703_thum.png"
"1909","伊参簡易郵便局","群馬県","〒377-0432 群馬県吾妻郡中之条町大字五反田3534-22","群馬県吾妻郡中之条町大字五反田3534-22","36.619289","138.821579","2024-05-01","","https://www.post.japanpost.jp/kitte_hagaki/stamp/fuke//detail.php?id=1909","https://www.post.japanpost.jp/kitte_hagaki/stamp/preview/img/fuke/./3_20240411133731_thum.jpg"
"1915","北上郵便局","岩手県","〒024-8799 岩手県北上市大通り3-6-1","岩手県北上市大通り3-6-1","39.283615","141.1138","2024-06-06","","https://www.post.japanpost.jp/kitte_hagaki/stamp/fuke//detail.php?id=1915","https://www.post.japanpost.jp/kitte_hagaki/stamp/preview/img/fuke/./2_20240513164346_thum.jpg"
"1916","阿倍野文の里駅前郵便局","大阪府","〒545-0004 大阪府大阪市阿倍野区文の里１－７－４１","大阪府大阪市阿倍野区文の里１－７－４１","34.637131","135.518677","2024-05-27","","https://www.post.japanpost.jp/kitte_hagaki/stamp/fuke//detail.php?id=1916","https://www.post.japanpost.jp/kitte_hagaki/stamp/preview/img/fuke/./9_20240515151305_thum.jpg"
"1923","焼山郵便局","青森県","〒034-0301 青森県十和田市奥瀬栃久保１１","青森県十和田市奥瀬栃久保１１","40.571651","141.03363","2024-06-20","","https://www.post.japanpost.jp/kitte_hagaki/stamp/fuke//detail.php?id=1923","https://www.post.japanpost.jp/kitte_hagaki/stamp/preview/img/fuke/./2_20240604122759_thum.jpg"
"1926","町屋郵便局","茨城県","〒311-0399 茨城県常陸太田市町屋町1236-1","茨城県常陸太田市町屋町1236-1","36.608288","140.561966","2024-07-01","","https://www.post.japanpost.jp/kitte_hagaki/stamp/fuke//detail.php?id=1926","https://www.post.japanpost.jp/kitte_hagaki/stamp/preview/img/fuke/./3_20240606103231_thum.png"
"1928","福井北四ツ居郵便局","福井県","〒918-8205 福井県福井市北四ツ居3－11－15","福井県福井市北四ツ居3－11－15","36.069221","136.246429","2024-07-01","","https://www.post.japanpost.jp/kitte_hagaki/stamp/fuke//detail.php?id=1928","https://www.post.japanpost.jp/kitte_hagaki/stamp/preview/img/fuke/./7_20240610135934_thum.gif"
"1933","安房勝山駅郵便局","千葉県","〒299-2199 千葉県安房郡鋸南町竜島835-3","千葉県安房郡鋸南町竜島835-3","35.115826","139.834396","2024-07-16","","https://www.post.japanpost.jp/kitte_hagaki/stamp/fuke//detail.php?id=1933","https://www.post.japanpost.jp/kitte_hagaki/stamp/preview/img/fuke/./3_20240620120629_thum.png"
"1936","藤吾郵便局","山形県","〒999-3234 山形県上山市藤吾原1448－1","山形県上山市藤吾原1448－1","38.128769","140.269272","2024-08-01","","https://www.post.japanpost.jp/kitte_hagaki/stamp/fuke//detail.php?id=1936","https://www.post.japanpost.jp/kitte_hagaki/stamp/preview/img/fuke/./2_20240705132351_thum.jpg"
"1937","半郷郵便局","山形県","〒990-2305 山形県山形市蔵王半郷戸苅田307－21","山形県山形市蔵王半郷戸苅田307－21","38.187584","140.325256","2024-08-01","","https://www.post.japanpost.jp/kitte_hagaki/stamp/fuke//detail.php?id=1937","https://www.post.japanpost.jp/kitte_hagaki/stamp/preview/img/fuke/./2_20240705132822_thum.jpg"
"1938","宮生郵便局","山形県","〒999-3201 山形県上山市宮脇385－1","山形県上山市宮脇385－1","38.133228","140.293106","2024-08-01","","https://www.post.japanpost.jp/kitte_hagaki/stamp/fuke//detail.php?id=1938","https://www.post.japanpost.jp/kitte_hagaki/stamp/preview/img/fuke/./2_20240705133059_thum.jpg"
"1941","田原郵便局","和歌山県","〒649-4112 和歌山県東牟婁郡串本町田原４２６","和歌山県東牟婁郡串本町田原４２６","33.540421","135.873093","2024-08-01","","https://www.post.japanpost.jp/kitte_hagaki/stamp/fuke//detail.php?id=1941","https://www.post.japanpost.jp/kitte_hagaki/stamp/preview/img/fuke/./9_20240719174003_thum.png"
"1942","名古屋振甫郵便局","愛知県","〒464-0072 愛知県名古屋市千種区振甫町2-25-8","愛知県名古屋市千種区振甫町2-25-8","35.174152","136.950333","2024-08-01","","https://www.post.japanpost.jp/kitte_hagaki/stamp/fuke//detail.php?id=1942","https://www.post.japanpost.jp/kitte_hagaki/stamp/preview/img/fuke/./8_20240719183315_thum.png"
"1944","釧路桜ヶ岡郵便局","北海道","〒085-0805 北海道北海道釧路市桜ケ岡4-3-32","北海道北海道釧路市桜ケ岡4-3-32","43.802906","143.894684","2024-08-09","","https://www.post.japanpost.jp/kitte_hagaki/stamp/fuke//detail.php?id=1944","https://www.post.japanpost.jp/kitte_hagaki/stamp/preview/img/fuke/./1_20240801160359_thum.png"
"1945","釧路桜ヶ岡五郵便局","北海道","〒085-0805 北海道北海道釧路市桜ケ岡5-10-17","北海道北海道釧路市桜ケ岡5-10-17","43.802906","143.894684","2024-08-09","","https://www.post.japanpost.jp/kitte_hagaki/stamp/fuke//detail.php?id=1945","https://www.post.japanpost.jp/kitte_hagaki/stamp/preview/img/fuke/./1_20240801161441_thum.png"
"1947","水沢大町郵便局","岩手県","〒023-0045 岩手県奥州市水沢大町20","岩手県奥州市水沢大町20","39.143806","141.143311","2024-09-02","","https://www.post.japanpost.jp/kitte_hagaki/stamp/fuke//detail.php?id=1947","https://www.post.japanpost.jp/kitte_hagaki/stamp/preview/img/fuke/./2_20240805112319_thum.jpg"
"1948","函館時任郵便局","北海道","〒040-0012 北海道北海道函館市時任町23-8","北海道北海道函館市時任町23-8","43.802906","143.894684","2025-06-09","","https://www.post.japanpost.jp/kitte_hagaki/stamp/fuke//detail.php?id=1948","https://www.post.japanpost.jp/kitte_hagaki/stamp/preview/img/fuke/./1_20250522180411_thum.png"
"1952","亀戸駅前郵便局","東京都","〒136-0071 東京都江東区亀戸5-1-1 アトレ亀戸5F","東京都江東区亀戸5-1-1 アトレ亀戸5F","35.697639","139.825806","2024-09-17","","https://www.post.japanpost.jp/kitte_hagaki/stamp/fuke//detail.php?id=1952","https://www.post.japanpost.jp/kitte_hagaki/stamp/preview/img/fuke/./5_20240827133130_thum.jpg"
"1953","広島矢野東郵便局","広島県","〒736-0085 広島県広島市安芸区矢野西7-2-2","広島県広島市安芸区矢野西7-2-2","34.345551","132.53801","2024-09-17","","https://www.post.japanpost.jp/kitte_hagaki/stamp/fuke//detail.php?id=1953","https://www.post.japanpost.jp/kitte_hagaki/stamp/preview/img/fuke/./10_20240902170519_thum.png"
"1954","御荘郵便局","愛媛県","〒798-4199 愛媛県南宇和郡愛南町御荘平城2283","愛媛県南宇和郡愛南町御荘平城2283","32.963493","132.56308","2008-05-20","","https://www.post.japanpost.jp/kitte_hagaki/stamp/fuke//detail.php?id=1954","https://www.post.japanpost.jp/kitte_hagaki/stamp/preview/img/fuke/./11_20240906100526_thum.jpg"
"1955","千早簡易郵便局","大阪府","〒585-0051 大阪府南河内郡千早赤阪村千早２３５","大阪府南河内郡千早赤阪村千早２３５","34.418232","135.646667","2024-09-30","","https://www.post.japanpost.jp/kitte_hagaki/stamp/fuke//detail.php?id=1955","https://www.post.japanpost.jp/kitte_hagaki/stamp/preview/img/fuke/./9_20240913175104_thum.png"
"1958","京田辺駅前郵便局","京都府","〒610-0334 京都府京田辺市田辺中央5-2-1 アル・プラザ京田辺1階","京都府京田辺市田辺中央5-2-1 アル・プラザ京田辺1階","34.821999","135.768936","2024-10-21","","https://www.post.japanpost.jp/kitte_hagaki/stamp/fuke//detail.php?id=1958","https://www.post.japanpost.jp/kitte_hagaki/stamp/preview/img/fuke/./9_20240925150018_thum.png"
"1959","膝折郵便局","埼玉県","〒351-0014 埼玉県朝霞市膝折町2-3-44","埼玉県朝霞市膝折町2-3-44","35.793095","139.582352","2024-10-25","","https://www.post.japanpost.jp/kitte_hagaki/stamp/fuke//detail.php?id=1959","https://www.post.japanpost.jp/kitte_hagaki/stamp/preview/img/fuke/./3_20241003125429_thum.png"
"1965","湯田上郵便局","新潟県","〒959-1502 新潟県南蒲原郡田上町田上丙649-20","新潟県南蒲原郡田上町田上丙649-20","37.708984","139.074142","2024-11-28","","https://www.post.japanpost.jp/kitte_hagaki/stamp/fuke//detail.php?id=1965","https://www.post.japanpost.jp/kitte_hagaki/stamp/preview/img/fuke/./6_20241112140607_thum.jpg"
"2845","八戸日計郵便局","青森県","〒039-1169 青森県八戸市日計４－１－６","青森県八戸市日計４－１－６","40.540947","141.478363","2014-11-25","","https://www.post.japanpost.jp/kitte_hagaki/stamp/fuke//detail.php?id=2845","https://www.post.japanpost.jp/kitte_hagaki/stamp/preview/img/fuke/./2_2024842510_thum.jpg"
"3002","釜石平田郵便局","岩手県","〒026-0005 岩手県釜石市平田町１－２０５","岩手県釜石市平田町１－２０５","39.239269","141.891556","2011-10-26","","https://www.post.japanpost.jp/kitte_hagaki/stamp/fuke//detail.php?id=3002","https://www.post.japanpost.jp/kitte_hagaki/stamp/preview/img/fuke/./2_2024832660_thum.jpg"
"3010","吉里吉里郵便局","岩手県","〒028-1101 岩手県上閉伊郡大槌町吉里吉里1-8-16","岩手県上閉伊郡大槌町吉里吉里1-8-16","39.368866","141.941193","2011-10-24","","https://www.post.japanpost.jp/kitte_hagaki/stamp/fuke//detail.php?id=3010","https://www.post.japanpost.jp/kitte_hagaki/stamp/preview/img/fuke/./2_2024832370_thum.jpg"
"3020","田老郵便局","岩手県","〒027-0307 岩手県宮古市田老一丁目9-1","岩手県宮古市田老一丁目9-1","39.735699","141.968582","2011-10-05","","https://www.post.japanpost.jp/kitte_hagaki/stamp/fuke//detail.php?id=3020","https://www.post.japanpost.jp/kitte_hagaki/stamp/preview/img/fuke/./2_2024830480_thum.jpg"
"3090","八重畑郵便局","岩手県","〒028-3131 岩手県花巻市石鳥谷町猪鼻１１－６－１０","岩手県花巻市石鳥谷町猪鼻１１－６－１０","39.446381","141.185669","2006-01-27","","https://www.post.japanpost.jp/kitte_hagaki/stamp/fuke//detail.php?id=3090","https://www.post.japanpost.jp/kitte_hagaki/stamp/preview/img/fuke/./2_2024831930_thum.jpg"
"3128","三陸郵便局","岩手県","〒022-0101 岩手県大船渡市三陸町越喜来所通２７－１７","岩手県大船渡市三陸町越喜来所通２７－１７","39.116478","141.796371","2011-10-26","","https://www.post.japanpost.jp/kitte_hagaki/stamp/fuke//detail.php?id=3128","https://www.post.japanpost.jp/kitte_hagaki/stamp/preview/img/fuke/./2_2024831450_thum.jpg"
"3138","竹駒郵便局","岩手県","〒029-2203 岩手県陸前高田市竹駒町字滝の里２４－１","岩手県陸前高田市竹駒町字滝の里２４－１","39.032063","141.620056","2011-10-05","","https://www.post.japanpost.jp/kitte_hagaki/stamp/fuke//detail.php?id=3138","https://www.post.japanpost.jp/kitte_hagaki/stamp/preview/img/fuke/./2_2024832490_thum.jpg"
"3225","佐沼郵便局","宮城県","〒987-0599 宮城県登米市迫町佐沼中江３－１－１１","宮城県登米市迫町佐沼中江３－１－１１","38.688194","141.191895","2007-08-02","","https://www.post.japanpost.jp/kitte_hagaki/stamp/fuke//detail.php?id=3225","https://www.post.japanpost.jp/kitte_hagaki/stamp/preview/img/fuke/./2_2024810120_thum.jpg"
"3240","仙台中央三郵便局","宮城県","〒980-0021 宮城県仙台市青葉区中央３－４－２５","宮城県仙台市青葉区中央３－４－２５","38.259502","140.876389","2008-12-15","","https://www.post.japanpost.jp/kitte_hagaki/stamp/fuke//detail.php?id=3240","https://www.post.japanpost.jp/kitte_hagaki/stamp/preview/img/fuke/./2_2024812720_thum.jpg"
"3262","仙台小田原郵便局","宮城県","〒983-0803 宮城県仙台市宮城野区小田原１－７－１６","宮城県仙台市宮城野区小田原１－７－１６","38.26532","140.891129","2008-10-01","","https://www.post.japanpost.jp/kitte_hagaki/stamp/fuke//detail.php?id=3262","https://www.post.japanpost.jp/kitte_hagaki/stamp/preview/img/fuke/./2_2024812160_thum.jpg"
"3265","仙台榴ケ岡郵便局","宮城県","〒983-0046 宮城県仙台市宮城野区西宮城野１１－３","宮城県仙台市宮城野区西宮城野１１－３","38.256943","140.896378","2011-08-01","","https://www.post.japanpost.jp/kitte_hagaki/stamp/fuke//detail.php?id=3265","https://www.post.japanpost.jp/kitte_hagaki/stamp/preview/img/fuke/./2_2024812790_thum.jpg"
"3272","仙台鶴ケ谷郵便局","宮城県","〒983-0824 宮城県仙台市宮城野区鶴ケ谷２－１－１５","宮城県仙台市宮城野区鶴ケ谷２－１－１５","38.286835","140.913986","2010-04-16","","https://www.post.japanpost.jp/kitte_hagaki/stamp/fuke//detail.php?id=3272","https://www.post.japanpost.jp/kitte_hagaki/stamp/preview/img/fuke/./2_2024813190_thum.jpg"
"3299","松島海岸郵便局","宮城県","〒981-0213 宮城県宮城郡松島町松島普賢堂５２－３","宮城県宮城郡松島町松島普賢堂５２－３","38.372971","141.066299","2011-06-21","","https://www.post.japanpost.jp/kitte_hagaki/stamp/fuke//detail.php?id=3299","https://www.post.japanpost.jp/kitte_hagaki/stamp/preview/img/fuke/./2_2024811470_thum.jpg"
"3303","吉田浜郵便局","宮城県","〒985-0803 宮城県宮城郡七ヶ浜町花渕浜大山１－２０４","宮城県宮城郡七ヶ浜町花渕浜大山１－２０４","38.300156","141.068497","2011-11-15","","https://www.post.japanpost.jp/kitte_hagaki/stamp/fuke//detail.php?id=3303","https://www.post.japanpost.jp/kitte_hagaki/stamp/preview/img/fuke/./2_2024811840_thum.jpg"
"3310","石巻中央一郵便局","宮城県","〒986-0822 宮城県石巻市中央１－９－７","宮城県石巻市中央１－９－７","38.42881","141.306259","2011-10-04","","https://www.post.japanpost.jp/kitte_hagaki/stamp/fuke//detail.php?id=3310","https://www.post.japanpost.jp/kitte_hagaki/stamp/preview/img/fuke/./2_2024813310_thum.jpg"
"3322","鮎川郵便局","宮城県","〒986-2523 宮城県石巻市鮎川浜湊川６８－８","宮城県石巻市鮎川浜湊川６８－８","38.297394","141.508667","2011-10-24","","https://www.post.japanpost.jp/kitte_hagaki/stamp/fuke//detail.php?id=3322","https://www.post.japanpost.jp/kitte_hagaki/stamp/preview/img/fuke/./2_2024810530_thum.jpg"
"3348","宮郵便局","宮城県","〒989-0799 宮城県刈田郡蔵王町宮馬場１７－２","宮城県刈田郡蔵王町宮馬場１７－２","38.049156","140.653976","2011-02-01","","https://www.post.japanpost.jp/kitte_hagaki/stamp/fuke//detail.php?id=3348","https://www.post.japanpost.jp/kitte_hagaki/stamp/preview/img/fuke/./2_2024810640_thum.jpg"
"3361","山元郵便局","宮城県","〒989-2299 宮城県亘理郡山元町山寺山下３９－２","宮城県亘理郡山元町山寺山下３９－２","37.967361","140.87851","2008-02-01","","https://www.post.japanpost.jp/kitte_hagaki/stamp/fuke//detail.php?id=3361","https://www.post.japanpost.jp/kitte_hagaki/stamp/preview/img/fuke/./2_2024810660_thum.jpg"
"3366","下野郷郵便局","宮城県","〒989-2421 宮城県岩沼市下野郷北長沼４","宮城県岩沼市下野郷北長沼４","38.133633","140.915359","2009-01-23","","https://www.post.japanpost.jp/kitte_hagaki/stamp/fuke//detail.php?id=3366","https://www.post.japanpost.jp/kitte_hagaki/stamp/preview/img/fuke/./2_2024812460_thum.jpg"
"3369","七ヶ宿郵便局","宮城県","〒989-0599 宮城県刈田郡七ヶ宿町関８","宮城県刈田郡七ヶ宿町関８","37.994301","140.442444","2011-04-01","","https://www.post.japanpost.jp/kitte_hagaki/stamp/fuke//detail.php?id=3369","https://www.post.japanpost.jp/kitte_hagaki/stamp/preview/img/fuke/./2_2024810600_thum.jpg"
"3379","涌谷郵便局","宮城県","〒987-0199 宮城県遠田郡涌谷町本町７５","宮城県遠田郡涌谷町本町７５","38.539387","141.131226","2010-05-10","","https://www.post.japanpost.jp/kitte_hagaki/stamp/fuke//detail.php?id=3379","https://www.post.japanpost.jp/kitte_hagaki/stamp/preview/img/fuke/./2_2024810140_thum.jpg"
"3395","小野田郵便局","宮城県","〒981-4399 宮城県加美郡加美町町屋敷一番２４－１","宮城県加美郡加美町町屋敷一番２４－１","38.573547","140.781509","2011-01-20","","https://www.post.japanpost.jp/kitte_hagaki/stamp/fuke//detail.php?id=3395","https://www.post.japanpost.jp/kitte_hagaki/stamp/preview/img/fuke/./2_2024810800_thum.jpg"
"3398","真山郵便局","宮城県","〒989-6401 宮城県大崎市岩出山上真山外道３２－６","宮城県大崎市岩出山上真山外道３２－６","38.6465","140.860336","2008-07-23","","https://www.post.japanpost.jp/kitte_hagaki/stamp/fuke//detail.php?id=3398","https://www.post.japanpost.jp/kitte_hagaki/stamp/preview/img/fuke/./2_2024811860_thum.jpg"
"3408","金成郵便局","宮城県","〒989-5199 宮城県栗原市金成中町１３－２","宮城県栗原市金成中町１３－２","38.81089","141.075073","2008-04-07","","https://www.post.japanpost.jp/kitte_hagaki/stamp/fuke//detail.php?id=3408","https://www.post.japanpost.jp/kitte_hagaki/stamp/preview/img/fuke/./2_2024810200_thum.jpg"
"3416","鷹巣郵便局","秋田県","〒018-3399 秋田県北秋田市住吉町７－３２","秋田県北秋田市住吉町７－３２","40.227634","140.366013","2009-06-01","","https://www.post.japanpost.jp/kitte_hagaki/stamp/fuke//detail.php?id=3416","https://www.post.japanpost.jp/kitte_hagaki/stamp/preview/img/fuke/./2_2024860060_thum.jpg"
"3796","田島郵便局","福島県","〒967-8799 福島県南会津郡南会津町田島後町甲３９７３－４","福島県南会津郡南会津町田島後町甲３９７３－４","37.203236","139.773361","2009-07-31","","https://www.post.japanpost.jp/kitte_hagaki/stamp/fuke//detail.php?id=3796","https://www.post.japanpost.jp/kitte_hagaki/stamp/preview/img/fuke/./2_2024820240_thum.jpg"
"3824","滝根郵便局","福島県","〒963-3699 福島県田村市滝根町神俣関場１０４","福島県田村市滝根町神俣関場１０４","37.322121","140.657455","2009-04-10","","https://www.post.japanpost.jp/kitte_hagaki/stamp/fuke//detail.php?id=3824","https://www.post.japanpost.jp/kitte_hagaki/stamp/preview/img/fuke/./2_2024822180_thum.jpg"
"3858","久ノ浜郵便局","福島県","〒979-0333 福島県いわき市久之浜町久之浜字北町134","福島県いわき市久之浜町久之浜字北町134","37.143448","140.997726","2011-08-29","","https://www.post.japanpost.jp/kitte_hagaki/stamp/fuke//detail.php?id=3858","https://www.post.japanpost.jp/kitte_hagaki/stamp/preview/img/fuke/./2_2024820080_thum.jpg"
"3882","松川港郵便局","福島県","〒976-0022 福島県相馬市尾浜牛鼻毛６６－１","福島県相馬市尾浜牛鼻毛６６－１","37.823566","140.969208","2011-11-04","","https://www.post.japanpost.jp/kitte_hagaki/stamp/fuke//detail.php?id=3882","https://www.post.japanpost.jp/kitte_hagaki/stamp/preview/img/fuke/./2_2024823160_thum.jpg"
"4095","水戸市役所前郵便局","茨城県","〒310-0805 茨城県茨城県水戸市中央２－６－７","茨城県茨城県水戸市中央２－６－７","36.286942","140.424728","2014-07-01","","https://www.post.japanpost.jp/kitte_hagaki/stamp/fuke//detail.php?id=4095","https://www.post.japanpost.jp/kitte_hagaki/stamp/preview/img/fuke/./3_2024064390_thum.jpg"
"4156","八郷郵便局","茨城県","〒315-0116 茨城県茨城県石岡市柿岡２０２６","茨城県茨城県石岡市柿岡２０２６","36.286942","140.424728","2006-10-16","","https://www.post.japanpost.jp/kitte_hagaki/stamp/fuke//detail.php?id=4156","https://www.post.japanpost.jp/kitte_hagaki/stamp/preview/img/fuke/./3_2024060480_thum.jpg"
"4323","田沼郵便局","栃木県","〒327-0312 栃木県栃木県佐野市栃本町２２６４－２","栃木県栃木県佐野市栃本町２２６４－２","36.382435","139.7341","2006-10-23","","https://www.post.japanpost.jp/kitte_hagaki/stamp/fuke//detail.php?id=4323","https://www.post.japanpost.jp/kitte_hagaki/stamp/preview/img/fuke/./3_2024070170_thum.jpg"
"4366","伊香保郵便局","群馬県","〒377-0199 群馬県群馬県渋川市伊香保町伊香保３３６－１３","群馬県群馬県渋川市伊香保町伊香保３３６－１３","36.39069","139.060455","2006-07-01","","https://www.post.japanpost.jp/kitte_hagaki/stamp/fuke//detail.php?id=4366","https://www.post.japanpost.jp/kitte_hagaki/stamp/preview/img/fuke/./3_2024040210_thum.jpg"
"4431","白岡郵便局","埼玉県","〒349-0215 埼玉県埼玉県白岡市千駄野９４１－１","埼玉県埼玉県白岡市千駄野９４１－１","35.857033","139.649017","2006-03-27","","https://www.post.japanpost.jp/kitte_hagaki/stamp/fuke//detail.php?id=4431","https://www.post.japanpost.jp/kitte_hagaki/stamp/preview/img/fuke/./3_2024030780_thum.jpg"
"4432","蓮田黒浜郵便局","埼玉県","〒349-0101 埼玉県埼玉県蓮田市黒浜４７４８－２８","埼玉県埼玉県蓮田市黒浜４７４８－２８","35.857033","139.649017","2006-02-23","","https://www.post.japanpost.jp/kitte_hagaki/stamp/fuke//detail.php?id=4432","https://www.post.japanpost.jp/kitte_hagaki/stamp/preview/img/fuke/./3_2024032510_thum.jpg"
"4482","美園郵便局","埼玉県","〒336-0963 埼玉県埼玉県さいたま市緑区大門１４３８－１","埼玉県埼玉県さいたま市緑区大門１４３８－１","35.857033","139.649017","2013-08-06","","https://www.post.japanpost.jp/kitte_hagaki/stamp/fuke//detail.php?id=4482","https://www.post.japanpost.jp/kitte_hagaki/stamp/preview/img/fuke/./3_2024030560_thum.jpg"
"4522","妻沼郵便局","埼玉県","〒360-0204 埼玉県埼玉県熊谷市妻沼中央３－３","埼玉県埼玉県熊谷市妻沼中央３－３","35.857033","139.649017","2006-09-11","","https://www.post.japanpost.jp/kitte_hagaki/stamp/fuke//detail.php?id=4522","https://www.post.japanpost.jp/kitte_hagaki/stamp/preview/img/fuke/./3_2024030330_thum.jpg"
"4642","土気郵便局","千葉県","〒267-0053 千葉県千葉県千葉市緑区高津戸町８９－６","千葉県千葉県千葉市緑区高津戸町８９－６","35.607037","140.106064","2006-09-11","","https://www.post.japanpost.jp/kitte_hagaki/stamp/fuke//detail.php?id=4642","https://www.post.japanpost.jp/kitte_hagaki/stamp/preview/img/fuke/./3_2024051910_thum.jpg"
"4917","袖ケ浦郵便局","千葉県","〒299-0299 千葉県千葉県袖ケ浦市福王台２－２－８","千葉県千葉県袖ケ浦市福王台２－２－８","35.607037","140.106064","2007-10-01","","https://www.post.japanpost.jp/kitte_hagaki/stamp/fuke//detail.php?id=4917","https://www.post.japanpost.jp/kitte_hagaki/stamp/preview/img/fuke/./3_2024050650_thum.jpg"
"4921","鎌ケ谷郵便局","千葉県","〒273-0199 千葉県千葉県鎌ケ谷市右京塚１３－２６","千葉県千葉県鎌ケ谷市右京塚１３－２６","35.607037","140.106064","2007-10-01","","https://www.post.japanpost.jp/kitte_hagaki/stamp/fuke//detail.php?id=4921","https://www.post.japanpost.jp/kitte_hagaki/stamp/preview/img/fuke/./3_2024050830_thum.jpg"
"4946","那珂郵便局","茨城県","〒311-0199 茨城県茨城県那珂市菅谷１６７－７","茨城県茨城県那珂市菅谷１６７－７","36.286942","140.424728","2012-10-01","","https://www.post.japanpost.jp/kitte_hagaki/stamp/fuke//detail.php?id=4946","https://www.post.japanpost.jp/kitte_hagaki/stamp/preview/img/fuke/./3_2024060200_thum.jpg"
"4993","日光東郵便局","栃木県","〒321-1299 栃木県栃木県日光市轟１１９５－４","栃木県栃木県日光市轟１１９５－４","36.382435","139.7341","2012-10-01","","https://www.post.japanpost.jp/kitte_hagaki/stamp/fuke//detail.php?id=4993","https://www.post.japanpost.jp/kitte_hagaki/stamp/preview/img/fuke/./3_2024073270_thum.jpg"
"4994","銀座郵便局","東京都","〒100-8799 東京都中央区銀座８-２０-２６","東京都中央区銀座８-２０-２６","35.664875","139.763565","2012-10-01","","https://www.post.japanpost.jp/kitte_hagaki/stamp/fuke//detail.php?id=4994","https://www.post.japanpost.jp/kitte_hagaki/stamp/preview/img/fuke/./5_2024010160_thum.jpg"
"4996","神田郵便局","東京都","〒101-8799 東京都千代田区神田淡路町２-１２","東京都千代田区神田淡路町２-１２","35.697632","139.768799","2015-08-04","","https://www.post.japanpost.jp/kitte_hagaki/stamp/fuke//detail.php?id=4996","https://www.post.japanpost.jp/kitte_hagaki/stamp/preview/img/fuke/./5_2024010080_thum.jpg"
"4999","晴海郵便局","東京都","〒104-8799 東京都中央区晴海４-６-２６","東京都中央区晴海４-６-２６","35.653843","139.78006","2012-10-01","","https://www.post.japanpost.jp/kitte_hagaki/stamp/fuke//detail.php?id=4999","https://www.post.japanpost.jp/kitte_hagaki/stamp/preview/img/fuke/./5_2024019524_thum.jpg"
"5011","本所郵便局","東京都","〒130-8799 東京都墨田区太平４-２１-２","東京都墨田区太平４-２１-２","35.70293","139.817749","2012-10-01","","https://www.post.japanpost.jp/kitte_hagaki/stamp/fuke//detail.php?id=5011","https://www.post.japanpost.jp/kitte_hagaki/stamp/preview/img/fuke/./5_2024010010_thum.jpg"
"5028","千歳郵便局","東京都","〒156-8799 東京都世田谷区経堂１-４０-１","東京都世田谷区経堂１-４０-１","35.649063","139.632462","2012-10-01","","https://www.post.japanpost.jp/kitte_hagaki/stamp/fuke//detail.php?id=5028","https://www.post.japanpost.jp/kitte_hagaki/stamp/preview/img/fuke/./5_2024011720_thum.jpg"
"5087","飯田橋郵便局","東京都","〒102-0071 東京都千代田区富士見２－１０－２","東京都千代田区富士見２－１０－２","35.699116","139.744629","2015-06-01","","https://www.post.japanpost.jp/kitte_hagaki/stamp/fuke//detail.php?id=5087","https://www.post.japanpost.jp/kitte_hagaki/stamp/preview/img/fuke/./5_2024002690_thum.jpg"
"5242","湯島四郵便局","東京都","〒113-0034 東京都文京区湯島４－６－１１","東京都文京区湯島４－６－１１","35.708488","139.76825","2006-05-15","","https://www.post.japanpost.jp/kitte_hagaki/stamp/fuke//detail.php?id=5242","https://www.post.japanpost.jp/kitte_hagaki/stamp/preview/img/fuke/./5_2024007810_thum.jpg"
"5378","福生郵便局","東京都","〒197-0022 東京都福生市本町７７－１","東京都福生市本町７７－１","35.739349","139.326157","2007-07-30","","https://www.post.japanpost.jp/kitte_hagaki/stamp/fuke//detail.php?id=5378","https://www.post.japanpost.jp/kitte_hagaki/stamp/preview/img/fuke/./5_2024011190_thum.jpg"
"5478","町田鶴川一郵便局","東京都","〒195-0061 東京都町田市鶴川１－２６－１","東京都町田市鶴川１－２６－１","35.588966","139.478729","2017-10-10","","https://www.post.japanpost.jp/kitte_hagaki/stamp/fuke//detail.php?id=5478","https://www.post.japanpost.jp/kitte_hagaki/stamp/preview/img/fuke/./5_2024005870_thum.jpg"
"5566","神田北神保町郵便局","東京都","〒101-0051 東京都千代田区神田神保町２－２","東京都千代田区神田神保町２－２","35.696217","139.757339","2017-03-09","","https://www.post.japanpost.jp/kitte_hagaki/stamp/fuke//detail.php?id=5566","https://www.post.japanpost.jp/kitte_hagaki/stamp/preview/img/fuke/./5_2024010770_thum.jpg"
"5729","川崎南町郵便局","神奈川県","〒210-0015 神奈川県川崎市川崎区南町４－２","神奈川県川崎市川崎区南町４－２","35.526634","139.699463","2016-09-20","","https://www.post.japanpost.jp/kitte_hagaki/stamp/fuke//detail.php?id=5729","https://www.post.japanpost.jp/kitte_hagaki/stamp/preview/img/fuke/./4_2024023810_thum.jpg"
"5753","横浜清水橋郵便局","神奈川県","〒234-0055 神奈川県横浜市港南区日野南１－６－１７","神奈川県横浜市港南区日野南１－６－１７","35.380852","139.578156","2014-01-01","","https://www.post.japanpost.jp/kitte_hagaki/stamp/fuke//detail.php?id=5753","https://www.post.japanpost.jp/kitte_hagaki/stamp/preview/img/fuke/./4_2024090080_thum.jpg"
"5756","横浜港南台東郵便局","神奈川県","〒234-0054 神奈川県横浜市港南区港南台７－１６－２４","神奈川県横浜市港南区港南台７－１６－２４","35.371624","139.58757","2014-04-01","","https://www.post.japanpost.jp/kitte_hagaki/stamp/fuke//detail.php?id=5756","https://www.post.japanpost.jp/kitte_hagaki/stamp/preview/img/fuke/./4_2024026930_thum.jpg"
"5757","横浜野庭郵便局","神奈川県","〒234-0056 神奈川県横浜市港南区野庭町６１４","神奈川県横浜市港南区野庭町６１４","35.390972","139.570084","2014-04-01","","https://www.post.japanpost.jp/kitte_hagaki/stamp/fuke//detail.php?id=5757","https://www.post.japanpost.jp/kitte_hagaki/stamp/preview/img/fuke/./4_2024026130_thum.jpg"
"5758","横浜日限山郵便局","神奈川県","〒233-0015 神奈川県横浜市港南区日限山４－１１－５","神奈川県横浜市港南区日限山４－１１－５","35.389801","139.560074","2014-04-01","","https://www.post.japanpost.jp/kitte_hagaki/stamp/fuke//detail.php?id=5758","https://www.post.japanpost.jp/kitte_hagaki/stamp/preview/img/fuke/./4_2024026250_thum.jpg"
"5760","横浜西港南台郵便局","神奈川県","〒233-0016 神奈川県横浜市港南区下永谷５－３１－８","神奈川県横浜市港南区下永谷５－３１－８","35.410736","139.554581","2014-04-01","","https://www.post.japanpost.jp/kitte_hagaki/stamp/fuke//detail.php?id=5760","https://www.post.japanpost.jp/kitte_hagaki/stamp/preview/img/fuke/./4_2024026010_thum.jpg"
"5761","横浜日野南郵便局","神奈川県","〒234-0055 神奈川県横浜市港南区日野南６－４３－５","神奈川県横浜市港南区日野南６－４３－５","35.377449","139.561996","2009-05-07","","https://www.post.japanpost.jp/kitte_hagaki/stamp/fuke//detail.php?id=5761","https://www.post.japanpost.jp/kitte_hagaki/stamp/preview/img/fuke/./4_2024021990_thum.jpg"
"5762","横浜丸山台郵便局","神奈川県","〒233-0013 神奈川県神奈川県横浜市港南区丸山台３－２２－５","神奈川県神奈川県横浜市港南区丸山台３－２２－５","35.447735","139.642532","2014-04-01","","https://www.post.japanpost.jp/kitte_hagaki/stamp/fuke//detail.php?id=5762","https://www.post.japanpost.jp/kitte_hagaki/stamp/preview/img/fuke/./4_2024020120_thum.jpg"
"5850","横浜岩間郵便局","神奈川県","〒240-0004 神奈川県横浜市保土ケ谷区岩間町１－６－８","神奈川県横浜市保土ケ谷区岩間町１－６－８","35.452808","139.602371","2009-05-07","","https://www.post.japanpost.jp/kitte_hagaki/stamp/fuke//detail.php?id=5850","https://www.post.japanpost.jp/kitte_hagaki/stamp/preview/img/fuke/./4_2024022960_thum.jpg"
"5876","韮崎郵便局","山梨県","〒407-8799 山梨県韮崎市中央町５－２２","山梨県韮崎市中央町５－２２","35.708874","138.451172","2014-07-17","","https://www.post.japanpost.jp/kitte_hagaki/stamp/fuke//detail.php?id=5876","https://www.post.japanpost.jp/kitte_hagaki/stamp/preview/img/fuke/./4_2024080050_thum.jpg"
"5982","伊勢浜郷郵便局","三重県","〒516-0018 三重県伊勢市黒瀬町４８８－４","三重県伊勢市黒瀬町４８８－４","34.498219","136.732834","2009-05-15","","https://www.post.japanpost.jp/kitte_hagaki/stamp/fuke//detail.php?id=5982","https://www.post.japanpost.jp/kitte_hagaki/stamp/preview/img/fuke/./8_2024222790_thum.jpg"
"6068","狩留家郵便局","広島県","〒739-1753 広島県広島市安佐北区狩留家町３５４４－４","広島県広島市安佐北区狩留家町３５４４－４","34.483311","132.576675","2024-06-10","","https://www.post.japanpost.jp/kitte_hagaki/stamp/fuke//detail.php?id=6068","https://www.post.japanpost.jp/kitte_hagaki/stamp/preview/img/fuke/./10_2024510980_thum.jpg"
"6162","広島中央郵便局","広島県","〒730-8799 広島県広島市中区国泰寺町１－４－１","広島県広島市中区国泰寺町１－４－１","34.387062","132.455811","2012-10-01","","https://www.post.japanpost.jp/kitte_hagaki/stamp/fuke//detail.php?id=6162","https://www.post.japanpost.jp/kitte_hagaki/stamp/preview/img/fuke/./10_2024512660_thum.jpg"
"6181","広島阿戸郵便局","広島県","〒731-4231 広島県広島市安芸区阿戸町６２０８","広島県広島市安芸区阿戸町６２０８","34.383419","132.621185","2011-09-20","","https://www.post.japanpost.jp/kitte_hagaki/stamp/fuke//detail.php?id=6181","https://www.post.japanpost.jp/kitte_hagaki/stamp/preview/img/fuke/./10_2024512990_thum.jpg"
"6427","湖山郵便局","鳥取県","〒680-0945 鳥取県鳥取市湖山町南１－６３７","鳥取県鳥取市湖山町南１－６３７","35.515804","134.178955","2015-07-23","","https://www.post.japanpost.jp/kitte_hagaki/stamp/fuke//detail.php?id=6427","https://www.post.japanpost.jp/kitte_hagaki/stamp/preview/img/fuke/./10_2024521300_thum.jpg"
"6448","松江中央郵便局","島根県","〒690-8799 島根県松江市東朝日町１３８","島根県松江市東朝日町１３８","35.46545","133.066422","2012-10-01","","https://www.post.japanpost.jp/kitte_hagaki/stamp/fuke//detail.php?id=6448","https://www.post.japanpost.jp/kitte_hagaki/stamp/preview/img/fuke/./10_2024530010_thum.jpg"
"6571","二川郵便局","島根県","〒698-0202 島根県益田市美都町宇津川ロ７１０","島根県益田市美都町宇津川ロ７１０","34.688816","132.030502","2022-11-02","","https://www.post.japanpost.jp/kitte_hagaki/stamp/fuke//detail.php?id=6571","https://www.post.japanpost.jp/kitte_hagaki/stamp/preview/img/fuke/./10_2024531900_thum.jpg"
"6590","江津本町郵便局","島根県","〒695-0011 島根県江津市江津町１４９","島根県江津市江津町１４９","35.009403","132.228348","2009-10-01","","https://www.post.japanpost.jp/kitte_hagaki/stamp/fuke//detail.php?id=6590","https://www.post.japanpost.jp/kitte_hagaki/stamp/preview/img/fuke/./10_2024532340_thum.jpg"
"6605","岡山中央郵便局","岡山県","〒700-8799 岡山県岡山市北区中山下２－１－１","岡山県岡山市北区中山下２－１－１","34.662373","133.926468","2012-10-01","","https://www.post.japanpost.jp/kitte_hagaki/stamp/fuke//detail.php?id=6605","https://www.post.japanpost.jp/kitte_hagaki/stamp/preview/img/fuke/./10_2024540010_thum.jpg"
"6750","大垪和郵便局","岡山県","〒709-3726 岡山県久米郡美咲町大垪和西１０２０－３","岡山県久米郡美咲町大垪和西１０２０－３","34.958153","133.875092","2009-10-01","","https://www.post.japanpost.jp/kitte_hagaki/stamp/fuke//detail.php?id=6750","https://www.post.japanpost.jp/kitte_hagaki/stamp/preview/img/fuke/./10_2024542440_thum.jpg"
"6809","山口中央郵便局","山口県","〒753-8799 山口県山口市中央１－１－１","山口県山口市中央１－１－１","34.176216","131.474182","2012-10-01","","https://www.post.japanpost.jp/kitte_hagaki/stamp/fuke//detail.php?id=6809","https://www.post.japanpost.jp/kitte_hagaki/stamp/preview/img/fuke/./10_2024550010_thum.jpg"
"6817","小郡郵便局","山口県","〒754-8799 山口県山口市小郡下郷６０９－２","山口県山口市小郡下郷６０９－２","34.102661","131.392075","2012-10-01","","https://www.post.japanpost.jp/kitte_hagaki/stamp/fuke//detail.php?id=6817","https://www.post.japanpost.jp/kitte_hagaki/stamp/preview/img/fuke/./10_2024550100_thum.jpg"
"6880","仁保郵便局","山口県","〒753-0302 山口県山口市仁保中郷１０００－１","山口県山口市仁保中郷１０００－１","34.199314","131.576553","2011-11-01","","https://www.post.japanpost.jp/kitte_hagaki/stamp/fuke//detail.php?id=6880","https://www.post.japanpost.jp/kitte_hagaki/stamp/preview/img/fuke/./10_2024550840_thum.jpg"
"6915","岩田郵便局","山口県","〒743-0103 山口県光市岩田１５４－１","山口県光市岩田１５４－１","33.982903","131.994965","2009-11-02","","https://www.post.japanpost.jp/kitte_hagaki/stamp/fuke//detail.php?id=6915","https://www.post.japanpost.jp/kitte_hagaki/stamp/preview/img/fuke/./10_2024551380_thum.jpg"
"6916","山口吉敷郵便局","山口県","〒753-0813 山口県山口市吉敷中東３－２－３８","山口県山口市吉敷中東３－２－３８","34.164711","131.441513","2011-09-01","","https://www.post.japanpost.jp/kitte_hagaki/stamp/fuke//detail.php?id=6916","https://www.post.japanpost.jp/kitte_hagaki/stamp/preview/img/fuke/./10_2024551400_thum.jpg"
"6950","大歳郵便局","山口県","〒753-0861 山口県山口市矢原１４２９－１","山口県山口市矢原１４２９－１","34.150066","131.439468","2011-09-01","","https://www.post.japanpost.jp/kitte_hagaki/stamp/fuke//detail.php?id=6950","https://www.post.japanpost.jp/kitte_hagaki/stamp/preview/img/fuke/./10_2024552090_thum.jpg"
"6975","防府牟礼郵便局","山口県","〒747-0014 山口県防府市江泊１８３４－２","山口県防府市江泊１８３４－２","34.051155","131.60498","2016-01-12","","https://www.post.japanpost.jp/kitte_hagaki/stamp/fuke//detail.php?id=6975","https://www.post.japanpost.jp/kitte_hagaki/stamp/preview/img/fuke/./10_2024552600_thum.jpg"
"6996","麻生郵便局","山口県","〒750-0602 山口県美祢市豊田前町麻生下３１１－５","山口県美祢市豊田前町麻生下３１１－５","34.188755","131.134583","2007-04-01","","https://www.post.japanpost.jp/kitte_hagaki/stamp/fuke//detail.php?id=6996","https://www.post.japanpost.jp/kitte_hagaki/stamp/preview/img/fuke/./10_2024553000_thum.jpg"
"7035","防府牟礼西郵便局","山口県","〒747-0001 山口県防府市岩畠２－４－４３","山口県防府市岩畠２－４－４３","34.060352","131.594009","2016-01-12","","https://www.post.japanpost.jp/kitte_hagaki/stamp/fuke//detail.php?id=7035","https://www.post.japanpost.jp/kitte_hagaki/stamp/preview/img/fuke/./10_2024553770_thum.jpg"
"7076","座間味郵便局","沖縄県","〒901-3402 沖縄県島尻郡座間味村座間味３７１－","沖縄県島尻郡座間味村座間味３７１－","26.230562","127.306168","2007-07-26","","https://www.post.japanpost.jp/kitte_hagaki/stamp/fuke//detail.php?id=7076","https://www.post.japanpost.jp/kitte_hagaki/stamp/preview/img/fuke/./13_2024700500_thum.jpg"
"8980","豊田美山郵便局","愛知県","〒471-0849 愛知県豊田市美山町５－４６－４","愛知県豊田市美山町５－４６－４","35.067005","137.117432","2016-10-01","","https://www.post.japanpost.jp/kitte_hagaki/stamp/fuke//detail.php?id=8980","https://www.post.japanpost.jp/kitte_hagaki/stamp/preview/img/fuke/./8_2024217770_thum.jpg"
"9002","岡崎大和郵便局","愛知県","〒444-0931 愛知県岡崎市大和町家下１７－１","愛知県岡崎市大和町家下１７－１","34.946838","137.127686","2009-05-07","","https://www.post.japanpost.jp/kitte_hagaki/stamp/fuke//detail.php?id=9002","https://www.post.japanpost.jp/kitte_hagaki/stamp/preview/img/fuke/./8_2024216290_thum.jpg"
"9005","岡崎明大寺郵便局","愛知県","〒444-0860 愛知県岡崎市明大寺本町４－５８","愛知県岡崎市明大寺本町４－５８","34.953133","137.165543","2010-10-05","","https://www.post.japanpost.jp/kitte_hagaki/stamp/fuke//detail.php?id=9005","https://www.post.japanpost.jp/kitte_hagaki/stamp/preview/img/fuke/./8_2024214420_thum.jpg"
"9052","幸田深溝郵便局","愛知県","〒444-0124 愛知県額田郡幸田町深溝山脇３－１","愛知県額田郡幸田町深溝山脇３－１","34.83604","137.177597","2009-05-07","","https://www.post.japanpost.jp/kitte_hagaki/stamp/fuke//detail.php?id=9052","https://www.post.japanpost.jp/kitte_hagaki/stamp/preview/img/fuke/./8_2024211800_thum.jpg"
"9191","一宮文京郵便局","愛知県","〒491-0041 愛知県一宮市文京１－１－１８","愛知県一宮市文京１－１－１８","35.311466","136.802155","2013-08-31","","https://www.post.japanpost.jp/kitte_hagaki/stamp/fuke//detail.php?id=9191","https://www.post.japanpost.jp/kitte_hagaki/stamp/preview/img/fuke/./8_2024214300_thum.jpg"
"9272","名古屋三本松郵便局","愛知県","〒456-0032 愛知県名古屋市熱田区三本松町２３","愛知県名古屋市熱田区三本松町２３","35.129257","136.914856","2009-05-07","","https://www.post.japanpost.jp/kitte_hagaki/stamp/fuke//detail.php?id=9272","https://www.post.japanpost.jp/kitte_hagaki/stamp/preview/img/fuke/./8_2024214090_thum.jpg"
"9286","名古屋中野本町郵便局","愛知県","〒454-0047 愛知県名古屋市中川区中野本町１－３９","愛知県名古屋市中川区中野本町１－３９","35.131889","136.883163","2009-05-07","","https://www.post.japanpost.jp/kitte_hagaki/stamp/fuke//detail.php?id=9286","https://www.post.japanpost.jp/kitte_hagaki/stamp/preview/img/fuke/./8_2024214830_thum.jpg"
"9311","名古屋横前郵便局","愛知県","〒453-0864 愛知県名古屋市中村区横前町１５１","愛知県名古屋市中村区横前町１５１","35.148933","136.837097","2016-12-16","","https://www.post.japanpost.jp/kitte_hagaki/stamp/fuke//detail.php?id=9311","https://www.post.japanpost.jp/kitte_hagaki/stamp/preview/img/fuke/./8_2024217350_thum.jpg"
"9464","伊東松原郵便局","静岡県","〒414-0003 静岡県伊東市中央町１４－１１","静岡県伊東市中央町１４－１１","34.96978","139.092346","2009-05-07","","https://www.post.japanpost.jp/kitte_hagaki/stamp/fuke//detail.php?id=9464","https://www.post.japanpost.jp/kitte_hagaki/stamp/preview/img/fuke/./8_2024232970_thum.jpg"
"9555","吉原原田郵便局","静岡県","〒417-0852 静岡県富士市原田２１３－１３","静岡県富士市原田２１３－１３","35.166866","138.705978","2009-05-07","","https://www.post.japanpost.jp/kitte_hagaki/stamp/fuke//detail.php?id=9555","https://www.post.japanpost.jp/kitte_hagaki/stamp/preview/img/fuke/./8_2024233710_thum.jpg"
"9690","岡崎郵便局","静岡県","〒437-1312 静岡県袋井市岡崎３３４２－３","静岡県袋井市岡崎３３４２－３","34.702808","137.946655","2007-03-16","","https://www.post.japanpost.jp/kitte_hagaki/stamp/fuke//detail.php?id=9690","https://www.post.japanpost.jp/kitte_hagaki/stamp/preview/img/fuke/./8_2024231600_thum.jpg"
"9990","武儀郵便局","岐阜県","〒501-3599 岐阜県関市富之保２０６８－３","岐阜県関市富之保２０６８－３","35.608711","136.996185","2019-03-15","","https://www.post.japanpost.jp/kitte_hagaki/stamp/fuke//detail.php?id=9990","https://www.post.japanpost.jp/kitte_hagaki/stamp/preview/img/fuke/./8_2024241600_thum.jpg"
"10182","尼崎大島郵便局","兵庫県","〒660-0075 兵庫県尼崎市大庄中通１－１０４","兵庫県尼崎市大庄中通１－１０４","34.72892","135.390808","2020-04-20","","https://www.post.japanpost.jp/kitte_hagaki/stamp/fuke//detail.php?id=10182","https://www.post.japanpost.jp/kitte_hagaki/stamp/preview/img/fuke/./9_2024434350_thum.jpg"
"10209","江住郵便局","和歌山県","〒649-3199 和歌山県西牟婁郡すさみ町江住１４２８","和歌山県西牟婁郡すさみ町江住１４２８","33.52092","135.601547","2007-03-07","","https://www.post.japanpost.jp/kitte_hagaki/stamp/fuke//detail.php?id=10209","https://www.post.japanpost.jp/kitte_hagaki/stamp/preview/img/fuke/./9_2024470360_thum.jpg"
"10229","上山路郵便局","和歌山県","〒645-0499 和歌山県田辺市龍神村東３７２","和歌山県田辺市龍神村東３７２","33.886593","135.505707","2019-02-04","","https://www.post.japanpost.jp/kitte_hagaki/stamp/fuke//detail.php?id=10229","https://www.post.japanpost.jp/kitte_hagaki/stamp/preview/img/fuke/./9_2024470340_thum.jpg"
"10271","御坊島郵便局","和歌山県","〒644-0003 和歌山県御坊市島７３－７","和歌山県御坊市島７３－７","33.894753","135.157043","2009-05-07","","https://www.post.japanpost.jp/kitte_hagaki/stamp/fuke//detail.php?id=10271","https://www.post.japanpost.jp/kitte_hagaki/stamp/preview/img/fuke/./9_2024472220_thum.jpg"
"10317","苅田郵便局","福岡県","〒800-0399 福岡県京都郡苅田町富久町1-23-1","福岡県京都郡苅田町富久町1-23-1","33.774677","130.979858","2006-03-16","","https://www.post.japanpost.jp/kitte_hagaki/stamp/fuke//detail.php?id=10317","https://www.post.japanpost.jp/kitte_hagaki/stamp/preview/img/fuke/./12_2024741370_thum.jpg"
"10652","田底郵便局","熊本県","〒861-0115 熊本県熊本市北区植木町米塚370-2","熊本県熊本市北区植木町米塚370-2","32.956154","130.723251","2009-12-01","","https://www.post.japanpost.jp/kitte_hagaki/stamp/fuke//detail.php?id=10652","https://www.post.japanpost.jp/kitte_hagaki/stamp/preview/img/fuke/./12_2024711450_thum.jpg"
"11105","今井郵便局","奈良県","〒634-0812 奈良県橿原市今井町２－８－２３","奈良県橿原市今井町２－８－２３","34.506737","135.78746","2015-01-05","","https://www.post.japanpost.jp/kitte_hagaki/stamp/fuke//detail.php?id=11105","https://www.post.japanpost.jp/kitte_hagaki/stamp/preview/img/fuke/./9_2024450350_thum.jpg"
"11140","須川郵便局","奈良県","〒630-1199 奈良県奈良市須川町８９２－５","奈良県奈良市須川町８９２－５","34.718079","135.910172","2013-10-10","","https://www.post.japanpost.jp/kitte_hagaki/stamp/fuke//detail.php?id=11140","https://www.post.japanpost.jp/kitte_hagaki/stamp/preview/img/fuke/./9_2024450580_thum.jpg"
"11180","豊岡京町郵便局","兵庫県","〒668-0042 兵庫県豊岡市京町１０－４","兵庫県豊岡市京町１０－４","35.540371","134.823425","2022-03-01","","https://www.post.japanpost.jp/kitte_hagaki/stamp/fuke//detail.php?id=11180","https://www.post.japanpost.jp/kitte_hagaki/stamp/preview/img/fuke/./9_2024431630_thum.jpg"
"11328","石生郵便局","兵庫県","〒669-3464 兵庫県丹波市氷上町石生７７０－３","兵庫県丹波市氷上町石生７７０－３","35.150951","135.065308","2009-02-02","","https://www.post.japanpost.jp/kitte_hagaki/stamp/fuke//detail.php?id=11328","https://www.post.japanpost.jp/kitte_hagaki/stamp/preview/img/fuke/./9_2024431540_thum.jpg"
"11348","今田郵便局","兵庫県","〒669-2133 兵庫県丹波篠山市今田町下小野原３－１０","兵庫県丹波篠山市今田町下小野原３－１０","35.006615","135.113342","2009-05-07","","https://www.post.japanpost.jp/kitte_hagaki/stamp/fuke//detail.php?id=11348","https://www.post.japanpost.jp/kitte_hagaki/stamp/preview/img/fuke/./9_2024432880_thum.jpg"
"11393","甲子園郵便局","兵庫県","〒663-8176 兵庫県西宮市甲子園六番町１５－１６","兵庫県西宮市甲子園六番町１５－１６","34.72496","135.363617","2018-04-09","","https://www.post.japanpost.jp/kitte_hagaki/stamp/fuke//detail.php?id=11393","https://www.post.japanpost.jp/kitte_hagaki/stamp/preview/img/fuke/./9_2024433360_thum.jpg"
"11404","伊丹緑ケ丘郵便局","兵庫県","〒664-0012 兵庫県伊丹市緑ケ丘５－６８－８","兵庫県伊丹市緑ケ丘５－６８－８","34.797264","135.404541","2012-07-03","","https://www.post.japanpost.jp/kitte_hagaki/stamp/fuke//detail.php?id=11404","https://www.post.japanpost.jp/kitte_hagaki/stamp/preview/img/fuke/./9_2024436040_thum.jpg"
"11436","尼崎上坂部郵便局","兵庫県","〒661-0979 兵庫県尼崎市上坂部３－１２－１０","兵庫県尼崎市上坂部３－１２－１０","34.749058","135.433121","2020-05-15","","https://www.post.japanpost.jp/kitte_hagaki/stamp/fuke//detail.php?id=11436","https://www.post.japanpost.jp/kitte_hagaki/stamp/preview/img/fuke/./9_2024435860_thum.jpg"
"11442","尼崎北郵便局","兵庫県","〒661-8799 兵庫県尼崎市南塚口町５－８－１","兵庫県尼崎市南塚口町５－８－１","34.746845","135.416275","2015-12-24","","https://www.post.japanpost.jp/kitte_hagaki/stamp/fuke//detail.php?id=11442","https://www.post.japanpost.jp/kitte_hagaki/stamp/preview/img/fuke/./9_2024436510_thum.jpg"
"11472","尼崎杭瀬郵便局","兵庫県","〒660-0814 兵庫県尼崎市杭瀬本町２－１５－１","兵庫県尼崎市杭瀬本町２－１５－１","34.720516","135.439087","2020-04-20","","https://www.post.japanpost.jp/kitte_hagaki/stamp/fuke//detail.php?id=11472","https://www.post.japanpost.jp/kitte_hagaki/stamp/preview/img/fuke/./9_2024434890_thum.jpg"
"11612","豊中柴原郵便局","大阪府","〒560-0055 大阪府豊中市柴原町１－２－２－１０１","大阪府豊中市柴原町１－２－２－１０１","34.796455","135.463959","2008-09-01","","https://www.post.japanpost.jp/kitte_hagaki/stamp/fuke//detail.php?id=11612","https://www.post.japanpost.jp/kitte_hagaki/stamp/preview/img/fuke/./9_2024402270_thum.jpg"
"11710","久美浜神野郵便局","京都府","〒629-3438 京都府京丹後市久美浜町浦明１２８３－５","京都府京丹後市久美浜町浦明１２８３－５","35.62706","134.929031","2009-05-07","","https://www.post.japanpost.jp/kitte_hagaki/stamp/fuke//detail.php?id=11710","https://www.post.japanpost.jp/kitte_hagaki/stamp/preview/img/fuke/./9_2024443480_thum.jpg"
"11773","金谷郵便局","京都府","〒620-0984 京都府福知山市猪野々４１５－２","京都府福知山市猪野々４１５－２","35.316948","135.030853","2009-05-07","","https://www.post.japanpost.jp/kitte_hagaki/stamp/fuke//detail.php?id=11773","https://www.post.japanpost.jp/kitte_hagaki/stamp/preview/img/fuke/./9_2024443430_thum.jpg"
"11906","向日町寺戸郵便局","京都府","〒617-0002 京都府向日市寺戸町南垣内２５－３","京都府向日市寺戸町南垣内２５－３","34.949001","135.700562","2016-03-07","","https://www.post.japanpost.jp/kitte_hagaki/stamp/fuke//detail.php?id=11906","https://www.post.japanpost.jp/kitte_hagaki/stamp/preview/img/fuke/./9_2024443980_thum.jpg"
"12049","甲西郵便局","滋賀県","〒520-3299 滋賀県湖南市中央１－５０","滋賀県湖南市中央１－５０","35.00198","136.086594","2012-10-01","","https://www.post.japanpost.jp/kitte_hagaki/stamp/fuke//detail.php?id=12049","https://www.post.japanpost.jp/kitte_hagaki/stamp/preview/img/fuke/./9_2024460420_thum.jpg"
"12162","相模原相武台団地郵便局","神奈川県","〒252-0323 神奈川県相模原市南区相武台団地２－３－４","神奈川県相模原市南区相武台団地２－３－４","35.509377","139.411026","2010-04-01","","https://www.post.japanpost.jp/kitte_hagaki/stamp/fuke//detail.php?id=12162","https://www.post.japanpost.jp/kitte_hagaki/stamp/preview/img/fuke/./4_2024025530_thum.jpg"
"12176","中津郵便局","神奈川県","〒243-0303 神奈川県愛甲郡愛川町中津７７８－６","神奈川県愛甲郡愛川町中津７７８－６","35.515881","139.334396","2024-06-07","","https://www.post.japanpost.jp/kitte_hagaki/stamp/fuke//detail.php?id=12176","https://www.post.japanpost.jp/kitte_hagaki/stamp/preview/img/fuke/./4_2024020760_thum.jpg"
"12249","鳴沢郵便局","山梨県","〒401-0320 山梨県南都留郡鳴沢村１８４１－１","山梨県南都留郡鳴沢村１８４１－１","35.481388","138.706665","2009-05-07","","https://www.post.japanpost.jp/kitte_hagaki/stamp/fuke//detail.php?id=12249","https://www.post.japanpost.jp/kitte_hagaki/stamp/preview/img/fuke/./4_2024081380_thum.jpg"
"12254","しんすか郵便局","愛媛県","〒792-0802 愛媛県新居浜市新須賀町3丁目1番89号","愛媛県新居浜市新須賀町3丁目1番89号","33.968132","133.283051","2024-12-03","","https://www.post.japanpost.jp/kitte_hagaki/stamp/fuke//detail.php?id=12254","https://www.post.japanpost.jp/kitte_hagaki/stamp/preview/img/fuke/./11_20241203163223_thum.jpg"
"12262","上高地郵便局","長野県","〒390-1516 長野県松本市安曇上高地4468","長野県松本市安曇上高地4468","36.221169","137.686646","2012-06-15","","https://www.post.japanpost.jp/kitte_hagaki/stamp/fuke//detail.php?id=12262","https://www.post.japanpost.jp/kitte_hagaki/stamp/preview/img/fuke/./6_20241223162323_thum.jpg"
"12294","振内郵便局","北海道","〒055-0499 北海道沙流郡平取町振内町20-14","北海道沙流郡平取町振内町20-14","42.735939","142.302109","2025-01-24","","https://www.post.japanpost.jp/kitte_hagaki/stamp/fuke//detail.php?id=12294","https://www.post.japanpost.jp/kitte_hagaki/stamp/preview/img/fuke/./1_20250108111022_thum.jpg"
"12297","大東久野郵便局","島根県","〒699-1211 島根県島根県雲南市大東町上久野１６－８","島根県島根県雲南市大東町上久野１６－８","35.472294","133.050522","2025-02-03","","https://www.post.japanpost.jp/kitte_hagaki/stamp/fuke//detail.php?id=12297","https://www.post.japanpost.jp/kitte_hagaki/stamp/preview/img/fuke/./10_20250117170800_thum.png"
"12298","天理前栽郵便局","奈良県","〒632-0078 奈良県天理市杉本町３５３－１","奈良県天理市杉本町３５３－１","34.599209","135.81633","2025-02-12","","https://www.post.japanpost.jp/kitte_hagaki/stamp/fuke//detail.php?id=12298","https://www.post.japanpost.jp/kitte_hagaki/stamp/preview/img/fuke/./9_20250121183105_thum.png"
"12302","那智勝浦港郵便局","和歌山県","〒649-5334 和歌山県東牟婁郡那智勝浦町大字勝浦４１６－１","和歌山県東牟婁郡那智勝浦町大字勝浦４１６－１","33.625633","135.951523","2025-02-14","","https://www.post.japanpost.jp/kitte_hagaki/stamp/fuke//detail.php?id=12302","https://www.post.japanpost.jp/kitte_hagaki/stamp/preview/img/fuke/./9_20250129165002_thum.jpg"
"12303","新庄簡易郵便局","福井県","〒919-1144 福井県三方郡美浜町新庄第６５-６２","福井県三方郡美浜町新庄第６５-６２","35.545101","135.987396","2025-03-03","","https://www.post.japanpost.jp/kitte_hagaki/stamp/fuke//detail.php?id=12303","https://www.post.japanpost.jp/kitte_hagaki/stamp/preview/img/fuke/./7_20250204104517_thum.gif"
"12304","越中八尾郵便局","富山県","〒939-2399 富山県富山市八尾町上新町２６５７－１","富山県富山市八尾町上新町２６５７－１","36.575882","137.132736","2025-03-03","","https://www.post.japanpost.jp/kitte_hagaki/stamp/fuke//detail.php?id=12304","https://www.post.japanpost.jp/kitte_hagaki/stamp/preview/img/fuke/./7_20250204112146_thum.gif"
"12308","応桑郵便局","群馬県","〒377-1499 群馬県吾妻郡長野原町応桑8","群馬県吾妻郡長野原町応桑8","36.508598","138.594238","2025-03-03","","https://www.post.japanpost.jp/kitte_hagaki/stamp/fuke//detail.php?id=12308","https://www.post.japanpost.jp/kitte_hagaki/stamp/preview/img/fuke/./3_20250206174129_thum.png"
"12312","和歌山広瀬郵便局","和歌山県","〒640-8113 和歌山県和歌山市広瀬通丁２－７","和歌山県和歌山市広瀬通丁２－７","34.226547","135.181564","2025-03-14","","https://www.post.japanpost.jp/kitte_hagaki/stamp/fuke//detail.php?id=12312","https://www.post.japanpost.jp/kitte_hagaki/stamp/preview/img/fuke/./9_20250214150044_thum.jpg"
"12313","和歌山葦原郵便局","和歌山県","〒640-8124 和歌山県和歌山市雄松町３－１８－２７","和歌山県和歌山市雄松町３－１８－２７","34.220905","135.182556","2025-03-14","","https://www.post.japanpost.jp/kitte_hagaki/stamp/fuke//detail.php?id=12313","https://www.post.japanpost.jp/kitte_hagaki/stamp/preview/img/fuke/./9_20250214150059_thum.jpg"
"12314","和歌山吹上郵便局","和歌山県","〒640-8137 和歌山県和歌山市吹上２－５－９","和歌山県和歌山市吹上２－５－９","34.220493","135.170319","2025-03-14","","https://www.post.japanpost.jp/kitte_hagaki/stamp/fuke//detail.php?id=12314","https://www.post.japanpost.jp/kitte_hagaki/stamp/preview/img/fuke/./9_20250214150151_thum.jpg"
"12315","和歌山鷹匠郵便局","和歌山県","〒640-8135 和歌山県和歌山市鷹匠町２－５１","和歌山県和歌山市鷹匠町２－５１","34.222164","135.177063","2025-03-14","","https://www.post.japanpost.jp/kitte_hagaki/stamp/fuke//detail.php?id=12315","https://www.post.japanpost.jp/kitte_hagaki/stamp/preview/img/fuke/./9_20250214150133_thum.jpg"
"12316","和歌山島崎郵便局","和歌山県","〒640-8125 和歌山県和歌山市島崎町７－１６","和歌山県和歌山市島崎町７－１６","34.216312","135.178696","2025-03-14","","https://www.post.japanpost.jp/kitte_hagaki/stamp/fuke//detail.php?id=12316","https://www.post.japanpost.jp/kitte_hagaki/stamp/preview/img/fuke/./9_20250214150117_thum.jpg"
"12317","和歌山堀止郵便局","和歌山県","〒641-0041 和歌山県和歌山市堀止南ノ丁１－６","和歌山県和歌山市堀止南ノ丁１－６","34.214119","135.170944","2025-03-14","","https://www.post.japanpost.jp/kitte_hagaki/stamp/fuke//detail.php?id=12317","https://www.post.japanpost.jp/kitte_hagaki/stamp/preview/img/fuke/./9_20250214150213_thum.jpg"
"12319","豊島郵便局","東京都","〒170-8799 東京都豊島区東池袋3-18-1","東京都豊島区東池袋3-18-1","35.729122","139.72142","2025-03-14","","https://www.post.japanpost.jp/kitte_hagaki/stamp/fuke//detail.php?id=12319","https://www.post.japanpost.jp/kitte_hagaki/stamp/preview/img/fuke/./5_20250214144705_thum.jpg"
"12323","玄界島郵便局","福岡県","〒819-0205 福岡県福岡市西区玄界島浜の上21-12","福岡県福岡市西区玄界島浜の上21-12","33.688496","130.231827","2025-03-21","","https://www.post.japanpost.jp/kitte_hagaki/stamp/fuke//detail.php?id=12323","https://www.post.japanpost.jp/kitte_hagaki/stamp/preview/img/fuke/./12_20250226112342_thum.png"
"12324","蒲須坂駅郵便局","栃木県","〒329-1332 栃木県さくら市蒲須坂698","栃木県さくら市蒲須坂698","36.721088","139.950638","2025-03-24","","https://www.post.japanpost.jp/kitte_hagaki/stamp/fuke//detail.php?id=12324","https://www.post.japanpost.jp/kitte_hagaki/stamp/preview/img/fuke/./3_20250226163855_thum.png"
"12327","台東谷中郵便局","東京都","〒110-0001 東京都台東区谷中2-5-23","東京都台東区谷中2-5-23","35.721401","139.764572","2025-03-24","","https://www.post.japanpost.jp/kitte_hagaki/stamp/fuke//detail.php?id=12327","https://www.post.japanpost.jp/kitte_hagaki/stamp/preview/img/fuke/./5_20250304120043_thum.jpg"
"12328","山目町郵便局","岩手県","〒021-0011 岩手県一関市山目町1-5-23","岩手県一関市山目町1-5-23","38.944881","141.128677","2025-04-01","","https://www.post.japanpost.jp/kitte_hagaki/stamp/fuke//detail.php?id=12328","https://www.post.japanpost.jp/kitte_hagaki/stamp/preview/img/fuke/./2_20250304131458_thum.jpg"
"12330","大分東浜郵便局","大分県","〒870-0932 大分県大分市東浜1-3-16","大分県大分市東浜1-3-16","33.247444","131.630203","2025-03-28","","https://www.post.japanpost.jp/kitte_hagaki/stamp/fuke//detail.php?id=12330","https://www.post.japanpost.jp/kitte_hagaki/stamp/preview/img/fuke/./12_20250305150158_thum.png"
"12334","滝西郵便局(一時閉鎖)","北海道","〒099-5600 北海道紋別郡滝上町滝ノ上原野21線東7","北海道紋別郡滝上町滝ノ上原野21線東7","44.074608","142.923157","2025-03-21","","https://www.post.japanpost.jp/kitte_hagaki/stamp/fuke//detail.php?id=12334","https://www.post.japanpost.jp/kitte_hagaki/stamp/preview/img/fuke/./1_20250306202225_thum.jpg"
"12338","EXPO2025 WEST郵便局","大阪府","〒554-8089 大阪府大阪市此花区夢洲中一丁目地先","大阪府大阪市此花区夢洲中一丁目地先","34.654739","135.385712","2025-04-13","","https://www.post.japanpost.jp/kitte_hagaki/stamp/fuke//detail.php?id=12338","https://www.post.japanpost.jp/kitte_hagaki/stamp/preview/img/fuke/./9_20250328115524_thum.jpg"
"12339","EXPO2025 EAST郵便局","大阪府","〒554-8089 大阪府大阪市此花区夢洲中一丁目地先","大阪府大阪市此花区夢洲中一丁目地先","34.654739","135.385712","2025-04-13","","https://www.post.japanpost.jp/kitte_hagaki/stamp/fuke//detail.php?id=12339","https://www.post.japanpost.jp/kitte_hagaki/stamp/preview/img/fuke/./9_20250328115718_thum.jpg"
"12342","西庶路郵便局","北海道","〒088-0573 北海道白糠郡白糠町西庶路東一条北２－１－３３","北海道白糠郡白糠町西庶路東一条北２－１－３３","42.980747","144.127243","2025-04-28","","https://www.post.japanpost.jp/kitte_hagaki/stamp/fuke//detail.php?id=12342","https://www.post.japanpost.jp/kitte_hagaki/stamp/preview/img/fuke/./1_20250415102231_thum.png"
"12343","庶路郵便局","北海道","〒088-0599 北海道白糠郡白糠町庶路２－４－１","北海道白糠郡白糠町庶路２－４－１","42.982491","144.146484","2025-04-28","","https://www.post.japanpost.jp/kitte_hagaki/stamp/fuke//detail.php?id=12343","https://www.post.japanpost.jp/kitte_hagaki/stamp/preview/img/fuke/./1_20250422100043_thum.jpg"
"12344","那智井関郵便局","和歌山県","〒649-5303 和歌山県東牟婁郡那智勝浦町井関９４６－１","和歌山県東牟婁郡那智勝浦町井関９４６－１","33.665672","135.925385","2025-05-12","","https://www.post.japanpost.jp/kitte_hagaki/stamp/fuke//detail.php?id=12344","https://www.post.japanpost.jp/kitte_hagaki/stamp/preview/img/fuke/./9_20250422141139_thum.jpg"
"12345","釧路貝塚郵便局","北海道","〒085-0815 北海道北海道釧路市材木町２１－４４","北海道北海道釧路市材木町２１－４４","43.802906","143.894684","2025-05-30","","https://www.post.japanpost.jp/kitte_hagaki/stamp/fuke//detail.php?id=12345","https://www.post.japanpost.jp/kitte_hagaki/stamp/preview/img/fuke/./1_20250515172326_thum.jpg"
"12347","鵜原駅郵便局","千葉県","〒299-5243 千葉県勝浦市鵜原1686-2","千葉県勝浦市鵜原1686-2","35.139801","140.277084","2025-06-16","","https://www.post.japanpost.jp/kitte_hagaki/stamp/fuke//detail.php?id=12347","https://www.post.japanpost.jp/kitte_hagaki/stamp/preview/img/fuke/./3_20250523170054_thum.png"
"12351","かけろま瀬相郵便局","鹿児島県","〒894-2322 鹿児島県大島郡瀬戸内町瀬相742-27","鹿児島県大島郡瀬戸内町瀬相742-27","28.124254","129.240494","2025-07-07","","https://www.post.japanpost.jp/kitte_hagaki/stamp/fuke//detail.php?id=12351","https://www.post.japanpost.jp/kitte_hagaki/stamp/preview/img/fuke/./12_20250528172516_thum.png"
"12352","岡垣郵便局","福岡県","〒811-4236 福岡県遠賀郡岡垣町海老津駅前8-10","福岡県遠賀郡岡垣町海老津駅前8-10","33.842075","130.621582","2025-07-07","","https://www.post.japanpost.jp/kitte_hagaki/stamp/fuke//detail.php?id=12352","https://www.post.japanpost.jp/kitte_hagaki/stamp/preview/img/fuke/./12_20250529161153_thum.png"
"12353","吉木郵便局","福岡県","〒811-4242 福岡県遠賀郡岡垣町吉木西1-7-5","福岡県遠賀郡岡垣町吉木西1-7-5","33.861137","130.600372","2025-07-07","","https://www.post.japanpost.jp/kitte_hagaki/stamp/fuke//detail.php?id=12353","https://www.post.japanpost.jp/kitte_hagaki/stamp/preview/img/fuke/./12_20250529161707_thum.png"
"12355","釧路豊川郵便局","北海道","〒085-0053 北海道釧路市豊川町１３－６","北海道釧路市豊川町１３－６","43.008606","144.379364","2025-06-20","","https://www.post.japanpost.jp/kitte_hagaki/stamp/fuke//detail.php?id=12355","https://www.post.japanpost.jp/kitte_hagaki/stamp/preview/img/fuke/./1_20250609163157_thum.png"
"12356","止々呂美簡易郵便局","大阪府","〒563-0252 大阪府箕面市下止々呂美９５３","大阪府箕面市下止々呂美９５３","34.88237","135.463974","2025-07-01","","https://www.post.japanpost.jp/kitte_hagaki/stamp/fuke//detail.php?id=12356","https://www.post.japanpost.jp/kitte_hagaki/stamp/preview/img/fuke/./9_20250609161925_thum.jpg"
"12358","鳥上郵便局","島根県","〒699-1802 島根県仁多郡奥出雲町大呂 １１８２－２","島根県仁多郡奥出雲町大呂 １１８２－２","35.176281","133.130295","2025-07-01","","https://www.post.japanpost.jp/kitte_hagaki/stamp/fuke//detail.php?id=12358","https://www.post.japanpost.jp/kitte_hagaki/stamp/preview/img/fuke/./10_20250611104135_thum.jpg"
"12360","荒川郵便局","埼玉県","〒369-1999 埼玉県秩父市荒川贄川644-11","埼玉県秩父市荒川贄川644-11","35.97176","138.979172","2025-07-07","","https://www.post.japanpost.jp/kitte_hagaki/stamp/fuke//detail.php?id=12360","https://www.post.japanpost.jp/kitte_hagaki/stamp/preview/img/fuke/./3_20250612143401_thum.png"
"12362","釧路桂郵便局","北海道","〒088-0626 北海道釧路郡釧路町桂5-1-2","北海道釧路郡釧路町桂5-1-2","43.00869","144.401871","2025-07-07","","https://www.post.japanpost.jp/kitte_hagaki/stamp/fuke//detail.php?id=12362","https://www.post.japanpost.jp/kitte_hagaki/stamp/preview/img/fuke/./1_20250618101627_thum.jpeg"
"12363","釧路望洋郵便局","北海道","〒085-0813 北海道釧路市春採4丁目10-4","北海道釧路市春採4丁目10-4","42.969402","144.410126","2025-07-07","","https://www.post.japanpost.jp/kitte_hagaki/stamp/fuke//detail.php?id=12363","https://www.post.japanpost.jp/kitte_hagaki/stamp/preview/img/fuke/./1_20250618102423_thum.jpeg"
"12364","釧路鶴ヶ岱郵便局","北海道","〒085-0821 北海道釧路市鶴ヶ岱3丁目2-2","北海道釧路市鶴ヶ岱3丁目2-2","42.98103","144.40419","2025-08-01","","https://www.post.japanpost.jp/kitte_hagaki/stamp/fuke//detail.php?id=12364","https://www.post.japanpost.jp/kitte_hagaki/stamp/preview/img/fuke/./1_20250708164752_thum.jpeg"
"12365","釧路愛国西郵便局","北海道","〒085-0057 北海道釧路市愛国西1丁目31-18","北海道釧路市愛国西1丁目31-18","43.013496","144.388245","2025-08-01","","https://www.post.japanpost.jp/kitte_hagaki/stamp/fuke//detail.php?id=12365","https://www.post.japanpost.jp/kitte_hagaki/stamp/preview/img/fuke/./1_20250704173751_thum.jpg"
"12366","釧路新川郵便局","北海道","〒085-0047 北海道釧路市新川町14-16","北海道釧路市新川町14-16","43.002728","144.372772","2025-07-14","","https://www.post.japanpost.jp/kitte_hagaki/stamp/fuke//detail.php?id=12366","https://www.post.japanpost.jp/kitte_hagaki/stamp/preview/img/fuke/./1_20250624144054_thum.jpeg"
"12367","釧路新栄郵便局","北海道","〒085-0032 北海道釧路市新栄町20-12","北海道釧路市新栄町20-12","43.001228","144.382584","2025-07-11","","https://www.post.japanpost.jp/kitte_hagaki/stamp/fuke//detail.php?id=12367","https://www.post.japanpost.jp/kitte_hagaki/stamp/preview/img/fuke/./1_20250624144429_thum.png"
"12368","釧路春日郵便局","北海道","〒085-0041 北海道釧路市春日町1-4","北海道釧路市春日町1-4","42.995457","144.379364","2025-07-11","","https://www.post.japanpost.jp/kitte_hagaki/stamp/fuke//detail.php?id=12368","https://www.post.japanpost.jp/kitte_hagaki/stamp/preview/img/fuke/./1_20250624144735_thum.jpeg"
"12370","尾張新川郵便局","愛知県","〒452-0914 愛知県清須市土器野334","愛知県清須市土器野334","35.193478","136.853348","2025-07-07","","https://www.post.japanpost.jp/kitte_hagaki/stamp/fuke//detail.php?id=12370","https://www.post.japanpost.jp/kitte_hagaki/stamp/preview/img/fuke/./8_20250627195002_thum.png"
"12374","秦野北矢名郵便局","神奈川県","〒257-0006 神奈川県秦野市北矢名１３０７－４","神奈川県秦野市北矢名１３０７－４","35.371964","139.267914","2025-07-25","","https://www.post.japanpost.jp/kitte_hagaki/stamp/fuke//detail.php?id=12374","https://www.post.japanpost.jp/kitte_hagaki/stamp/preview/img/fuke/./4_20250701154823_thum.JPG"
"12375","遠刈田郵便局","宮城県","〒989-0999 宮城県刈田郡蔵王町遠刈田温泉字遠刈田西裏１４－１","宮城県刈田郡蔵王町遠刈田温泉字遠刈田西裏１４－１","38.124596","140.57341","2025-07-25","","https://www.post.japanpost.jp/kitte_hagaki/stamp/fuke//detail.php?id=12375","https://www.post.japanpost.jp/kitte_hagaki/stamp/preview/img/fuke/./2_20250701170515_thum.jpg"
"12377","釧路鳥取郵便局","北海道","〒084-0906 北海道釧路市鳥取大通3丁目11-4","北海道釧路市鳥取大通3丁目11-4","43.012791","144.357285","2025-08-01","","https://www.post.japanpost.jp/kitte_hagaki/stamp/fuke//detail.php?id=12377","https://www.post.japanpost.jp/kitte_hagaki/stamp/preview/img/fuke/./1_20250714091910_thum.jpg"
"12378","釧路星が浦郵便局","北海道","〒084-0912 北海道釧路市星が浦大通2-8-6","北海道釧路市星が浦大通2-8-6","43.015194","144.321243","2025-08-01","","https://www.post.japanpost.jp/kitte_hagaki/stamp/fuke//detail.php?id=12378","https://www.post.japanpost.jp/kitte_hagaki/stamp/preview/img/fuke/./1_20250710093302_thum.jpeg"
"12380","別保郵便局","北海道","〒088-0604 北海道釧路郡釧路町別保２丁目6-7","北海道釧路郡釧路町別保２丁目6-7","42.994858","144.467255","2025-08-01","","https://www.post.japanpost.jp/kitte_hagaki/stamp/fuke//detail.php?id=12380","https://www.post.japanpost.jp/kitte_hagaki/stamp/preview/img/fuke/./1_20250714093454_thum.jpeg"
"12381","釧路東郵便局","北海道","〒088-0699 北海道釧路郡釧路町睦2丁目1-1","北海道釧路郡釧路町睦2丁目1-1","43.011635","144.411774","2025-08-01","","https://www.post.japanpost.jp/kitte_hagaki/stamp/fuke//detail.php?id=12381","https://www.post.japanpost.jp/kitte_hagaki/stamp/preview/img/fuke/./1_20250716091704_thum.jpeg"
"12382","釧路昭和郵便局","北海道","〒084-0910 北海道釧路市昭和中央4-2-15","北海道釧路市昭和中央4-2-15","43.023895","144.354691","2025-08-01","","https://www.post.japanpost.jp/kitte_hagaki/stamp/fuke//detail.php?id=12382","https://www.post.japanpost.jp/kitte_hagaki/stamp/preview/img/fuke/./1_20250716092343_thum.jpeg"
"12383","釧路若草郵便局","北海道","〒085-0806 北海道釧路市武佐3丁目47-28","北海道釧路市武佐3丁目47-28","42.989349","144.421204","2025-08-01","","https://www.post.japanpost.jp/kitte_hagaki/stamp/fuke//detail.php?id=12383","https://www.post.japanpost.jp/kitte_hagaki/stamp/preview/img/fuke/./1_20250716093650_thum.jpeg"
"12384","大楽毛郵便局","北海道","〒084-0917 北海道釧路市大楽毛4-3-8","北海道釧路市大楽毛4-3-8","43.009926","144.274536","2025-08-01","","https://www.post.japanpost.jp/kitte_hagaki/stamp/fuke//detail.php?id=12384","https://www.post.japanpost.jp/kitte_hagaki/stamp/preview/img/fuke/./1_20250716094033_thum.jpeg"
"12385","釧路白樺台郵便局","北海道","〒085-0804 北海道釧路市白樺台２丁目２５－６","北海道釧路市白樺台２丁目２５－６","42.959949","144.446609","2025-08-01","","https://www.post.japanpost.jp/kitte_hagaki/stamp/fuke//detail.php?id=12385","https://www.post.japanpost.jp/kitte_hagaki/stamp/preview/img/fuke/./1_20250716094355_thum.jpeg"
"12386","釧路芦野郵便局","北海道","〒085-0061 北海道釧路市芦野2丁目13-28","北海道釧路市芦野2丁目13-28","43.013512","144.397903","2025-08-01","","https://www.post.japanpost.jp/kitte_hagaki/stamp/fuke//detail.php?id=12386","https://www.post.japanpost.jp/kitte_hagaki/stamp/preview/img/fuke/./1_20250716123745_thum.jpeg"
"12387","釧路美原郵便局","北海道","〒085-0065 北海道釧路市美原４－１－３１","北海道釧路市美原４－１－３１","43.020821","144.407196","2025-08-01","","https://www.post.japanpost.jp/kitte_hagaki/stamp/fuke//detail.php?id=12387","https://www.post.japanpost.jp/kitte_hagaki/stamp/preview/img/fuke/./1_20250716124158_thum.jpeg"
"12393","小浜郵便局","福井県","〒917-8799 福井県小浜市一番町1-1","福井県小浜市一番町1-1","35.499451","135.745636","2025-09-01","","https://www.post.japanpost.jp/kitte_hagaki/stamp/fuke//detail.php?id=12393","https://www.post.japanpost.jp/kitte_hagaki/stamp/preview/img/fuke/./7_20250807150814_thum.jpg"
"12399","岬多奈川郵便局","大阪府","〒599-0311 大阪府泉南郡岬町多奈川谷川１６３３－１７","大阪府泉南郡岬町多奈川谷川１６３３－１７","34.317806","135.122498","2025-09-01","","https://www.post.japanpost.jp/kitte_hagaki/stamp/fuke//detail.php?id=12399","https://www.post.japanpost.jp/kitte_hagaki/stamp/preview/img/fuke/./9_20250819175211_thum.jpg"
"12404","八幡平郵便局","秋田県","〒018-5199 秋田県鹿角市八幡平小山５４－３","秋田県鹿角市八幡平小山５４－３","40.142006","140.805557","2025-10-01","","https://www.post.japanpost.jp/kitte_hagaki/stamp/fuke//detail.php?id=12404","https://www.post.japanpost.jp/kitte_hagaki/stamp/preview/img/fuke/./2_20250908125054_thum.jpg"
"12409","水巻頃末郵便局","福岡県","〒807-0022 福岡県遠賀郡水巻町頃末北1-12-1","福岡県遠賀郡水巻町頃末北1-12-1","33.854084","130.694214","2025-10-24","","https://www.post.japanpost.jp/kitte_hagaki/stamp/fuke//detail.php?id=12409","https://www.post.japanpost.jp/kitte_hagaki/stamp/preview/img/fuke/./12_20250918114157_thum.png"
"12410","水巻吉田郵便局","福岡県","〒807-0046 福岡県遠賀郡水巻町吉田西4-1-17","福岡県遠賀郡水巻町吉田西4-1-17","33.844131","130.704269","2025-10-24","","https://www.post.japanpost.jp/kitte_hagaki/stamp/fuke//detail.php?id=12410","https://www.post.japanpost.jp/kitte_hagaki/stamp/preview/img/fuke/./12_20250918114532_thum.png"
"12411","水巻梅ノ木郵便局","福岡県","〒807-0006 福岡県遠賀郡水巻町梅ノ木団地41-6","福岡県遠賀郡水巻町梅ノ木団地41-6","33.870815","130.689133","2025-10-24","","https://www.post.japanpost.jp/kitte_hagaki/stamp/fuke//detail.php?id=12411","https://www.post.japanpost.jp/kitte_hagaki/stamp/preview/img/fuke/./12_20250918114834_thum.png"
"12412","松江春日簡易郵便局","島根県","〒690-0877 島根県松江市春日町５８２－６","島根県松江市春日町５８２－６","35.482052","133.047531","2025-09-29","","https://www.post.japanpost.jp/kitte_hagaki/stamp/fuke//detail.php?id=12412","https://www.post.japanpost.jp/kitte_hagaki/stamp/preview/img/fuke/./10_20250919151836_thum.png"
"12418","若佐郵便局","北海道","〒091-0551 北海道常呂郡佐呂間町字若佐46番地","北海道常呂郡佐呂間町字若佐46番地","43.983315","143.704239","2026-01-06","","https://www.post.japanpost.jp/kitte_hagaki/stamp/fuke//detail.php?id=12418","https://www.post.japanpost.jp/kitte_hagaki/stamp/preview/img/fuke/./1_20251119100205_thum.jpeg"
"12419","口山郵便局","徳島県","〒777-0006 徳島県徳島県美馬市穴吹町口山宮内１２３－６","徳島県徳島県美馬市穴吹町口山宮内１２３－６","34.070091","134.554703","2025-12-01","","https://www.post.japanpost.jp/kitte_hagaki/stamp/fuke//detail.php?id=12419","https://www.post.japanpost.jp/kitte_hagaki/stamp/preview/img/fuke/./11_20251120180758_thum.jpg"
"12421","下狛郵便局","京都府","〒619-0245 京都府相楽郡精華町下狛拝殿１９－４","京都府相楽郡精華町下狛拝殿１９－４","34.77779","135.788452","2025-12-12","","https://www.post.japanpost.jp/kitte_hagaki/stamp/fuke//detail.php?id=12421","https://www.post.japanpost.jp/kitte_hagaki/stamp/preview/img/fuke/./9_20251128171706_thum.jpg"
"12424","湯島郵便局","熊本県","〒869-3711 熊本県上天草市大矢野町湯島464-1","熊本県上天草市大矢野町湯島464-1","32.602688","130.337769","2026-01-05","","https://www.post.japanpost.jp/kitte_hagaki/stamp/fuke//detail.php?id=12424","https://www.post.japanpost.jp/kitte_hagaki/stamp/preview/img/fuke/./12_20251208172616_thum.png"
"12427","御座郵便局","三重県","〒517-0705 三重県志摩市志摩町御座1116-3","三重県志摩市志摩町御座1116-3","34.269543","136.766724","2026-01-13","","https://www.post.japanpost.jp/kitte_hagaki/stamp/fuke//detail.php?id=12427","https://www.post.japanpost.jp/kitte_hagaki/stamp/preview/img/fuke/./8_20251223182009_thum.jpg"
"12430","七尾松本郵便局","石川県","〒926-0865 石川県七尾市松本町72-1","石川県七尾市松本町72-1","37.049446","136.959442","2026-02-02","","https://www.post.japanpost.jp/kitte_hagaki/stamp/fuke//detail.php?id=12430","https://www.post.japanpost.jp/kitte_hagaki/stamp/preview/img/fuke/./7_20260107142531_thum.PNG"
"12431","上宇坂郵便局","福井県","〒910-2399 福井県福井市境寺町1-1","福井県福井市境寺町1-1","36.001556","136.372238","2026-02-02","","https://www.post.japanpost.jp/kitte_hagaki/stamp/fuke//detail.php?id=12431","https://www.post.japanpost.jp/kitte_hagaki/stamp/preview/img/fuke/./7_20260107143022_thum.PNG"
"12432","石川県庁内郵便局","石川県","〒920-8203 石川県金沢市鞍月１－１（石川県庁庁舎２階）","石川県金沢市鞍月１－１（石川県庁庁舎２階）","36.594818","136.625351","2026-02-09","","https://www.post.japanpost.jp/kitte_hagaki/stamp/fuke//detail.php?id=12432","https://www.post.japanpost.jp/kitte_hagaki/stamp/preview/img/fuke/./7_20260210160101_thum.PNG"
"12434","竹原本川郵便局","広島県","〒725-0026 広島県竹原市中央１－１０－１２","広島県竹原市中央１－１０－１２","34.34087","132.913193","2026-03-03","","https://www.post.japanpost.jp/kitte_hagaki/stamp/fuke//detail.php?id=12434","https://www.post.japanpost.jp/kitte_hagaki/stamp/preview/img/fuke/./10_20260126111611_thum.jpeg"
"12435","田万里郵便局","広島県","〒725-0001 広島県竹原市田万里町１９４９－３","広島県竹原市田万里町１９４９－３","34.407326","132.843811","2026-03-03","","https://www.post.japanpost.jp/kitte_hagaki/stamp/fuke//detail.php?id=12435","https://www.post.japanpost.jp/kitte_hagaki/stamp/preview/img/fuke/./10_20260126112321_thum.jpeg"
"12436","荘野郵便局","広島県","〒725-0003 広島県竹原市新庄町１３３３－１","広島県竹原市新庄町１３３３－１","34.391693","132.891235","2026-03-03","","https://www.post.japanpost.jp/kitte_hagaki/stamp/fuke//detail.php?id=12436","https://www.post.japanpost.jp/kitte_hagaki/stamp/preview/img/fuke/./10_20260126113017_thum.jpeg"
"12437","吉名郵便局","広島県","〒725-0013 広島県竹原市吉名町西条４９２７－４","広島県竹原市吉名町西条４９２７－４","34.321735","132.869171","2026-03-03","","https://www.post.japanpost.jp/kitte_hagaki/stamp/fuke//detail.php?id=12437","https://www.post.japanpost.jp/kitte_hagaki/stamp/preview/img/fuke/./10_20260126113720_thum.jpeg"
"12438","竹原東野郵便局","広島県","〒725-0004 広島県竹原市東野町１１２－１","広島県竹原市東野町１１２－１","34.373802","132.893402","2026-03-03","","https://www.post.japanpost.jp/kitte_hagaki/stamp/fuke//detail.php?id=12438","https://www.post.japanpost.jp/kitte_hagaki/stamp/preview/img/fuke/./10_20260126114351_thum.jpeg"
"12439","大乗郵便局","広島県","〒729-2313 広島県竹原市高崎町７１－５","広島県竹原市高崎町７１－５","34.337013","132.935333","2026-03-03","","https://www.post.japanpost.jp/kitte_hagaki/stamp/fuke//detail.php?id=12439","https://www.post.japanpost.jp/kitte_hagaki/stamp/preview/img/fuke/./10_20260126114949_thum.jpeg"
"12440","信濃金沢郵便局","長野県","〒391-0012 長野県茅野市金沢2206-1","長野県茅野市金沢2206-1","35.948086","138.187515","2026-03-03","","https://www.post.japanpost.jp/kitte_hagaki/stamp/fuke//detail.php?id=12440","https://www.post.japanpost.jp/kitte_hagaki/stamp/preview/img/fuke/./6_20260126174432_thum.jpg"
"12441","下條郵便局","長野県","〒399-2199 長野県下伊那郡下條村睦沢9299-1","長野県下伊那郡下條村睦沢9299-1","35.404663","137.781342","2026-04-01","","https://www.post.japanpost.jp/kitte_hagaki/stamp/fuke//detail.php?id=12441","https://www.post.japanpost.jp/kitte_hagaki/stamp/preview/img/fuke/./6_20260202141322_thum.jpg"
"12443","鵜住居郵便局","岩手県","〒026-0301 岩手県釜石市鵜住居町4-1502","岩手県釜石市鵜住居町4-1502","39.329166","141.885498","2026-03-02","","https://www.post.japanpost.jp/kitte_hagaki/stamp/fuke//detail.php?id=12443","https://www.post.japanpost.jp/kitte_hagaki/stamp/preview/img/fuke/./2_20260129093846_thum.jpg"
"12444","宇治中ノ田郵便局","京都府","〒611-0043 京都府宇治市伊勢田町中ノ田５５-３","京都府宇治市伊勢田町中ノ田５５-３","34.886761","135.769821","2026-02-24","","https://www.post.japanpost.jp/kitte_hagaki/stamp/fuke//detail.php?id=12444","https://www.post.japanpost.jp/kitte_hagaki/stamp/preview/img/fuke/./9_20260129173315_thum.jpg"
"12451","北軽井沢郵便局","群馬県","〒377-1412 群馬県吾妻郡長野原町北軽井沢1924-1006","群馬県吾妻郡長野原町北軽井沢1924-1006","36.461941","138.590744","2026-03-02","","https://www.post.japanpost.jp/kitte_hagaki/stamp/fuke//detail.php?id=12451","https://www.post.japanpost.jp/kitte_hagaki/stamp/preview/img/fuke/./3_20260203190703_thum.png"
"12460","八幡熊手郵便局","福岡県","〒806-0028 福岡県北九州市八幡西区熊手2-3-11","福岡県北九州市八幡西区熊手2-3-11","33.862492","130.766693","2026-03-23","","https://www.post.japanpost.jp/kitte_hagaki/stamp/fuke//detail.php?id=12460","https://www.post.japanpost.jp/kitte_hagaki/stamp/preview/img/fuke/./12_20260227164931_thum.png"
"12464","志木本町郵便局","埼玉県","〒353-0004 埼玉県志木市本町２－４－４８","埼玉県志木市本町２－４－４８","35.834274","139.579498","2026-03-16","","https://www.post.japanpost.jp/kitte_hagaki/stamp/fuke//detail.php?id=12464","https://www.post.japanpost.jp/kitte_hagaki/stamp/preview/img/fuke/./3_20260218172533_thum.png"
"12468","下味見郵便局","福井県","〒910-2474 福井県福井市折立町11－32","福井県福井市折立町11－32","35.942783","136.341965","2012-03-09","2026/3/19廃止予定","https://www.post.japanpost.jp/kitte_hagaki/stamp/fuke//detail.php?id=12468","https://www.post.japanpost.jp/kitte_hagaki/stamp/preview/img/fuke/./7_20260226115143_thum.PNG"
