"detail_id","name","prefecture","address","geocode_address","latitude","longitude","start_date","status_text","detail_url","mailing_address"
"508","銀座郵便局「東南アジア青年の船」船内分室","東京都","〒100-8799 東京都中央区銀座8-20-26 ※郵頼申込み先住所であり、臨時出張所開設予定はありません。本件は、郵頼のみの受付となります。","東京都中央区銀座8-20-26 ※郵頼申込み先住所であり、臨時出張所開設予定はありません。本件は、郵頼のみの受付となります。","35.664875","139.763565","","","https://www.post.japanpost.jp/kitte_hagaki/stamp/fuke//detail.php?id=508","〒100-8799 東京都中央区銀座8-20-26 日本郵便株式会社 銀座郵便局気付 「東南アジア青年の船」スタンプ係あて ・郵頼受付期間は、平成25年10月11日（金）～同年10月25日（金）（当日消印有効）となりますので、余裕を持ってお申込ください。 ・押印の指示内容、お客様の電話連絡先をご明記ください。 ・返信用封筒等を忘れずに送付ください。 ・詳細については、ゆうびんホームページをご確認ください。 http://www.post.japanpost.jp/notification/pressrelease /2013/03_tokyo/1010_01.html"
"737","名古屋中央郵便局（旧 名古屋中央郵便局名古屋駅前分室）","愛知県","〒450-8998 愛知県名古屋市中村区名駅1－1－1 JPタワー名古屋1階","愛知県名古屋市中村区名駅1－1－1 JPタワー名古屋1階","35.173313","136.88266","","","https://www.post.japanpost.jp/kitte_hagaki/stamp/fuke//detail.php?id=737","〒450-8998 愛知県名古屋市中村区名駅1丁目1-1 JPタワー名古屋1階 名古屋中央郵便局 「名古屋中央郵便局 記念押印担当」あて ・郵頼は余裕を持ってお申込みください。 ・押印の指示内容、お客様の電話連絡先をご明記ください。 ・返信用封筒等を忘れずに同封してください。"
"739","名古屋柳橋郵便局（旧 タワーズ内郵便局）","愛知県","〒450-0002 愛知県名古屋市中村区名駅4－23－13 名古屋大同生命ビル1階","愛知県名古屋市中村区名駅4－23－13 名古屋大同生命ビル1階","35.168327","136.888626","","","https://www.post.japanpost.jp/kitte_hagaki/stamp/fuke//detail.php?id=739","〒450-0002 愛知県名古屋市中村区名駅1－1－4 JRセントラルタワーズ1階 タワーズ内郵便局 「名古屋柳橋郵便局 初日押印担当」あて ・郵頼は、12月9日(水)到着分まで対応します。 ・郵頼は余裕を持ってお申込みください。 ・押印の指示内容、お客様の電話連絡先をご明記ください。 ・返信用封筒等を忘れずに同封してください。"
"735","名古屋西郵便局（旧 名古屋中央郵便局）","愛知県","〒450-8799 愛知県名古屋市西区天神山町4－5","愛知県名古屋市西区天神山町4－5","35.189068","136.883408","","","https://www.post.japanpost.jp/kitte_hagaki/stamp/fuke//detail.php?id=735","〒450-8799 愛知県名古屋市西区天神山町4－5 名古屋中央郵便局 「名古屋西郵便局 初日押印担当」あて ・郵頼は、12月2日(水)到着分まで対応します。 ・郵頼は余裕を持ってお申込みください。 ・押印の指示内容、お客様の電話連絡先をご明記ください。 ・返信用封筒等を忘れずに同封してください。"
"813","豊岬郵便局","北海道","〒078-4431 北海道苫前郡初山別村豊岬213","北海道苫前郡初山別村豊岬213","44.5578","141.772736","","","https://www.post.japanpost.jp/kitte_hagaki/stamp/fuke//detail.php?id=813","〒078-4431 北海道苫前郡初山別村豊岬213 豊岬郵便局 記念押印担当あて"
"827","釧路新富士郵便局","北海道","〒084-0904 北海道釧路市新富士町3丁目3-12","北海道釧路市新富士町3丁目3-12","43.002926","144.350296","","","https://www.post.japanpost.jp/kitte_hagaki/stamp/fuke//detail.php?id=827","〒084-0904 北海道釧路市新富士町3丁目3－12 釧路新富士郵便局 記念押印担当あて"
"855","弟子屈郵便局","北海道","〒088-3299 北海道川上郡弟子屈町中央1－8－25","北海道川上郡弟子屈町中央1－8－25","43.486023","144.457703","","","https://www.post.japanpost.jp/kitte_hagaki/stamp/fuke//detail.php?id=855","・郵頼をお申込みされるお客さまで使用開始日（平成29年8月8日（火））の日付で押印ご希望のお客様は、平成29年8月7日(月)までに必着するよう郵送してください。 ・「新意匠押印希望」の旨を明記して郵送してください。 ・押印の指示内容、お客様の電話連絡先をご明記ください。 ・返信用封筒等を忘れずに同封してください。 〒088-3299 北海道川上郡弟子屈町中央1－8－25 弟子屈郵便局 「新意匠風景印」担当あて"
"856","釧路武佐郵便局","北海道","〒085-0806 北海道釧路市武佐2－1－15","北海道釧路市武佐2－1－15","42.97781","144.422913","","","https://www.post.japanpost.jp/kitte_hagaki/stamp/fuke//detail.php?id=856","・郵頼をお申込みされるお客さまで使用開始日（平成29年8月14日（月））の日付で押印ご希望のお客様は、平成29年8月10日(木)までに必着するよう郵送してください。 ・押印の指示内容、お客様の電話連絡先をご明記ください。 ・返信用封筒等を忘れずに同封してください。 〒085-0806 北海道釧路市武佐2－1－15 釧路武佐郵便局 「風景印」担当あて"
"872","手稲星置駅前郵便局","北海道","〒006-0851 北海道札幌市手稲区星置1条3丁目3-2","北海道札幌市手稲区星置1条3丁目3-2","43.133354","141.211426","","","https://www.post.japanpost.jp/kitte_hagaki/stamp/fuke//detail.php?id=872","・郵頼をお申込みされるお客さまで使用開始日（平成29年11月24日（金））の日付で押印ご希望のお客様は、平成29年11月22日(水)までに必着するよう郵送してください。 ・押印の指示内容、お客様の電話連絡先をご明記ください。 ・返信用封筒等を忘れずに同封してください。 〒006-0851 札幌市手稲区星置1条3丁目3－2 手稲星置駅前郵便局 「風景印」担当あて"
"877","釧路愛国郵便局","北海道","〒085-0058 北海道釧路市愛国東2－5－16","北海道釧路市愛国東2－5－16","43.007023","144.390106","","","https://www.post.japanpost.jp/kitte_hagaki/stamp/fuke//detail.php?id=877","・郵頼をお申込みされるお客さまで使用開始日（平成30年1月15日（月））の日付で押印ご希望のお客様は、平成30年1月11日(木)までに必着するよう郵送してください。 ・押印の指示内容、お客様の電話連絡先をご明記ください。 ・返信用封筒等を忘れずに同封してください。 〒085-0058 北海道釧路市愛国東2－5－16 釧路愛国郵便局 「風景印」担当あて"
"878","布伏内郵便局","北海道","〒085-0222 北海道釧路市阿寒町布伏内22線北41番地27","北海道釧路市阿寒町布伏内22線北41番地27","43.188515","144.082733","","","https://www.post.japanpost.jp/kitte_hagaki/stamp/fuke//detail.php?id=878","・郵頼をお申込みされるお客さまで使用開始日（平成30年1月15日（月））の日付で押印ご希望のお客様は、平成30年1月11日(木)までに必着するよう郵送してください。 ・押印の指示内容、お客様の電話連絡先をご明記ください。 ・返信用封筒等を忘れずに同封してください。 〒085-0222 北海道釧路市阿寒町布伏内22線北41番地27 布伏内郵便局 「風景印」担当あて"
"887","イオンモール苫小牧内郵便局","北海道","〒053-0053 北海道苫小牧市柳町3-1-20","北海道苫小牧市柳町3-1-20","42.657063","141.640335","","","https://www.post.japanpost.jp/kitte_hagaki/stamp/fuke//detail.php?id=887","・郵頼をお申込みされるお客さまで使用開始日（平成30年3月20日（火））の日付で押印ご希望のお客様は、平成30年3月16日(金)までに必着するよう郵送してください。 ・押印の指示内容、お客様の電話連絡先をご明記ください。 ・返信用封筒等を忘れずに同封してください。 〒053-0053 北海道苫小牧市柳町3－1－20 イオンモール苫小牧内郵便局 「風景印」担当あて"
"882","都郵便局","北海道","〒046-0541 北海道余市郡赤井川村字都87","北海道余市郡赤井川村字都87","43.056477","140.835342","","","https://www.post.japanpost.jp/kitte_hagaki/stamp/fuke//detail.php?id=882","・郵頼をお申込みされるお客さまで使用開始日（平成30年3月1日（木））の日付で押印ご希望のお客様は、平成30年2月27日(火)までに必着するよう郵送してください。 ・押印の指示内容、お客様の電話連絡先をご明記ください。 ・返信用封筒等を忘れずに同封してください。 〒046-0541 北海道余市郡赤井川村字都87 都郵便局 「風景印」担当あて"
"891","島田郵便局","静岡県","〒427-8799 静岡県島田市中央町17-1","静岡県島田市中央町17-1","34.837864","138.176193","","","https://www.post.japanpost.jp/kitte_hagaki/stamp/fuke//detail.php?id=891","〒427-8799 静岡県島田市中央町17-1 島田郵便局 風景印押印担当あて"
"892","田原郵便局","愛知県","〒441-3499 愛知県田原市田原町清谷84-6","愛知県田原市田原町清谷84-6","34.667549","137.264084","","","https://www.post.japanpost.jp/kitte_hagaki/stamp/fuke//detail.php?id=892","〒441-3499 愛知県田原市田原町清谷84－6 田原郵便局 風景印押印担当あて"
"897","札幌大通公園前郵便局","北海道","〒060-0042 北海道北海道札幌市中央区大通西4－6－8","北海道北海道札幌市中央区大通西4－6－8","43.802906","143.894684","","","https://www.post.japanpost.jp/kitte_hagaki/stamp/fuke//detail.php?id=897","〒060-0042 北海道札幌市中央区大通西4－6－8 札幌大通公園前郵便局（風景印担当）あて"
"910","北見郵便局","北海道","〒090-8799 北海道北見市北6条東1丁目1-1","北海道北見市北6条東1丁目1-1","43.8078","143.892853","","","https://www.post.japanpost.jp/kitte_hagaki/stamp/fuke//detail.php?id=910","〒090-8799 北海道北見市北6条東1丁目1-1 北見郵便局（風景印担当）あて"
"906","古平浜町郵便局","北海道","〒046-0121 北海道古平郡古平町大字浜町68番地","北海道古平郡古平町大字浜町68番地","43.264061","140.640961","","","https://www.post.japanpost.jp/kitte_hagaki/stamp/fuke//detail.php?id=906","〒046-0121 北海道古平郡古平町大字浜町68番地 古平浜町郵便局（風景印担当）あて"
"911","常呂郵便局","北海道","〒093-0299 北海道北見市常呂町字常呂338番地2","北海道北見市常呂町字常呂338番地2","44.120422","144.073364","","","https://www.post.japanpost.jp/kitte_hagaki/stamp/fuke//detail.php?id=911","〒093-0299 北海道北見市常呂町字常呂338番地2 常呂郵便局（風景印担当）あて"
"966","恵庭漁町","北海道","〒061-1414 北海道恵庭市漁町22","北海道恵庭市漁町22","42.880836","141.576797","","","https://www.post.japanpost.jp/kitte_hagaki/stamp/fuke//detail.php?id=966","〒061-1414 北海道恵庭市漁町22 恵庭漁町郵便局（風景印担当）あて"
"1066","支笏湖郵便局","北海道","〒066-0281 北海道千歳市支笏湖温泉3","北海道千歳市支笏湖温泉3","42.778595","141.397797","","","https://www.post.japanpost.jp/kitte_hagaki/stamp/fuke//detail.php?id=1066","〒066-0281 北海道千歳市支笏湖温泉3 支笏湖郵便局（風景印担当）あて"
"1070","恵庭柏木中通郵便局","北海道","〒061-1434 北海道恵庭市柏陽町3丁目22-10","北海道恵庭市柏陽町3丁目22-10","42.893295","141.567261","","","https://www.post.japanpost.jp/kitte_hagaki/stamp/fuke//detail.php?id=1070","〒061-1434 北海道恵庭市柏陽町3丁目22-10 恵庭柏木中通郵便局（風景印担当）あて"
"1075","恵庭黄金郵便局","北海道","〒061-1409 北海道恵庭市黄金南1丁目10-4","北海道恵庭市黄金南1丁目10-4","42.882759","141.591522","","","https://www.post.japanpost.jp/kitte_hagaki/stamp/fuke//detail.php?id=1075","〒061-1409 北海道恵庭市黄金南1丁目10-4 恵庭黄金郵便局（風景印担当）あて"
"1081","恵庭恵み野中郵便局","北海道","〒061-1373 北海道恵庭市恵み野西5丁目3-2","北海道恵庭市恵み野西5丁目3-2","42.906731","141.583282","","","https://www.post.japanpost.jp/kitte_hagaki/stamp/fuke//detail.php?id=1081","〒061-1373 北海道恵庭市恵み野西5丁目3-2 恵庭恵み野中郵便局（風景印担当）あて"
"1100","天塩郵便局","北海道","〒098-3399 北海道天塩郡天塩町海岸通5丁目55-4","北海道天塩郡天塩町海岸通5丁目55-4","44.884327","141.741226","","","https://www.post.japanpost.jp/kitte_hagaki/stamp/fuke//detail.php?id=1100","〒098-3399 北海道天塩郡天塩町海岸通5丁目55-4 天塩郵便局（風景印担当）あて"
"1102","長泉竹原郵便局","静岡県","〒411-0944 静岡県静岡県駿東郡長泉町竹原251－2","静岡県静岡県駿東郡長泉町竹原251－2","34.975185","138.383286","","","https://www.post.japanpost.jp/kitte_hagaki/stamp/fuke//detail.php?id=1102","〒411-0943 静岡県駿東郡長泉町下土狩6－7 三軒家郵便局 ・2019年9月24日（火）以降の郵頼先は、以下の通りとなります。 【郵頼送付先等】 〒411-0944 静岡県駿東郡長泉町竹原251－2 長泉竹原郵便局 ・旧意匠の風景印を押印依頼の場合は、9月17日（火）到着分まで押印します。「旧意匠押印希望」の旨を明記して余裕をもって郵送してください。窓口での最終押印は使用最終日9月20日（金）の郵便窓口終了時間です。 ・新意匠の使用開始日の風景印を郵頼希望の場合は、9月17日（火）までに必着するよう「新意匠押印希望」の旨を明記して余裕をもって、郵送してください。窓口での押印開始は9月24日（火）窓口開始時間です。 ・新旧の押印を郵頼希望される場合は、同封でも差し支えありませんが、9月17日（火）までに必着するように、「新・旧意匠押印希望」の旨を明記して、余裕をもって郵送してください。なお、新旧の風景印の押印指示等が明確にわかるように内容を記載してください。 ・郵頼希望される場合は、ご連絡先・お電話番号を必ずご明記の上返信用封筒（切手貼付済）を忘れずに同封してください。"
"1110","以西郵便局","鳥取県","〒689-2523 鳥取県鳥取県東伯郡琴浦町高岡475－2","鳥取県鳥取県東伯郡琴浦町高岡475－2","35.494453","134.222153","","","https://www.post.japanpost.jp/kitte_hagaki/stamp/fuke//detail.php?id=1110","〒689-2523 鳥取県東伯郡琴浦町高岡475－2 以西郵便局 記念押印担当あて ・押印サービスご希望のお客さまは、窓口にお越しいただくか郵頼にてお申込みください。 ・使用開始日の2019年10月1日(火)の日付で押印ご希望のお客さまは、2019年9月26日(木)までに必着するよう郵送してください。 ・押印の指示内容、お客さまの電話連絡先を必ずご明記ください。 ・返信用封筒を忘れずに送付してください。 ※10月1日(火)から郵便料金が変更となります。記念押印用の切手の金額及び返信用の切手の金額にご注意ください。"
"1112","北条郵便局","鳥取県","〒689-2114 鳥取県東伯郡北栄町北尾518－6","鳥取県東伯郡北栄町北尾518－6","35.481792","133.813339","","","https://www.post.japanpost.jp/kitte_hagaki/stamp/fuke//detail.php?id=1112","〒689-2114 鳥取県東伯郡北栄町北尾518－6 北条郵便局 記念押印担当あて ・押印サービスご希望のお客さまは、窓口にお越しいただくか郵頼にてお申込みください。 ・使用開始日の2019年10月3日(木)の日付で押印ご希望のお客さまは、2019年9月30日(月)までに必着するよう郵送してください。 ・押印の指示内容、お客さまの電話連絡先を必ずご明記ください。 ・返信用封筒を忘れずに送付してください。 ※10月1日(火)から郵便料金が変更となります。記念押印用の切手の金額及び返信用の切手の金額にご注意ください。"
"1109","賀陽郵便局","岡山県","〒716-1199 岡山県加賀郡吉備中央町竹荘495-5","岡山県加賀郡吉備中央町竹荘495-5","34.864677","133.678558","","","https://www.post.japanpost.jp/kitte_hagaki/stamp/fuke//detail.php?id=1109","〒716-1199 岡山県加賀郡吉備中央町竹荘495－5 賀陽郵便局 記念押印担当あて ・押印サービスご希望のお客さまは、窓口にお越しいただくか郵頼にてお申込みください。 ・使用開始日の2019年10月1日(火)の日付で押印ご希望のお客さまは、2019年9月26日(木)までに必着するよう郵送してください。 ・押印の指示内容、お客さまの電話連絡先を必ずご明記ください。 ・返信用封筒を忘れずに送付してください。 ※10月1日(火)から郵便料金が変更となります。記念押印用の切手の金額及び返信用の切手の金額にご注意ください。"
"1114","大栄瀬戸郵便局","鳥取県","〒689-2205 鳥取県東伯郡北栄町瀬戸33－5","鳥取県東伯郡北栄町瀬戸33－5","35.482143","133.775879","","","https://www.post.japanpost.jp/kitte_hagaki/stamp/fuke//detail.php?id=1114","〒689-2205 鳥取県東伯郡北栄町瀬戸33－5 大栄瀬戸郵便局 記念押印担当あて ・押印サービスご希望のお客さまは、窓口にお越しいただくか郵頼にてお申込みください。 ・使用開始日の2019年10月3日(木)の日付で押印ご希望のお客さまは、2019年9月30日(月)までに必着するよう郵送してください。 ・押印の指示内容、お客さまの電話連絡先を必ずご明記ください。 ・返信用封筒を忘れずに送付してください。 ※10月1日(火)から郵便料金が変更となります。記念押印用の切手の金額及び返信用の切手の金額にご注意ください。"
"1113","由良郵便局","鳥取県","〒689-2221 鳥取県東伯郡北栄町由良宿804－14","鳥取県東伯郡北栄町由良宿804－14","35.491295","133.754608","","","https://www.post.japanpost.jp/kitte_hagaki/stamp/fuke//detail.php?id=1113","〒689-2221 鳥取県東伯郡北栄町由良宿804－14 由良郵便局 記念押印担当あて ・押印サービスご希望のお客さまは、窓口にお越しいただくか郵頼にてお申込みください。 ・使用開始日の2019年10月3日(木)の日付で押印ご希望のお客さまは、2019年9月30日(月)までに必着するよう郵送してください。 ・押印の指示内容、お客さまの電話連絡先を必ずご明記ください。 ・返信用封筒を忘れずに送付してください。 ※10月1日(火)から郵便料金が変更となります。記念押印用の切手の金額及び返信用の切手の金額にご注意ください。"
"1115","中北条郵便局","鳥取県","〒689-2101 鳥取県東伯郡北栄町江北513－4","鳥取県東伯郡北栄町江北513－4","35.4813","133.837341","","","https://www.post.japanpost.jp/kitte_hagaki/stamp/fuke//detail.php?id=1115","〒689-2101 鳥取県東伯郡北栄町江北513－4 中北条郵便局 記念押印担当あて ・押印サービスご希望のお客さまは、窓口にお越しいただくか郵頼にてお申込みください。 ・使用開始日の2019年10月3日(木)の日付で押印ご希望のお客さまは、2019年9月30日(月)までに必着するよう郵送してください。 ・押印の指示内容、お客さまの電話連絡先を必ずご明記ください。 ・返信用封筒を忘れずに送付してください。 ※10月1日(火)から郵便料金が変更となります。記念押印用の切手の金額及び返信用の切手の金額にご注意ください。"
"1130","下松東柳郵便局","山口県","〒744-0017 山口県下松市東柳2-1-7","山口県下松市東柳2-1-7","34.014683","131.868225","","","https://www.post.japanpost.jp/kitte_hagaki/stamp/fuke//detail.php?id=1130","〒744-0017 山口県下松市東柳2-1-7 下松東柳郵便局 記念押印担当あて ・押印サービスご希望のお客さまは、窓口にお越しいただくか郵頼にてお申込みください。 ・使用開始日の2019年11月5日(火)の日付で押印ご希望のお客さまは、2019年10月30日(水)までに必着するよう郵送してください。 ・押印の指示内容、お客さまの電話連絡先を必ずご明記ください。 ・返信用封筒を忘れずに送付してください。 ※10月1日(火)から郵便料金が変更されています。記念押印用の切手の金額及び返信用の切手の金額にご注意ください。"
"1136","緑郵便局","北海道","〒099-4525 北海道斜里郡清里町緑町4-5","北海道斜里郡清里町緑町4-5","43.714394","144.507919","","","https://www.post.japanpost.jp/kitte_hagaki/stamp/fuke//detail.php?id=1136","〒099-4525 北海道斜里郡清里町緑町4-5 緑郵便局（風景印担当）あて"
"1131","小樽堺町郵便局","北海道","〒047-0027 北海道小樽市堺町6-14","北海道小樽市堺町6-14","43.191826","141.006866","","","https://www.post.japanpost.jp/kitte_hagaki/stamp/fuke//detail.php?id=1131","〒047-0027 北海道小樽市堺町6-14 小樽堺町郵便局（風景印担当）あて"
"1139","札弦郵便局","北海道","〒099-4599 北海道斜里郡清里町札弦町5-1","北海道斜里郡清里町札弦町5-1","43.774597","144.522781","","","https://www.post.japanpost.jp/kitte_hagaki/stamp/fuke//detail.php?id=1139","〒099-4599 北海道斜里郡清里町札弦町5-1 札弦郵便局（風景印担当）あて"
"1138","清里郵便局","北海道","〒099-4499 北海道斜里郡清里町水元町13","北海道斜里郡清里町水元町13","43.842419","144.597809","","","https://www.post.japanpost.jp/kitte_hagaki/stamp/fuke//detail.php?id=1138","〒099-4499 北海道斜里郡清里町水元町13 清里郵便局（風景印担当）あて"
"1140","社台郵便局","北海道","〒059-0901 北海道白老郡白老町字社台55－5","北海道白老郡白老町字社台55－5","42.578011","141.417542","","","https://www.post.japanpost.jp/kitte_hagaki/stamp/fuke//detail.php?id=1140","〒059-0901 北海道白老郡白老町字社台55－5 社台郵便局（風景印担当）あて"
"1146","小樽長橋郵便局","北海道","〒047-0036 北海道小樽市長橋3丁目1-2","北海道小樽市長橋3丁目1-2","43.207806","140.979324","","","https://www.post.japanpost.jp/kitte_hagaki/stamp/fuke//detail.php?id=1146","〒047-0036 北海道小樽市長橋3丁目1-2 小樽長橋郵便局（風景印担当）あて"
"1144","稗造簡易郵便局","石川県","〒925-0432 石川県羽咋郡志賀町今田二116","石川県羽咋郡志賀町今田二116","37.166183","136.78746","","","https://www.post.japanpost.jp/kitte_hagaki/stamp/fuke//detail.php?id=1144","〒925-0432 石川県羽咋郡志賀町今田二116 稗造簡易郵便局（風景印担当）あて ※日本国外からの押印依頼について 当局は、国際郵便の取扱いを行っておりませんので、日本国外あての郵便物への引受消印としての押印はできません。"
"1147","五明","愛媛県","〒799-2648 愛媛県松山市菅沢町甲967-17","愛媛県松山市菅沢町甲967-17","33.906826","132.811676","","","https://www.post.japanpost.jp/kitte_hagaki/stamp/fuke//detail.php?id=1147","〒799-2648 愛媛県松山市菅沢町甲967-17 五明郵便局 記念押印担当及び引受押印担当あて"
"1162","長沢郵便局","静岡県","〒411-0905 静岡県駿東郡清水町長沢306－6","静岡県駿東郡清水町長沢306－6","35.104904","138.891479","","","https://www.post.japanpost.jp/kitte_hagaki/stamp/fuke//detail.php?id=1162","〒411-0905 静岡県駿東郡清水町長沢306－6 長沢郵便局 ・旧意匠の風景印を押印依頼の場合は、1月30日（木）到着分まで押印します。「旧意匠押印希望」の旨を明記して余裕をもって郵送してください。窓口での最終押印は使用最終日1月31日（金）の郵便窓口終了時間です。 ・新意匠の使用開始日の風景印を郵頼希望の場合は1月30日（木）までに必着するよう「新意匠押印希望」の旨を明記して余裕をもって、郵送してください。窓口での押印開始は2月3日(月)窓口開始時間です。 ・新旧の押印を郵頼希望される場合は、同封でも差し支えありませんが、1月30日（木）までに必着するように、「新・旧意匠押印希望」の旨を明記して、余裕をもって郵送してください。なお、新旧の風景印の押印指示等が明確にわかるように内容を記載してください。 ・郵頼希望される場合は、ご連絡先・お電話番号を必ずご明記の上、返信用封筒（切手貼付済）を忘れずに同封してください。"
"1158","三島清水郵便局","静岡県","〒411-0901 静岡県駿東郡清水町新宿104","静岡県駿東郡清水町新宿104","35.113827","138.901062","","","https://www.post.japanpost.jp/kitte_hagaki/stamp/fuke//detail.php?id=1158","〒411-0901 静岡県駿東郡清水町新宿104 三島清水郵便局 ・旧意匠の風景印を押印依頼の場合は、1月30日（木）到着分まで押印します。「旧意匠押印希望」の旨を明記して余裕をもって郵送してください。窓口での最終押印は使用最終日1月31日（金）の郵便窓口終了時間です。 ・新意匠の使用開始日の風景印を郵頼希望の場合は1月30日（木）までに必着するよう「新意匠押印希望」の旨を明記して余裕をもって、郵送してください。窓口での押印開始は2月3日(月)窓口開始時間です。 ・新旧の押印を郵頼希望される場合は、同封でも差し支えありませんが、1月30日（木）までに必着するように、「新・旧意匠押印希望」の旨を明記して、余裕をもって郵送してください。なお、新旧の風景印の押印指示等が明確にわかるように内容を記載してください。 ・郵頼希望される場合は、ご連絡先・お電話番号を必ずご明記の上、返信用封筒（切手貼付済）を忘れずに同封してください。"
"1160","三島徳倉橋郵便局","静岡県","〒411-0917 静岡県駿東郡清水町徳倉1561－1","静岡県駿東郡清水町徳倉1561－1","35.089771","138.898178","","","https://www.post.japanpost.jp/kitte_hagaki/stamp/fuke//detail.php?id=1160","〒 411-0917 静岡県駿東郡清水町徳倉1561－1 三島徳倉橋郵便局 ・旧意匠の風景印を押印依頼の場合は、1月30日（木）到着分まで押印します。「旧意匠押印希望」の旨を明記して余裕をもって郵送してください。窓口での最終押印は使用最終日1月31日（金）の郵便窓口終了時間です。 ・新意匠の使用開始日の風景印を郵頼希望の場合は1月30日（木）までに必着するよう「新意匠押印希望」の旨を明記して余裕をもって、郵送してください。窓口での押印開始は2月3日(月)窓口開始時間です。 ・新旧の押印を郵頼希望される場合は、同封でも差し支えありませんが、1月30日（木）までに必着するように、「新・旧意匠押印希望」の旨を明記して、余裕をもって郵送してください。なお、新旧の風景印の押印指示等が明確にわかるように内容を記載してください。 ・郵頼希望される場合は、ご連絡先・お電話番号を必ずご明記の上、返信用封筒（切手貼付済）を忘れずに同封してください。"
"1169","広島船越郵便局","広島県","〒736-0081 広島県広島市安芸区船越5丁目13－20","広島県広島市安芸区船越5丁目13－20","34.375031","132.522552","","","https://www.post.japanpost.jp/kitte_hagaki/stamp/fuke//detail.php?id=1169","〒736-0081 広島県広島市安芸区船越5丁目13－20 広島船越郵便局 記念押印担当あて ・押印サービスご希望のお客さまは、窓口にお越しいただくか郵頼にてお申込みください。 ・使用開始日の2020年2月13日(木)の日付で押印ご希望のお客さまは、2020年2月10日(月)までに必着するよう郵送してください。 ・押印の指示内容、お客さまの電話連絡先を必ずご明記ください。 ・返信用封筒を忘れずに送付してください。"
"1152","岡崎康生通西郵便局","愛知県","〒444-0059 愛知県岡崎市康生通西4－32","愛知県岡崎市康生通西4－32","34.958607","137.158905","","","https://www.post.japanpost.jp/kitte_hagaki/stamp/fuke//detail.php?id=1152","〒444-0059 愛知県岡崎市康生通西4－32 岡崎康生通西郵便局 ・旧意匠の風景印を押印依頼の場合は、1月15日（水）到着分まで押印します。「旧意匠押印希望」の旨を明記して余裕をもって郵送してください。窓口での最終押印は使用最終日1月17日（金）の郵便窓口終了時間です。 ・新意匠の使用開始日の風景印を郵頼希望の場合は1月15日（水）までに必着するよう「新意匠押印希望」の旨を明記して余裕をもって、郵送してください。窓口での押印開始は1月20日（月）窓口開始時間です。 ・新旧の押印を郵頼希望される場合は、同封でも差し支えありませんが、1月15日（水）までに必着するように、「新・旧意匠押印希望」の旨を明記して、余裕をもって郵送してください。なお、新旧の風景印の押印指示等が明確にわかるように内容を記載してください。 ・郵頼希望される場合は、ご連絡先・お電話番号を必ずご明記の上、返信用封筒（切手貼付済）を忘れずに同封してください。"
"1172","東旭川郵便局","北海道","〒078-8251 北海道旭川市東旭川北一条6-1-4","北海道旭川市東旭川北一条6-1-4","43.771248","142.441452","","","https://www.post.japanpost.jp/kitte_hagaki/stamp/fuke//detail.php?id=1172","〒078-8251 北海道旭川市東旭川北一条6-1-4 東旭川郵便局（風景印担当）あて"
"1173","浦崎郵便局","広島県","〒720-0551 広島県尾道市浦崎町2105－6","広島県尾道市浦崎町2105－6","34.401394","133.270065","","","https://www.post.japanpost.jp/kitte_hagaki/stamp/fuke//detail.php?id=1173","〒720-0551 広島県尾道市浦崎町2105－6 浦崎郵便局 記念押印担当あて ・押印サービスご希望のお客さまは、窓口にお越しいただくか郵頼にてお申込みください。 ・使用開始日の2020年2月19日(水)の日付で押印ご希望のお客さまは、2020年2月13日(木)までに必着するよう郵送してください。 ・押印の指示内容、お客さまの電話連絡先を必ずご明記ください。 ・返信用封筒を忘れずに送付してください。"
"1184","氷見郵便局","富山県","〒935-8799 富山県氷見市丸の内11-28","富山県氷見市丸の内11-28","36.857121","136.986633","","","https://www.post.japanpost.jp/kitte_hagaki/stamp/fuke//detail.php?id=1184","〒935-8799 富山県氷見市丸の内11-28 氷見郵便局 風景印担当 あて"
"1177","安芸西条郵便局","広島県","〒739-8799 広島県東広島市西条栄町10－38","広島県東広島市西条栄町10－38","34.427357","132.74144","","","https://www.post.japanpost.jp/kitte_hagaki/stamp/fuke//detail.php?id=1177","〒739-8799 広島県東広島市西条栄町10－38 安芸西条郵便局 記念押印担当あて ・押印サービスご希望のお客さまは、窓口にお越しいただくか郵頼にてお申込みください。 ・押印の指示内容、お客さまの電話連絡先を必ずご明記ください。 ・返信用封筒を忘れずに送付してください。 ・旧デザインの風景印の郵頼締切は2020年3月2日(月)です。 ・押印を希望する風景印が「旧デザインの風景印」か「新デザインの風景印」のどちらかをご明記ください。 ※本風景印は「2020春の西条・醸華町まつり」のイベントに合わせ使用開始を予定しておりましたが、イベント中止を受け、急遽、3月7日(土)のみ記念押印専用の臨時出張所を開設いたします。 [臨時出張所の開設時間等] 開設日 ： 3月7日(土) 開設時間：10：00～11：00 開設場所：安芸西条郵便局 ゆうゆう窓口横 ※記念押印のみ受付けますので、切手類販売及び引受消印は、ゆうゆう窓口をご利用ください。 ・郵頼による記念押印も受付けいたしますので、ご希望のお客さまは3月4日(水)までに必着するよう郵送してください。"
"1199","弥生郵便局","石川県","〒921-8036 石川県金沢市弥生1-18-10","石川県金沢市弥生1-18-10","36.548737","136.649338","","","https://www.post.japanpost.jp/kitte_hagaki/stamp/fuke//detail.php?id=1199","〒921-8036 石川県金沢市弥生1-18-10 弥生郵便局 押印担当 あて ・郵頼による初日押印は、3月18日(水)到着分まで対応します。 ・郵頼は余裕を持ってお申込みください。 ・押印の指示内容、お客様の電話連絡先をご明記ください。 ・返信用封筒等を忘れずに同封してください。"
"1188","井原郵便局","広島県","〒739-1301 広島県広島市安佐北区白木町井原4402","広島県広島市安佐北区白木町井原4402","34.587143","132.675491","","","https://www.post.japanpost.jp/kitte_hagaki/stamp/fuke//detail.php?id=1188","〒739-1301 広島県広島市安佐北区白木町井原4402 井原郵便局 記念押印担当あて ・押印サービスご希望のお客さまは、窓口にお越しいただくか郵頼にてお申込みください。 ・使用開始日の2020年4月1日(水)の日付で押印ご希望のお客さまは、2020年3月25日(水)までに必着するよう郵送してください。 ・押印の指示内容、お客さまの電話連絡先を必ずご明記ください。 ・返信用封筒を忘れずに送付してください。"
"1193","白老郵便局","北海道","〒059-0999 北海道白老郡白老町大町3－4－20","北海道白老郡白老町大町3－4－20","42.552338","141.362564","","","https://www.post.japanpost.jp/kitte_hagaki/stamp/fuke//detail.php?id=1193","〒059-0999 北海道白老郡白老町大町3－4－20 白老郵便局（風景印担当）あて"
"1189","国府宮ノ下郵便局","鳥取県","〒680-8063 鳥取県鳥取市国府町奥谷3丁目310-2","鳥取県鳥取市国府町奥谷3丁目310-2","35.482975","134.261414","","","https://www.post.japanpost.jp/kitte_hagaki/stamp/fuke//detail.php?id=1189","①2020年3月19日(木)まで 〒680-0081 鳥取県鳥取市岩倉464-1 鳥取岩倉郵便局 記念押印担当あて ②2020年3月23日(月)以降 〒680-8063 鳥取県鳥取市国府町奥谷3丁目310-2 国府宮ノ下郵便局 記念押印担当あて ・押印サービスご希望のお客さまは、窓口にお越しいただくか郵頼にてお申込みください。 ・使用開始日の2020年3月23日(月)の日付で押印ご希望のお客さまは、2020年3月16日(月)までに必着するよう郵送してください。 ・押印の指示内容、お客さまの電話連絡先を必ずご明記ください。 ・返信用封筒を忘れずに送付してください。 ・旧デザインの風景印の郵頼締切は2020年3月16日(月)です。 ・押印を希望する風景印が「旧デザインの風景印」か「新デザインの風景印」のどちらかをご明記ください。"
"1206","金沢芦中郵便局","石川県","〒921-8036 石川県金沢市弥生1-31-32","石川県金沢市弥生1-31-32","36.550064","136.644455","","","https://www.post.japanpost.jp/kitte_hagaki/stamp/fuke//detail.php?id=1206","〒921-8036 石川県金沢市弥生1-31-32 金沢芦中郵便局 押印担当 あて ・郵頼による初日押印は、3月30日(月)到着分まで対応します。 ・郵頼は余裕を持ってお申込みください。 ・押印の指示内容、お客様の電話連絡先をご明記ください。 ・返信用封筒等を忘れずに同封してください。"
"1214","イオンモール釧路昭和内郵便局","北海道","〒084-0910 北海道釧路市昭和中央4－18－1","北海道釧路市昭和中央4－18－1","43.026386","144.359985","","","https://www.post.japanpost.jp/kitte_hagaki/stamp/fuke//detail.php?id=1214","〒084-0910 北海道釧路市昭和中央4－18－1 イオンモール釧路昭和内郵便局（風景印担当）あて"
"1216","七滝郵便局","熊本県","〒861-3399 熊本県上益城郡御船町七滝2106","熊本県上益城郡御船町七滝2106","32.721973","130.869598","","","https://www.post.japanpost.jp/kitte_hagaki/stamp/fuke//detail.php?id=1216","〒861-3399 熊本県上益城郡御船町七滝2106 七滝郵便局（風景印担当）あて"
"1219","虻田郵便局","北海道","〒049-5699 北海道虻田郡洞爺湖町本町33－1","北海道虻田郡洞爺湖町本町33－1","42.549999","140.761917","","","https://www.post.japanpost.jp/kitte_hagaki/stamp/fuke//detail.php?id=1219","〒049-5699 北海道虻田郡洞爺湖町本町33－1 虻田郵便局（風景印担当）あて"
"1220","宮崎中央郵便局","宮崎県","〒880-8799 宮崎県宮崎市高千穂通1-1-34","宮崎県宮崎市高千穂通1-1-34","31.916374","131.425903","","","https://www.post.japanpost.jp/kitte_hagaki/stamp/fuke//detail.php?id=1220","〒880－8799 宮崎県宮崎市高千穂通1-1-34 宮崎中央郵便局（風景印担当）あて"
"1224","因幡万葉の郷郵便局","鳥取県","〒680-0146 鳥取県鳥取市国府町町屋255－6","鳥取県鳥取市国府町町屋255－6","35.476379","134.270523","","","https://www.post.japanpost.jp/kitte_hagaki/stamp/fuke//detail.php?id=1224","①2020年6月12日(金)まで 〒680-0146 鳥取県鳥取市国府町町屋255－6 国府郵便局 記念押印担当あて ②2020年6月15日(月)以降 〒680-0146 鳥取県鳥取市国府町町屋255－6 因幡万葉の郷郵便局 記念押印担当あて ・押印サービスご希望のお客さまは、窓口にお越しいただくか郵頼にてお申込みください。 ・使用開始日の2020年6月15日(月)の日付で押印ご希望のお客さまは、2020年6月10日(水)までに必着するよう郵送してください。 ・押印の指示内容、お客さまの電話連絡先を必ずご明記ください。 ・返信用封筒を忘れずに送付してください。 ・旧デザインの風景印の郵頼締切は2020年6月8日(月)です。 ・押印を希望する風景印が「旧デザインの風景印」か「新デザインの風景印」のどちらかをご明記ください。"
"1213","釧路住吉郵便局","北海道","〒085-0821 北海道釧路市鶴ヶ岱1-1-21","北海道釧路市鶴ヶ岱1-1-21","42.97649","144.395096","","","https://www.post.japanpost.jp/kitte_hagaki/stamp/fuke//detail.php?id=1213","〒085-0821 北海道釧路市鶴ヶ岱1-1-21 釧路住吉郵便局（風景印担当）あて"
"1247","常滑郵便局セントレア分室","愛知県","〒479-8799 愛知県常滑市セントレア1－1","愛知県常滑市セントレア1－1","34.858509","136.809021","","","https://www.post.japanpost.jp/kitte_hagaki/stamp/fuke//detail.php?id=1247","〒 479-8799 愛知県常滑市セントレア1－1 常滑郵便局セントレア分室 ・旧意匠の風景印を押印依頼の場合は、6月26日（金）到着分まで押印します。「旧意匠押印希望」の旨を明記して余裕をもって郵送してください。窓口での最終押印は使用最終日6月30日（火）の郵便窓口終了時間です。 ・新意匠の使用開始日の風景印を郵頼希望の場合は、6月29日（月）までに必着するよう「新意匠押印希望」の旨を明記して余裕をもって、郵送してください。窓口での押印開始は7月1日(水)窓口開始時間です。 ・新旧の押印を郵頼希望される場合は、同封でも差し支えありませんが、6月26日（金）までに必着するように、「新・旧意匠押印希望」の旨を明記して、余裕をもって郵送してください。なお、新旧の風景印の押印指示等が明確にわかるように内容を記載してください。 ・郵頼希望される場合は、ご連絡先・お電話番号を必ずご明記の上、返信用封筒（切手貼付済）を忘れずに同封してください。"
"1245","中部国際郵便局","愛知県","〒479-0199 愛知県常滑市セントレア3丁目13－2","愛知県常滑市セントレア3丁目13－2","34.871017","136.813721","","","https://www.post.japanpost.jp/kitte_hagaki/stamp/fuke//detail.php?id=1245","〒 479-0199 愛知県常滑市セントレア3丁目13－2 中部国際郵便局（風景印担当）あて ・旧意匠の風景印を押印依頼の場合は、6月26日（金）到着分まで押印します。「旧意匠押印希望」の旨を明記して余裕をもって郵送してください。窓口での最終押印は使用最終日6月30日（火）の郵便窓口終了時間です。 ・新意匠の使用開始日の風景印を郵頼希望の場合は、6月 29日（月）までに必着するよう「新意匠押印希望」の旨を明記して余裕をもって、郵送してください。窓口での押印開始は7 月 1日(水)窓口開始時間です。 ・新旧の押印を郵頼希望される場合は、同封でも差し支えありませんが、 6月 26日（金）までに必着するように、「新・旧意匠押印希望」の旨を明記して、余裕をもって郵送してください。なお、新旧の風景印の押印指示等が明確にわかるように内容を記載してください。 ・郵頼希望される場合は、ご連絡先・お電話番号を必ずご明記の上、返信用封筒（切手貼付済）を忘れずに同封してください。 ・多数の郵頼が見込まれるため、返信にお時間がかかる可能性があります。"
"1255","熊本北帯山郵便局","熊本県","〒862-0924 熊本県熊本市中央区帯山4－43－1","熊本県熊本市中央区帯山4－43－1","32.804493","130.748749","","","https://www.post.japanpost.jp/kitte_hagaki/stamp/fuke//detail.php?id=1255","〒862－0924 熊本県熊本市中央区帯山4－43－1 熊本北帯山郵便局（風景印担当）宛"
"1254","厳原郵便局","長崎県","〒817-8799 長崎県対馬市厳原町今屋敷676","長崎県対馬市厳原町今屋敷676","34.203213","129.289719","","","https://www.post.japanpost.jp/kitte_hagaki/stamp/fuke//detail.php?id=1254","〒817－8799 長崎県対馬市厳原町今屋敷676 厳原郵便局（風景印担当）宛"
"1253","東山代郵便局","佐賀県","〒849-4271 佐賀県伊万里市東山代町長浜2103－1","佐賀県伊万里市東山代町長浜2103－1","33.278374","129.84668","","","https://www.post.japanpost.jp/kitte_hagaki/stamp/fuke//detail.php?id=1253","〒849－4271 佐賀県伊万里市東山代町長浜2103－1 東山代郵便局（風景印担当）宛"
"1258","天竜西鹿島郵便局","静岡県","〒431-3313 静岡県浜松市天竜区二俣町鹿島542－18","静岡県浜松市天竜区二俣町鹿島542－18","34.845398","137.809631","","","https://www.post.japanpost.jp/kitte_hagaki/stamp/fuke//detail.php?id=1258","〒 431－3313 静岡県浜松市天竜区二俣町鹿島542－18 ・旧意匠の風景印を押印依頼の場合は、7月31日（金）到着分まで押印します。「旧意匠押印希望」の旨を明記して余裕をもって郵送してください。窓口での最終押印は使用最終日8月4日（火）の郵便窓口終了時間です。 ・新意匠の使用開始日の風景印を郵頼希望の場合は、8月 3日（月）までに必着するよう「新意匠押印希望」の旨を明記して余裕をもって、郵送してください。窓口での押印開始は8月 5日(水)窓口開始時間です。 ・新旧の押印を郵頼希望される場合は、同封でも差し支えありませんが、 7月 31日（金）までに必着するように、「新・旧意匠押印希望」の旨を明記して、余裕をもって郵送してください。なお、新旧の風景印の押印指示等が明確にわかるように内容を記載してください。 ・郵頼希望される場合は、ご連絡先・お電話番号を必ずご明記の上、返信用封筒（切手貼付済）を忘れずに同封してください。 ・多数の郵頼が見込まれるため、返信にお時間がかかる可能性があります。"
"1261","呉中央六郵便局","広島県","〒737-0051 広島県呉市中央6丁目3－7","広島県呉市中央6丁目3－7","34.250973","132.566833","","","https://www.post.japanpost.jp/kitte_hagaki/stamp/fuke//detail.php?id=1261","〒737-0051 広島県呉市中央6丁目3－7 呉中央六郵便局 記念押印担当あて ・押印サービスご希望のお客さまは、窓口にお越しいただくか郵頼にてお申込みください。 ・押印の指示内容、お客さまの電話連絡先を必ずご明記ください。 ・返信用封筒を忘れずに送付してください。 ・使用開始日の2020年8月3日(月)の日付で押印ご希望のお客さまは、2020年7月29日(水)までに必着するよう郵送してください。 ・旧デザインの風景印の郵頼締切は2020年7月27日(月)です。 ・押印を希望する風景印が「旧デザインの風景印」か「新デザインの風景印」のどちらかをご明記ください。"
"1263","旭和田郵便局","島根県","〒697-0424 島根県浜田市旭町和田152－11","島根県浜田市旭町和田152－11","34.857914","132.284241","","","https://www.post.japanpost.jp/kitte_hagaki/stamp/fuke//detail.php?id=1263","〒697-0424 島根県浜田市旭町和田152－11 旭和田郵便局 記念押印担当あて ・押印サービスご希望のお客さまは、窓口にお越しいただくか郵頼にてお申込みください。 ・使用開始日の2020年8月7日(金)の日付で押印ご希望のお客さまは、2020年8月3日(月)までに必着するよう郵送してください。 ・押印の指示内容、お客さまの電話連絡先を必ずご明記ください。 ・返信用封筒を忘れずに送付してください。"
"1260","細島郵便局","宮崎県","〒883-0001 宮崎県日向市細島580","宮崎県日向市細島580","32.425541","131.660477","","","https://www.post.japanpost.jp/kitte_hagaki/stamp/fuke//detail.php?id=1260","〒883－0001 宮崎県日向市細島580 細島郵便局（風景印担当）宛"
"1284","井原野上郵便局","岡山県","〒715-0001 岡山県井原市野上町3103－5","岡山県井原市野上町3103－5","34.643517","133.503265","","","https://www.post.japanpost.jp/kitte_hagaki/stamp/fuke//detail.php?id=1284","〒715-0001 岡山県井原市野上町3103－5 井原野上郵便局 記念押印担当あて ・押印サービスご希望のお客さまは、窓口にお越しいただくか郵頼にてお申込みください。 ・使用開始日の2020年9月9日(水)の日付で押印ご希望のお客さまは、2020年9月4日(金)までに必着するよう郵送してください。 ・押印の指示内容、お客さまの電話連絡先を必ずご明記ください。 ・返信用封筒を忘れずに送付してください。"
"1286","米子天神町郵便局","鳥取県","〒683-0821 鳥取県米子市天神町2丁目28－3","鳥取県米子市天神町2丁目28－3","35.432289","133.325684","","","https://www.post.japanpost.jp/kitte_hagaki/stamp/fuke//detail.php?id=1286","〒683-0821 鳥取県米子市天神町2丁目28－3 米子天神町郵便局 記念押印担当あて ・押印サービスご希望のお客さまは、窓口にお越しいただくか郵頼にてお申込みください。 ・押印の指示内容、お客さまの電話連絡先を必ずご明記ください。 ・返信用封筒を忘れずに送付してください。 ・使用開始日の2020年9月9日(水)の日付で押印ご希望のお客さまは、2020年9月3日(木)までに必着するよう郵送してください。 ・旧デザインの風景印の郵頼締切は2020年9月2日(水)です。 ・押印を希望する風景印が「旧デザインの風景印」か「新デザインの風景印」のどちらかをご明記ください。"
"1295","鎌手郵便局","島根県","〒699-3506 島根県益田市西平原町703－1","島根県益田市西平原町703－1","34.751755","131.881134","","","https://www.post.japanpost.jp/kitte_hagaki/stamp/fuke//detail.php?id=1295","〒699-3506 島根県益田市西平原町703－1 鎌手郵便局 記念押印担当あて ・押印サービスご希望のお客さまは、窓口にお越しいただくか郵頼にてお申込みください。 ・使用開始日の2020年10月1日(木)の日付で押印ご希望のお客さまは、2020年9月28日(月)までに必着するよう郵送してください。 ・押印の指示内容、お客さまの電話連絡先を必ずご明記ください。 ・返信用封筒を忘れずに送付してください。"
"1296","今福郵便局","島根県","〒697-0399 島根県浜田市金城町今福35－3","島根県浜田市金城町今福35－3","34.890106","132.213791","","","https://www.post.japanpost.jp/kitte_hagaki/stamp/fuke//detail.php?id=1296","〒697-0399 島根県浜田市金城町今福35－3 今福郵便局 記念押印担当あて ・押印サービスご希望のお客さまは、窓口にお越しいただくか郵頼にてお申込みください。 ・使用開始日の2020年10月1日(木)の日付で押印ご希望のお客さまは、2020年9月25日(金)までに必着するよう郵送してください。 ・旧デザインの風景印の郵頼締切は2020年9月23日(水)です。 ・押印を希望する風景印が「旧デザインの風景印」か「新デザインの風景印」のどちらかをご明記ください。 ・押印の指示内容、お客さまの電話連絡先を必ずご明記ください。 ・返信用封筒を忘れずに送付してください。"
"1300","イオン松江SC内郵便局","島根県","〒690-0001 島根県松江市東朝日町151","島根県松江市東朝日町151","35.464951","133.06929","","","https://www.post.japanpost.jp/kitte_hagaki/stamp/fuke//detail.php?id=1300","①2020年10月23日(金)まで 〒690-0001 島根県松江市東朝日町152-1 松江東朝日郵便局 記念押印担当あて ②2020年10月26日(月)以降 〒690-0001 島根県松江市東朝日町151 イオン松江SC内郵便局 記念押印担当あて ・押印サービスご希望のお客さまは、窓口にお越しいただくか郵頼にてお申込みください。 ・使用開始日の2020年10月26日(月)の日付で押印ご希望のお客さまは、2020年10月21日(水)までに必着するよう郵送してください。 ・押印の指示内容、お客さまの電話連絡先を必ずご明記ください。 ・返信用封筒を忘れずに送付してください。"
"1310","酒田東泉町郵便局","山形県","〒998-0013 山形県酒田市東泉町3丁目18-11","山形県酒田市東泉町3丁目18-11","38.930584","139.848648","","","https://www.post.japanpost.jp/kitte_hagaki/stamp/fuke//detail.php?id=1310","①2020年11月13日(金)まで 〒998-0014 山形県酒田市千日町1-23 酒田千日町郵便局 あて ②2020年11月16日(月)以降 〒998-0013 山形県酒田市東泉町3丁目18-11 酒田東泉町郵便局 あて ・旧意匠の風景印を押印依頼の場合は、11月12日（木）到着分まで押印します。「旧意匠押印希望」の旨を明記して余裕をもって郵送してください。窓口での最終押印は使用最終日11月13日（金）の郵便窓口終了時間です。 ・新意匠の使用開始日の風景印を郵頼希望の場合は、11月12日（木）までに必着するよう「新意匠押印希望」の旨を明記して、余裕をもって郵送してください。 ・来局される場合は、新型コロナウイルス感染拡大防止のため、マスクの着用をお願いいたします。 なお、三密対策のため、入局を制限する場合があります。 ・郵頼をお申込みされるお客さまは、お客さまの氏名・住所・電話連絡先・押印の具体的な指示内容等をご明記の上、返信用封筒を同封し、郵送してください。 ・押印の具体的な指示内容等が書かれた用紙等及び往信用封筒は返信いたしません。 ・依頼内容に不備があり、お客さまへの連絡が取れない場合は、押印せずお返しいたします。"
"1319","柳井山根郵便局","山口県","〒742-0007 山口県柳井市東土手13-25","山口県柳井市東土手13-25","33.966022","132.118622","","","https://www.post.japanpost.jp/kitte_hagaki/stamp/fuke//detail.php?id=1319","①2020年11月20日(金)まで 〒742-0002 山口県柳井市山根7-32 柳井山根郵便局 記念押印担当あて ②2020年11月24日(火)以降 〒742-0007 山口県柳井市東土手13-25 柳井山根郵便局 記念押印担当あて ・押印サービスご希望のお客さまは、窓口にお越しいただくか郵頼にてお申込みください。 ・使用開始日の2020年11月24日(火)の日付で押印ご希望のお客さまは、2020年11月17日(火)までに必着するよう郵送してください。 ・押印の指示内容、お客さまの電話連絡先を必ずご明記ください。 ・返信用封筒を忘れずに送付してください。"
"1317","北山郵便局","岐阜県","〒501-2301 岐阜県山県市神崎311","岐阜県山県市神崎311","35.669319","136.710739","","","https://www.post.japanpost.jp/kitte_hagaki/stamp/fuke//detail.php?id=1317","〒 501－2301 岐阜県山県市神崎311 ・旧意匠の風景印を押印依頼の場合は、11月6日（金）到着分まで押印します。「旧意匠押印希望」の旨を明記して余裕をもって郵送してください。窓口での最終押印は使用最終日11月11日（水）の郵便窓口終了時間です。 ・新意匠の使用開始日の風景印を郵頼希望の場合は、11月 11日（水）までに必着するよう「新意匠押印希望」の旨を明記して余裕をもって、郵送してください。窓口での押印開始は11月12日(木)窓口開始時間です。 ・新旧の押印を郵頼希望される場合は、同封でも差し支えありませんが、 11月 6日（金）までに必着するように、「新・旧意匠押印希望」の旨を明記して、余裕をもって郵送してください。なお、新旧の風景印の押印指示等が明確にわかるように内容を記載してください。 ・郵頼希望される場合は、ご連絡先・お電話番号を必ずご明記の上、返信用封筒（切手貼付済）を忘れずに同封してください。 ・多数の郵頼が見込まれるため、返信にお時間がかかる可能性があります。"
"1324","武豊六貫山郵便局","愛知県","〒470-2385 愛知県知多郡武豊町北中根5-1-1","愛知県知多郡武豊町北中根5-1-1","34.852985","136.902527","","","https://www.post.japanpost.jp/kitte_hagaki/stamp/fuke//detail.php?id=1324","〒 470－2385 愛知県知多郡武豊町北中根6－37 ※郵便局住所と異なりますので、ご注意ください。 ・旧意匠の風景印を押印依頼の場合は、1月13日（水）到着分まで押印します。「旧意匠押印希望」の旨を明記して余裕をもって郵送してください。窓口での最終押印は使用最終日1月15日（金）の郵便窓口終了時間です。 ・新意匠の使用開始日の風景印を郵頼希望の場合は、1月 15日（金）までに必着するよう「新意匠押印希望」の旨を明記して余裕をもって、郵送してください。窓口での押印開始は1月18日(月)窓口開始時間です。 ・新旧の押印を郵頼希望される場合は、同封でも差し支えありませんが、 1月 13日（水）までに必着するように、「新・旧意匠押印希望」の旨を明記して、余裕をもって郵送してください。なお、新旧の風景印の押印指示等が明確にわかるように内容を記載してください。 ・郵頼希望される場合は、ご連絡先・お電話番号を必ずご明記の上、返信用封筒（切手貼付済）を忘れずに同封してください。 ・多数の郵頼が見込まれるため、返信にお時間がかかる可能性があります。"
"1325","都賀行郵便局","島根県","〒696-0705 島根県邑智郡美郷町都賀行90-22","島根県邑智郡美郷町都賀行90-22","34.982048","132.596207","","","https://www.post.japanpost.jp/kitte_hagaki/stamp/fuke//detail.php?id=1325","〒696-0705 島根県邑智郡美郷町都賀行90-22 都賀行郵便局 記念押印担当あて ・押印サービスご希望のお客さまは、窓口にお越しいただくか郵頼にてお申込みください。 ・使用開始日の2021年1月15日(金)の日付で押印ご希望のお客さまは、2021年1月13日(水)までに必着するよう郵送してください。 ・押印の指示内容、お客さまの電話連絡先を必ずご明記ください。 ・返信用封筒を忘れずに送付してください。"
"1326","三隅岡見郵便局","島根県","〒699-3226 島根県浜田市三隅町岡見518-1","島根県浜田市三隅町岡見518-1","34.769325","131.923538","","","https://www.post.japanpost.jp/kitte_hagaki/stamp/fuke//detail.php?id=1326","〒699-3226 島根県浜田市三隅町岡見518-1 三隅岡見郵便局 記念押印担当あて ・押印サービスご希望のお客さまは、窓口にお越しいただくか郵頼にてお申込みください。 ・使用開始日の2021年2月2日(火)の日付で押印ご希望のお客さまは、2021年1月27日(水)までに必着するよう郵送してください。 ・押印の指示内容、お客さまの電話連絡先を必ずご明記ください。 ・返信用封筒を忘れずに送付してください。"
"1322","波田郵便局","島根県","〒698-0411 島根県益田市波田町イ559-4","島根県益田市波田町イ559-4","34.633434","131.945129","","","https://www.post.japanpost.jp/kitte_hagaki/stamp/fuke//detail.php?id=1322","〒698-0411 島根県益田市波田町イ559-4 波田郵便局 記念押印担当あて ・押印サービスご希望のお客さまは、窓口にお越しいただくか郵頼にてお申込みください。 ・使用開始日の2021年1月4日(月)の日付で押印ご希望のお客さまは、2020年12月28日(月)までに必着するよう郵送してください。 ・押印の指示内容、お客さまの電話連絡先を必ずご明記ください。 ・返信用封筒を忘れずに送付してください。"
"1352","神代郵便局","岡山県","〒719-3611 岡山県新見市神郷下神代3953-5","岡山県新見市神郷下神代3953-5","34.982079","133.381409","","","https://www.post.japanpost.jp/kitte_hagaki/stamp/fuke//detail.php?id=1352","〒719-3611 岡山県新見市神郷下神代3953-5 神代郵便局 記念押印担当あて ・押印サービスご希望のお客さまは、窓口にお越しいただくか郵頼にてお申込みください。 ・押印の指示内容、お客さまの電話連絡先を必ずご明記ください。 ・返信用封筒を忘れずに送付してください。 ・使用開始日の2021年3月3日(水)の日付で押印ご希望のお客さまは、2021年2月25日(木)までに必着するよう郵送してください。 ・旧デザインの風景印の郵頼締切は2021年2月24日(水)です。 ・押印を希望する風景印が「旧デザインの風景印」か「新デザインの風景印」のどちらかをご明記ください。"
"1354","福岡桧原郵便局","福岡県","〒811-1354 福岡県福岡市南区大平寺1－10－2","福岡県福岡市南区大平寺1－10－2","33.533817","130.39888","","","https://www.post.japanpost.jp/kitte_hagaki/stamp/fuke//detail.php?id=1354","〒811－1354 福岡県福岡市南区大平寺1-10-2 福岡桧原郵便局（風景印担当）宛"
"1355","福岡桜町郵便局","福岡県","〒811-1361 福岡県福岡市南区西長住3-32-14","福岡県福岡市南区西長住3-32-14","33.542267","130.391617","","","https://www.post.japanpost.jp/kitte_hagaki/stamp/fuke//detail.php?id=1355","〒811－1361 福岡県福岡市南区西長住3-32-14 福岡桜町郵便局（風景印担当）宛"
"1350","石見今市郵便局","島根県","〒697-0499 島根県浜田市旭町今市485-5","島根県浜田市旭町今市485-5","34.855583","132.265076","","","https://www.post.japanpost.jp/kitte_hagaki/stamp/fuke//detail.php?id=1350","〒697-0499 島根県浜田市旭町今市485-5 石見今市郵便局 記念押印担当あて ・押印サービスご希望のお客さまは、窓口にお越しいただくか郵頼にてお申込みください。 ・押印の指示内容、お客さまの電話連絡先を必ずご明記ください。 ・返信用封筒を忘れずに送付してください。 ・使用開始日の2021年3月3日(水)の日付で押印ご希望のお客さまは、2021年2月24日(水)までに必着するよう郵送してください。 ・旧デザインの風景印の郵頼締切は2021年2月22日(月)です。 ・押印を希望する風景印が「旧デザインの風景印」か「新デザインの風景印」のどちらかをご明記ください。"
"1379","ゆめタウン別府郵便局","大分県","〒874-0943 大分県別府市楠町382-7","大分県別府市楠町382-7","33.276291","131.507645","","","https://www.post.japanpost.jp/kitte_hagaki/stamp/fuke//detail.php?id=1379","〒874－0946 大分県別府市松原町4-4 別府松原郵便局（ゆめタウン別府郵便局郵頼担当）宛"
"1400","岐阜市役所内郵便局","岐阜県","〒500-8076 岐阜県岐阜市司町40-1","岐阜県岐阜市司町40-1","35.426994","136.760193","","","https://www.post.japanpost.jp/kitte_hagaki/stamp/fuke//detail.php?id=1400","〒 500-8069 岐阜県岐阜市今小町1-6 ※郵便局住所と異なりますので、ご注意ください。 ・旧意匠の風景印を押印依頼の場合は、4月28日（水）到着分まで押印します。封筒表面に「旧意匠押印希望」の旨を明記して余裕をもって郵送してください。窓口での最終押印は使用最終日4月30日（金）の郵便窓口終了時間です。 ・新意匠の使用開始日の風景印を郵頼希望の場合は、4月28日（水）までに必着するよう、封筒表面に「新意匠押印希望」の旨を明記して余裕をもって、郵送してください。窓口での押印開始は5月6日(木)窓口開始時間です。 ・新旧の押印を郵頼希望される場合は、同封でも差し支えありませんが、 4月 28日（水）までに必着するよう、封筒表面に「新・旧意匠押印希望」の旨を明記して、余裕をもって郵送してください。なお、新旧の風景印の押印指示等が明確にわかるように内容を記載してください。 ・郵頼希望される場合は、ご連絡先・お電話番号を必ずご明記の上、返信用封筒（切手貼付済）を忘れずに同封してください。 ・多数の郵頼が見込まれるため、返信にお時間がかかる可能性があります。"
"1393","浜松高林郵便局","静岡県","〒430-0907 静岡県浜松市中区高林4－5－12","静岡県浜松市中区高林4－5－12","34.730015","137.733109","","","https://www.post.japanpost.jp/kitte_hagaki/stamp/fuke//detail.php?id=1393","〒 430－0903 静岡県浜松市中区助信町17－17 ※郵便局住所と異なりますので、ご注意ください。 ・旧意匠の風景印を押印依頼の場合は、4月8日（木）到着分まで押印します。「旧意匠押印希望」の旨を明記して余裕をもって郵送してください。窓口での最終押印は使用最終日4月9日（金）の郵便窓口終了時間です。 ・新意匠の使用開始日の風景印を郵頼希望の場合は、4月9日（金）までに必着するよう「新意匠押印希望」の旨を明記して余裕をもって、郵送してください。窓口での押印開始は4月12日(月)窓口開始時間です。 ・新旧の押印を郵頼希望される場合は、同封でも差し支えありませんが、 4月 8日（木）までに必着するように、「新・旧意匠押印希望」の旨を明記して、余裕をもって郵送してください。なお、新旧の風景印の押印指示等が明確にわかるように内容を記載してください。 ・郵頼希望される場合は、ご連絡先・お電話番号を必ずご明記の上、返信用封筒（切手貼付済）を忘れずに同封してください。 ・多数の郵頼が見込まれるため、返信にお時間がかかる可能性があります。"
"1380","御船上野郵便局","熊本県","〒861-3322 熊本県上益城郡御船町上野5112-1","熊本県上益城郡御船町上野5112-1","32.735828","130.862503","","","https://www.post.japanpost.jp/kitte_hagaki/stamp/fuke//detail.php?id=1380","〒861－3322 熊本県上益城郡御船町上野5112-1 御船上野郵便局（風景印担当）宛"
"1408","三瓶郵便局","島根県","〒694-0223 島根県大田市三瓶町池田2274-1","島根県大田市三瓶町池田2274-1","35.144787","132.585861","","","https://www.post.japanpost.jp/kitte_hagaki/stamp/fuke//detail.php?id=1408","〒694-0223 島根県大田市三瓶町池田2274-1 三瓶郵便局 記念押印担当あて ・押印サービスご希望のお客さまは、窓口にお越しいただくか郵頼にてお申込みください。 ・使用開始日の2021年5月24日(月)の日付で押印ご希望のお客さまは、2021年5月20日(木)までに必着するよう郵送してください。 ・旧デザインの風景印の郵頼締切は2021年5月19日(水)です。 ・押印を希望する風景印が「旧デザインの風景印」か「新デザインの風景印」のどちらかをご明記ください。 ・押印の指示内容、お客さまの電話連絡先を必ずご明記ください。 ・返信用封筒を忘れずに送付してください。"
"1409","西尾八ツ面簡易郵便局","愛知県","〒445-0082 愛知県西尾市八ツ面町市場96番地1","愛知県西尾市八ツ面町市場96番地1","34.875877","137.071075","","","https://www.post.japanpost.jp/kitte_hagaki/stamp/fuke//detail.php?id=1409","〒 445-0082 愛知県西尾市八ツ面町市場96番地1 ・5月24日（月）日付の風景印を郵頼希望の場合は、5月21日（金）までに必着するよう「風景印押印希望」の旨を明記して余裕をもって、郵送してください。窓口での押印開始は5月24日（月）窓口開始時間です。 ・郵頼希望される場合は、ご連絡先・お電話番号を必ずご明記の上、返信用封筒（切手貼付済）を忘れずに同封してください。 ・多数の郵頼が見込まれるため、返信にお時間がかかる可能性があります。"
"1424","八代郵便局","熊本県","〒866-8799 熊本県八代市本町2-3-34","熊本県八代市本町2-3-34","32.505077","130.599503","","","https://www.post.japanpost.jp/kitte_hagaki/stamp/fuke//detail.php?id=1424","〒866-8799 熊本県八代市本町2-3-34 八代郵便局（風景印担当）宛"
"1427","北名古屋久地野郵便局","愛知県","〒481-0012 愛知県北名古屋市久地野安田72","愛知県北名古屋市久地野安田72","35.2384","136.8974","","","https://www.post.japanpost.jp/kitte_hagaki/stamp/fuke//detail.php?id=1427","〒 481-0011 愛知県北名古屋市高田寺東の川77-2 ※郵便局住所と異なりますので、ご注意ください。 ・旧意匠の風景印を押印依頼の場合は、6月23日（水）到着分まで押印します。封筒表面に「旧意匠押印希望」の旨を明記して余裕をもって郵送してください。窓口での最終押印は使用最終日6月25日（金）の郵便窓口終了時間です。 ・新意匠の使用開始日の風景印を郵頼希望の場合は、6月23日（水）までに必着するよう、封筒表面に「新意匠押印希望」の旨を明記して余裕をもって、郵送してください。窓口での押印開始は6月28日(月)窓口開始時間です。 ・新旧の押印を郵頼希望される場合は、同封でも差し支えありませんが、 6月 23日（水）までに必着するよう、封筒表面に「新・旧意匠押印希望」の旨を明記して、余裕をもって郵送してください。 ・風景印の押印指示等が明確にわかるように内容を記載してください。 ・郵頼希望される場合は、ご連絡先・お電話番号を必ずご明記の上、返信用封筒（切手貼付済）を忘れずに同封してください。 ・多数の郵頼が見込まれるため、返信にお時間がかかる可能性があります。"
"1423","大江郵便局","熊本県","〒863-2801 熊本県天草市天草町大江7540-1","熊本県天草市天草町大江7540-1","32.329819","129.99292","","","https://www.post.japanpost.jp/kitte_hagaki/stamp/fuke//detail.php?id=1423","〒863-2801 熊本県天草市天草町大江7540-1 大江郵便局（風景印担当）宛"
"1443","節婦郵便局","北海道","〒059-2412 北海道北海道新冠郡新冠町節婦町202","北海道北海道新冠郡新冠町節婦町202","43.802906","143.894684","","","https://www.post.japanpost.jp/kitte_hagaki/stamp/fuke//detail.php?id=1443","〒059-2412 北海道新冠郡新冠町節婦町202 節婦郵便局（風景印担当）あて"
"1448","豊実郵便局","新潟県","〒959-4304 新潟県新潟県東蒲原郡阿賀町豊実乙1065－1","新潟県新潟県東蒲原郡阿賀町豊実乙1065－1","37.916077","139.036545","","","https://www.post.japanpost.jp/kitte_hagaki/stamp/fuke//detail.php?id=1448","〒959-4304 新潟県東蒲原郡阿賀町豊実乙1065－1 豊実郵便局 記念押印担当 宛"
"1451","日出谷郵便局","新潟県","〒959-4303 新潟県新潟県東蒲原郡阿賀町日出谷乙2285","新潟県新潟県東蒲原郡阿賀町日出谷乙2285","37.916077","139.036545","","","https://www.post.japanpost.jp/kitte_hagaki/stamp/fuke//detail.php?id=1451","〒959-4303 新潟県東蒲原郡阿賀町日出谷乙2285 日出谷郵便局 記念押印担当 宛"
"1454","新谷郵便局","新潟県","〒959-4603 新潟県新潟県東蒲原郡阿賀町新谷761","新潟県新潟県東蒲原郡阿賀町新谷761","37.916077","139.036545","","","https://www.post.japanpost.jp/kitte_hagaki/stamp/fuke//detail.php?id=1454","〒959-4603 新潟県東蒲原郡阿賀町新谷761 新谷郵便局 記念押印担当 宛"
"1450","五十島郵便局","新潟県","〒959-4614 新潟県新潟県東蒲原郡阿賀町五十島955","新潟県新潟県東蒲原郡阿賀町五十島955","37.916077","139.036545","","","https://www.post.japanpost.jp/kitte_hagaki/stamp/fuke//detail.php?id=1450","〒959-4614 新潟県東蒲原郡阿賀町五十島955 五十島郵便局 記念押印担当 宛"
"1466","乾郵便局","岐阜県","〒501-2254 岐阜県山県市出戸252-1","岐阜県山県市出戸252-1","35.594212","136.780167","","","https://www.post.japanpost.jp/kitte_hagaki/stamp/fuke//detail.php?id=1466","〒501-2254 岐阜県山県市出戸252-1 ・旧意匠の風景印を郵頼希望の場合は、8月3日（火）到着分まで押印します。封筒表面に「旧意匠押印希望」の旨を明記して余裕をもって郵送してください。窓口での最終押印は使用最終日8月4日（水）の郵便窓口終了時間です。 ・新意匠の使用開始日の風景印を郵頼希望の場合は、8月3日（火）までに必着するよう、封筒表面に「新意匠押印希望」の旨を明記して余裕をもって、郵送してください。窓口での押印開始は8月5日(木)窓口開始時間です。 ・新旧の押印を郵頼希望される場合は、同封でも差し支えありませんが、 8月 3日（火）までに必着するよう、封筒表面に「新・旧意匠押印希望」の旨を明記して、余裕をもって郵送してください。 ・風景印の押印指示等が明確にわかるように内容を記載してください。 ・郵頼希望される場合は、ご連絡先・お電話番号を必ずご明記の上、返信用封筒（切手貼付済）を忘れずに同封してください。 ・多数の郵頼が見込まれるため、返信にお時間がかかる可能性があります。"
"1468","美山南郵便局","岐阜県","〒501-2259 岐阜県山県市岩佐90","岐阜県山県市岩佐90","35.545597","136.794724","","","https://www.post.japanpost.jp/kitte_hagaki/stamp/fuke//detail.php?id=1468","〒501-2259 岐阜県山県市岩佐90 ・旧意匠の風景印を郵頼希望の場合は、8月3日（火）到着分まで押印します。封筒表面に「旧意匠押印希望」の旨を明記して余裕をもって郵送してください。窓口での最終押印は使用最終日8月4日（水）の郵便窓口終了時間です。 ・新意匠の使用開始日の風景印を郵頼希望の場合は、8月3日（火）までに必着するよう、封筒表面に「新意匠押印希望」の旨を明記して余裕をもって、郵送してください。窓口での押印開始は8月5日(木)窓口開始時間です。 ・新旧の押印を郵頼希望される場合は、同封でも差し支えありませんが、 8月 3日（火）までに必着するよう、封筒表面に「新・旧意匠押印希望」の旨を明記して、余裕をもって郵送してください。 ・風景印の押印指示等が明確にわかるように内容を記載してください。 ・郵頼希望される場合は、ご連絡先・お電話番号を必ずご明記の上、返信用封筒（切手貼付済）を忘れずに同封してください。 ・多数の郵頼が見込まれるため、返信にお時間がかかる可能性があります。"
"1469","栃原郵便局","三重県","〒519-2423 三重県多気郡大台町新田117-2","三重県多気郡大台町新田117-2","34.436821","136.520615","","","https://www.post.japanpost.jp/kitte_hagaki/stamp/fuke//detail.php?id=1469","〒519-2423 三重県多気郡大台町新田117-2 ・8月23日（月）日付の風景印を郵頼希望の場合は、8月18日（水）までに必着するよう「風景印押印希望」の旨を明記して余裕をもって、郵送してください。窓口での押印開始は8月23日（月）窓口開始時間です。 ・郵頼希望される場合は、ご連絡先・お電話番号を必ずご明記の上、返信用封筒（切手貼付済）を忘れずに同封してください。 ・多数の郵頼が見込まれるため、返信にお時間がかかる可能性があります。"
"1473","吉井郵便局","長崎県","〒859-6399 長崎県佐世保市吉井町立石497-1","長崎県佐世保市吉井町立石497-1","33.270531","129.67955","","","https://www.post.japanpost.jp/kitte_hagaki/stamp/fuke//detail.php?id=1473","〒859-6399 長崎県佐世保市吉井町497-1 吉井郵便局（風景印担当）宛"
"1480","売木郵便局","長野県","〒399-1601 長野県長野県下伊那郡売木村547－1","長野県長野県下伊那郡売木村547－1","36.648537","138.194824","","","https://www.post.japanpost.jp/kitte_hagaki/stamp/fuke//detail.php?id=1480","〒399-1601 長野県下伊那郡売木村547－1 売木郵便局 記念押印担当 あて"
"1479","長岡日赤町郵便局","新潟県","〒940-0095 新潟県新潟県長岡市日赤町2－4－29","新潟県新潟県長岡市日赤町2－4－29","37.916077","139.036545","","","https://www.post.japanpost.jp/kitte_hagaki/stamp/fuke//detail.php?id=1479","〒940-0095 新潟県長岡市日赤町2－4－29 長岡日赤町郵便局 記念押印担当 あて"
"1486","岡谷郵便局","長野県","〒394-8799 長野県長野県岡谷市本町3－2－30","長野県長野県岡谷市本町3－2－30","36.648537","138.194824","","","https://www.post.japanpost.jp/kitte_hagaki/stamp/fuke//detail.php?id=1486","〒394-8799 長野県岡谷市本町3－2－30 岡谷郵便局 記念押印担当 あて"
"1485","安宿郵便局","広島県","〒739-2316 広島県東広島市豊栄町安宿3863-4","広島県東広島市豊栄町安宿3863-4","34.565536","132.85672","","","https://www.post.japanpost.jp/kitte_hagaki/stamp/fuke//detail.php?id=1485","〒739-2316 広島県東広島市豊栄町安宿3863-4 安宿郵便局 記念押印担当あて ・押印サービスご希望のお客さまは、窓口にお越しいただくか郵頼にてお申込みください。 ・使用開始日の2021年9月16日(木)の日付で押印ご希望のお客さまは、2021年9月13日(月)までに必着するよう郵送してください。 ・押印の指示内容、お客さまの電話連絡先を必ずご明記ください。 ・返信用封筒を忘れずに送付してください。"
"1492","五泉郵便局","新潟県","〒959-1899 新潟県新潟県五泉市東本町2－4－20","新潟県新潟県五泉市東本町2－4－20","37.916077","139.036545","","","https://www.post.japanpost.jp/kitte_hagaki/stamp/fuke//detail.php?id=1492","〒959-1899 新潟県五泉市東本町2－4－20 五泉郵便局 記念押印担当 あて"
"1502","伊自良郵便局","岐阜県","〒501-2123 岐阜県山県市大森376-6","岐阜県山県市大森376-6","35.523411","136.734085","","","https://www.post.japanpost.jp/kitte_hagaki/stamp/fuke//detail.php?id=1502","〒501-2123 岐阜県山県市大森376-6 ・旧意匠の風景印を郵頼希望の場合は、11月4日（木）到着分まで押印します。封筒表面に「旧意匠押印希望」の旨を明記して余裕をもって郵送してください。窓口での最終押印は使用最終日11月9日（火）の郵便窓口終了時間です。 ・新意匠の使用開始日の風景印を郵頼希望の場合は、11月4日（木）までに必着するよう、封筒表面に「新意匠押印希望」の旨を明記して余裕をもって、郵送してください。窓口での押印開始は11月10日(水)窓口開始時間です。 ・新旧の押印を郵頼希望される場合は、同封でも差し支えありませんが、 11月 4日（木）までに必着するよう、封筒表面に「新・旧意匠押印希望」の旨を明記して、余裕をもって郵送してください。 ・風景印の押印指示等が明確にわかるように内容を記載してください。 ・郵頼希望される場合は、ご連絡先・お電話番号を必ずご明記の上、返信用封筒（切手貼付済）を忘れずに同封してください。 ・多数の郵頼が見込まれるため、返信にお時間がかかる可能性があります。"
"1496","中鯖石郵便局","新潟県","〒945-1499 新潟県新潟県柏崎市加納2729－1","新潟県新潟県柏崎市加納2729－1","37.916077","139.036545","","","https://www.post.japanpost.jp/kitte_hagaki/stamp/fuke//detail.php?id=1496","〒945-1499 新潟県柏崎市加納2729－1 中鯖石郵便局 記念押印担当 あて"
"1504","高富桜尾郵便局","岐阜県","〒501-2102 岐阜県山県市伊佐美676-4","岐阜県山県市伊佐美676-4","35.523201","136.785873","","","https://www.post.japanpost.jp/kitte_hagaki/stamp/fuke//detail.php?id=1504","〒501-2102 岐阜県山県市伊佐美676-4 ・旧意匠の風景印を郵頼希望の場合は、11月4日（木）到着分まで押印します。封筒表面に「旧意匠押印希望」の旨を明記して余裕をもって郵送してください。窓口での最終押印は使用最終日11月9日（火）の郵便窓口終了時間です。 ・新意匠の使用開始日の風景印を郵頼希望の場合は、11月4日（木）までに必着するよう、封筒表面に「新意匠押印希望」の旨を明記して余裕をもって、郵送してください。窓口での押印開始は11月10日(水)窓口開始時間です。 ・新旧の押印を郵頼希望される場合は、同封でも差し支えありませんが、 11月 4日（木）までに必着するよう、封筒表面に「新・旧意匠押印希望」の旨を明記して、余裕をもって郵送してください。 ・風景印の押印指示等が明確にわかるように内容を記載してください。 ・郵頼希望される場合は、ご連絡先・お電話番号を必ずご明記の上、返信用封筒（切手貼付済）を忘れずに同封してください。 ・多数の郵頼が見込まれるため、返信にお時間がかかる可能性があります。"
"1513","美山富永郵便局","岐阜県","〒501-2257 岐阜県山県市富永680-10","岐阜県山県市富永680-10","35.564178","136.785675","","","https://www.post.japanpost.jp/kitte_hagaki/stamp/fuke//detail.php?id=1513","〒501-2257 岐阜県山県市富永680-10 ・旧意匠の風景印を郵頼希望の場合は、11月12日（金）到着分まで押印します。封筒表面に「旧意匠押印希望」の旨を明記して余裕をもって郵送してください。窓口での最終押印は使用最終日11月18日（木）の郵便窓口終了時間です。 ・新意匠の使用開始日の風景印を郵頼希望の場合は、11月12日（金）までに必着するよう、封筒表面に「新意匠押印希望」の旨を明記して余裕をもって、郵送してください。窓口での押印開始は11月19日(金)窓口開始時間です。 ・新旧の押印を郵頼希望される場合は、同封でも差し支えありませんが、 11月 12日（金）までに必着するよう、封筒表面に「新・旧意匠押印希望」の旨を明記して、余裕をもって郵送してください。 ・風景印の押印指示等が明確にわかるように内容を記載してください。 ・郵頼希望される場合は、ご連絡先・お電話番号を必ずご明記の上、返信用封筒（切手貼付済）を忘れずに同封してください。 ・多数の郵頼が見込まれるため、返信にお時間がかかる可能性があります。"
"1515","美山北郵便局","岐阜県","〒501-2321 岐阜県山県市谷合1201","岐阜県山県市谷合1201","35.585583","136.74704","","","https://www.post.japanpost.jp/kitte_hagaki/stamp/fuke//detail.php?id=1515","〒501-2321 岐阜県山県市谷合1201 ・旧意匠の風景印を郵頼希望の場合は、11月12日（金）到着分まで押印します。封筒表面に「旧意匠押印希望」の旨を明記して余裕をもって郵送してください。窓口での最終押印は使用最終日11月18日（木）の郵便窓口終了時間です。 ・新意匠の使用開始日の風景印を郵頼希望の場合は、11月12日（金）までに必着するよう、封筒表面に「新意匠押印希望」の旨を明記して余裕をもって、郵送してください。窓口での押印開始は11月19日(金)窓口開始時間です。 ・新旧の押印を郵頼希望される場合は、同封でも差し支えありませんが、 11月 12日（金）までに必着するよう、封筒表面に「新・旧意匠押印希望」の旨を明記して、余裕をもって郵送してください。 ・風景印の押印指示等が明確にわかるように内容を記載してください。 ・郵頼希望される場合は、ご連絡先・お電話番号を必ずご明記の上、返信用封筒（切手貼付済）を忘れずに同封してください。 ・多数の郵頼が見込まれるため、返信にお時間がかかる可能性があります。"
"1527","四日市小古曽郵便局","三重県","〒510-0952 三重県四日市市小古曽町2160","三重県四日市市小古曽町2160","34.926174","136.586105","","","https://www.post.japanpost.jp/kitte_hagaki/stamp/fuke//detail.php?id=1527","〒510-0952 三重県四日市市小古曽町2160 ・2022年1月4日（火）日付の風景印を郵頼希望の場合は、2021年12月29日（水）までに必着するよう「風景印押印希望」の旨を明記して余裕をもって、郵送してください。窓口での押印開始は2022年1月4日（火）窓口開始時間です。 ・郵頼希望される場合は、ご連絡先・お電話番号を必ずご明記の上、返信用封筒（切手貼付済）を忘れずに同封してください。 ・多数の郵頼が見込まれるため、返信にお時間がかかる可能性があります。"
"1525","四日市かすみ郵便局","三重県","〒510-0017 三重県四日市市羽津町10-1","三重県四日市市羽津町10-1","34.987823","136.636734","","","https://www.post.japanpost.jp/kitte_hagaki/stamp/fuke//detail.php?id=1525","〒510-0017 三重県四日市市羽津町10-1 ・2022年1月4日（火）日付の風景印を郵頼希望の場合は、2021年12月29日（水）までに必着するよう「風景印押印希望」の旨を明記して余裕をもって、郵送してください。窓口での押印開始は2022年1月4日（火）窓口開始時間です。 ・郵頼希望される場合は、ご連絡先・お電話番号を必ずご明記の上、返信用封筒（切手貼付済）を忘れずに同封してください。 ・多数の郵頼が見込まれるため、返信にお時間がかかる可能性があります。"
"1519","金谷郵便局","静岡県","〒428-8799 静岡県島田市金谷代官町3392","静岡県島田市金谷代官町3392","34.834049","138.126617","","","https://www.post.japanpost.jp/kitte_hagaki/stamp/fuke//detail.php?id=1519","〒428-8799 静岡県島田市金谷代官町3392 ・旧意匠の風景印を郵頼希望の場合は、11月29日（月）到着分まで押印します。封筒表面に「旧意匠押印希望」の旨を明記して余裕をもって郵送してください。窓口での最終押印は使用最終日11月30日（火）の郵便窓口終了時間です。 ・新意匠の使用開始日の風景印を郵頼希望の場合は、11月29日（月）までに必着するよう、封筒表面に「新意匠押印希望」の旨を明記して余裕をもって、郵送してください。窓口での押印開始は12月1日(水)窓口開始時間です。 ・新旧の押印を郵頼希望される場合は、同封でも差し支えありませんが、 11月 29日（月）までに必着するよう、封筒表面に「新・旧意匠押印希望」の旨を明記して、余裕をもって郵送してください。 ・風景印の押印指示等が明確にわかるように内容を記載してください。 ・郵頼希望される場合は、ご連絡先・お電話番号を必ずご明記の上、返信用封筒（切手貼付済）を忘れずに同封してください。 ・多数の郵頼が見込まれるため、返信にお時間がかかる可能性があります。 【丸型ポストに投函された郵便物への風景印の押印】 ・大井川鐵道「新金谷駅」に設置されている、機関車と同じ塗料で塗られた真っ黒な丸型ポストに投函された郵便物には、風景印を押印します。 ・新意匠の風景印での押印開始は12月1日(水)取り集めの郵便物からです。"
"1524","四日市日永郵便局","三重県","〒510-0885 三重県四日市市日永4-1903-3","三重県四日市市日永4-1903-3","34.948227","136.60376","","","https://www.post.japanpost.jp/kitte_hagaki/stamp/fuke//detail.php?id=1524","〒510-0885 三重県四日市市日永4-1903-3 ・2022年1月4日（火）日付の風景印を郵頼希望の場合は、2021年12月29日（水）までに必着するよう「風景印押印希望」の旨を明記して余裕をもって、郵送してください。窓口での押印開始は2022年1月4日（火）窓口開始時間です。 ・郵頼希望される場合は、ご連絡先・お電話番号を必ずご明記の上、返信用封筒（切手貼付済）を忘れずに同封してください。 ・多数の郵頼が見込まれるため、返信にお時間がかかる可能性があります。"
"1528","四日市赤堀郵便局","三重県","〒510-0827 三重県四日市市赤堀南町8-5","三重県四日市市赤堀南町8-5","34.958347","136.609421","","","https://www.post.japanpost.jp/kitte_hagaki/stamp/fuke//detail.php?id=1528","〒510-0827 三重県四日市市赤堀南町8-5 ・2022年1月4日（火）日付の風景印を郵頼希望の場合は、2021年12月29日（水）までに必着するよう「風景印押印希望」の旨を明記して余裕をもって、郵送してください。窓口での押印開始は2022年1月4日（火）窓口開始時間です。 ・郵頼希望される場合は、ご連絡先・お電話番号を必ずご明記の上、返信用封筒（切手貼付済）を忘れずに同封してください。 ・多数の郵頼が見込まれるため、返信にお時間がかかる可能性があります。"
"1516","国田郵便局","新潟県","〒949-3422 新潟県上越市吉川区国田8－2","新潟県上越市吉川区国田8－2","37.185085","138.436951","","","https://www.post.japanpost.jp/kitte_hagaki/stamp/fuke//detail.php?id=1516","〒949-3422 新潟県上越市吉川区国田8－2 国田郵便局 記念押印担当 あて"
"1526","四日市室山郵便局","三重県","〒510-0948 三重県四日市市室山町348-6","三重県四日市市室山町348-6","34.95425","136.578842","","","https://www.post.japanpost.jp/kitte_hagaki/stamp/fuke//detail.php?id=1526","〒510-0948 三重県四日市市室山町348-6 ・2022年1月4日（火）日付の風景印を郵頼希望の場合は、2021年12月29日（水）までに必着するよう「風景印押印希望」の旨を明記して余裕をもって、郵送してください。窓口での押印開始は2022年1月4日（火）窓口開始時間です。 ・郵頼希望される場合は、ご連絡先・お電話番号を必ずご明記の上、返信用封筒（切手貼付済）を忘れずに同封してください。 ・多数の郵頼が見込まれるため、返信にお時間がかかる可能性があります。"
"1530","川越郵便局","三重県","〒510-8123 三重県三重郡川越町豊田一色1236-13","三重県三重郡川越町豊田一色1236-13","35.021015","136.671539","","","https://www.post.japanpost.jp/kitte_hagaki/stamp/fuke//detail.php?id=1530","〒510-8123 三重県三重郡川越町豊田一色1236-13 ・2022年1月4日（火）日付の風景印を郵頼希望の場合は、2021年12月29日（水）までに必着するよう「風景印押印希望」の旨を明記して余裕をもって、郵送してください。窓口での押印開始は2022年1月4日（火）窓口開始時間です。 ・郵頼希望される場合は、ご連絡先・お電話番号を必ずご明記の上、返信用封筒（切手貼付済）を忘れずに同封してください。 ・多数の郵頼が見込まれるため、返信にお時間がかかる可能性があります。"
"1529","四日市山城郵便局","三重県","〒512-8048 三重県四日市市山城町1147-5","三重県四日市市山城町1147-5","35.035294","136.58931","","","https://www.post.japanpost.jp/kitte_hagaki/stamp/fuke//detail.php?id=1529","〒512-8048 三重県四日市市山城町1147-5 ・2022年1月4日（火）日付の風景印を郵頼希望の場合は、2021年12月29日（水）までに必着するよう「風景印押印希望」の旨を明記して余裕をもって、郵送してください。窓口での押印開始は2022年1月4日（火）窓口開始時間です。 ・郵頼希望される場合は、ご連絡先・お電話番号を必ずご明記の上、返信用封筒（切手貼付済）を忘れずに同封してください。 ・多数の郵頼が見込まれるため、返信にお時間がかかる可能性があります。"
"1533","四日市松原郵便局","三重県","〒510-8015 三重県四日市市松原町5-42","三重県四日市市松原町5-42","35.009293","136.655762","","","https://www.post.japanpost.jp/kitte_hagaki/stamp/fuke//detail.php?id=1533","〒510-8015 三重県四日市市松原町5-42 ・2022年1月4日（火）日付の風景印を郵頼希望の場合は、2021年12月29日（水）までに必着するよう「風景印押印希望」の旨を明記して余裕をもって、郵送してください。窓口での押印開始は2022年1月4日（火）窓口開始時間です。 ・郵頼希望される場合は、ご連絡先・お電話番号を必ずご明記の上、返信用封筒（切手貼付済）を忘れずに同封してください。 ・多数の郵頼が見込まれるため、返信にお時間がかかる可能性があります。"
"1532","四日市あかつき郵便局","三重県","〒512-8044 三重県四日市市中村町小角393-2","三重県四日市市中村町小角393-2","35.026524","136.610062","","","https://www.post.japanpost.jp/kitte_hagaki/stamp/fuke//detail.php?id=1532","〒512-8044 三重県四日市市中村町小角393-2 ・2022年1月4日（火）日付の風景印を郵頼希望の場合は、2021年12月29日（水）までに必着するよう「風景印押印希望」の旨を明記して余裕をもって、郵送してください。窓口での押印開始は2022年1月4日（火）窓口開始時間です。 ・郵頼希望される場合は、ご連絡先・お電話番号を必ずご明記の上、返信用封筒（切手貼付済）を忘れずに同封してください。 ・多数の郵頼が見込まれるため、返信にお時間がかかる可能性があります。"
"1537","高富郵便局","岐阜県","〒501-2199 岐阜県山県市高富1626","岐阜県山県市高富1626","35.497829","136.788818","","","https://www.post.japanpost.jp/kitte_hagaki/stamp/fuke//detail.php?id=1537","〒501-2199 岐阜県山県市高富1626 ・旧意匠の風景印を郵頼希望の場合は、2022年1月7日（金）到着分まで押印します。封筒表面に「旧意匠押印希望」の旨を明記して余裕をもって郵送してください。窓口での最終押印は使用最終日2022年1月13日（木）の郵便窓口終了時間です。 ・新意匠の使用開始日の風景印を郵頼希望の場合は、2022年1月7日（金）までに必着するよう、封筒表面に「新意匠押印希望」の旨を明記して余裕をもって、郵送してください。窓口での押印開始は2022年1月14日(金)窓口開始時間です。 ・新旧の押印を郵頼希望される場合は、同封でも差し支えありませんが、 2022年1月 7日（金）までに必着するよう、封筒表面に「新・旧意匠押印希望」の旨を明記して、余裕をもって郵送してください。 ・風景印の押印指示等が明確にわかるように内容を記載してください。 ・郵頼希望される場合は、ご連絡先・お電話番号を必ずご明記の上、返信用封筒（切手貼付済）を忘れずに同封してください。 ・多数の郵頼が見込まれるため、返信にお時間がかかる可能性があります。"
"1539","幌郵便局","北海道","〒061-3103 北海道北海道石狩市浜益区幌21-9","北海道北海道石狩市浜益区幌21-9","43.802906","143.894684","","","https://www.post.japanpost.jp/kitte_hagaki/stamp/fuke//detail.php?id=1539","〒061-3103 北海道石狩市浜益区幌21-9 幌郵便局（風景印担当）あて"
"1547","江別郵便局","北海道","〒067-8799 北海道江別市王子16-15","北海道江別市王子16-15","43.114399","141.55278","","","https://www.post.japanpost.jp/kitte_hagaki/stamp/fuke//detail.php?id=1547","〒067-8799 北海道江別市王子16-15 江別郵便局（風景印担当）あて"
"1534","四日市水沢郵便局","三重県","〒512-1105 三重県四日市市水沢町2477","三重県四日市市水沢町2477","34.971817","136.479187","","","https://www.post.japanpost.jp/kitte_hagaki/stamp/fuke//detail.php?id=1534","〒510-1105 三重県四日市市水沢町2477 ・2022年1月4日（火）日付の風景印を郵頼希望の場合は、2021年12月29日（水）までに必着するよう「風景印押印希望」の旨を明記して余裕をもって、郵送してください。窓口での押印開始は2022年1月4日（火）窓口開始時間です。 ・郵頼希望される場合は、ご連絡先・お電話番号を必ずご明記の上、返信用封筒（切手貼付済）を忘れずに同封してください。 ・多数の郵頼が見込まれるため、返信にお時間がかかる可能性があります。"
"1548","江別見晴台郵便局","北海道","〒067-0032 北海道江別市元江別873-12","北海道江別市元江別873-12","43.114925","141.521881","","","https://www.post.japanpost.jp/kitte_hagaki/stamp/fuke//detail.php?id=1548","〒067-0032 北海道江別市元江別873-12 江別見晴台郵便局（風景印担当）あて"
"1551","江別大麻郵便局","北海道","〒069-0854 北海道江別市大麻中町2-48","北海道江別市大麻中町2-48","43.074669","141.491653","","","https://www.post.japanpost.jp/kitte_hagaki/stamp/fuke//detail.php?id=1551","〒069-0854 北海道江別市大麻中町2-48 江別大麻郵便局（風景印担当）あて"
"1553","江別大麻東町郵便局","北海道","〒069-0852 北海道江別市大麻東町14-11","北海道江別市大麻東町14-11","43.08091","141.500153","","","https://www.post.japanpost.jp/kitte_hagaki/stamp/fuke//detail.php?id=1553","〒069-0852 北海道江別市大麻東町14-11 江別大麻東町郵便局（風景印担当）あて"
"1549","江別若草郵便局","北海道","〒067-0004 北海道江別市若草町11-7","北海道江別市若草町11-7","43.110107","141.542145","","","https://www.post.japanpost.jp/kitte_hagaki/stamp/fuke//detail.php?id=1549","〒067-0004 北海道江別市若草町11-7 江別若草郵便局（風景印担当）あて"
"1550","江別西郵便局","北海道","〒067-0031 北海道江別市元町34-9","北海道江別市元町34-9","43.106709","141.53862","","","https://www.post.japanpost.jp/kitte_hagaki/stamp/fuke//detail.php?id=1550","〒067-0031 北海道江別市元町34-9 江別西郵便局（風景印担当）あて"
"1561","八本松郵便局","広島県","〒739-0199 広島県東広島市八本松南5丁目5-14","広島県東広島市八本松南5丁目5-14","34.438717","132.69664","","","https://www.post.japanpost.jp/kitte_hagaki/stamp/fuke//detail.php?id=1561","〒739-0199 広島県東広島市八本松南5丁目5-14 八本松郵便局 記念押印担当あて ・押印サービスご希望のお客さまは、窓口にお越しいただくか郵頼にてお申込みください。 ・使用開始日の2022年2月8日(火)の日付で押印ご希望のお客さまは、2022年2月3日(木)までに必着するよう郵送してください。 ・押印の指示内容、お客さまの電話連絡先を必ずご明記ください。 ・返信用封筒を忘れずに送付してください。"
"1560","四日市浜一色郵便局","三重県","〒510-0025 三重県四日市市東新町1-22","三重県四日市市東新町1-22","34.97477","136.632324","","","https://www.post.japanpost.jp/kitte_hagaki/stamp/fuke//detail.php?id=1560","〒510-0025 三重県四日市市東新町1-22 ・旧意匠の風景印を郵頼希望の場合は、2022年1月28日（金）到着分まで押印します。封筒表面に「旧意匠押印希望」の旨を明記して余裕をもって郵送してください。窓口での最終押印は使用最終日2022年2月1日（火）の郵便窓口終了時間です。 ・新意匠の使用開始日の風景印を郵頼希望の場合は、2022年1月28日（金）までに必着するよう、封筒表面に「新意匠押印希望」の旨を明記して余裕をもって、郵送してください。窓口での押印開始は2022年2月2日(水)窓口開始時間です。 ・新旧の押印を郵頼希望される場合は、同封でも差し支えありませんが、2022年1月 28日（金）までに必着するよう、封筒表面に「新・旧意匠押印希望」の旨を明記して、余裕をもって郵送してください。 ・風景印の押印指示等が明確にわかるように内容を記載してください。 ・郵頼希望される場合は、ご連絡先・お電話番号を必ずご明記の上、返信用封筒（切手貼付済）を忘れずに同封してください。 ・多数の郵頼が見込まれるため、返信にお時間がかかる可能性があります。"
"1558","野幌若葉郵便局","北海道","〒069-0831 北海道江別市野幌若葉町39-9","北海道江別市野幌若葉町39-9","43.08437","141.531219","","","https://www.post.japanpost.jp/kitte_hagaki/stamp/fuke//detail.php?id=1558","〒069-0831 北海道江別市野幌若葉町39-9 野幌若葉郵便局（風景印担当）あて"
"1556","野幌駅前郵便局","北海道","〒069-0813 北海道江別市野幌町37-7","北海道江別市野幌町37-7","43.093822","141.528763","","","https://www.post.japanpost.jp/kitte_hagaki/stamp/fuke//detail.php?id=1556","〒069-0813 北海道江別市野幌町37-7 野幌駅前郵便局（風景印担当）あて"
"1557","野幌錦町郵便局","北海道","〒069-0811 北海道江別市錦町42-5","北海道江別市錦町42-5","43.102825","141.525146","","","https://www.post.japanpost.jp/kitte_hagaki/stamp/fuke//detail.php?id=1557","〒069-0811 北海道江別市錦町42-5 野幌錦町郵便局（風景印担当）あて"
"1555","野幌郵便局","北海道","〒069-8799 北海道江別市野幌町68-5","北海道江別市野幌町68-5","43.091839","141.522522","","","https://www.post.japanpost.jp/kitte_hagaki/stamp/fuke//detail.php?id=1555","〒069-8799 北海道江別市野幌町68-5 野幌郵便局（風景印担当）あて"
"1554","江別文京台郵便局","北海道","〒069-0833 北海道江別市文京台30-15","北海道江別市文京台30-15","43.066036","141.490738","","","https://www.post.japanpost.jp/kitte_hagaki/stamp/fuke//detail.php?id=1554","〒069-0833 北海道江別市文京台30-15 江別文京台郵便局（風景印担当）あて"
"1565","熱郛郵便局","北海道","〒048-0134 北海道寿都郡黒松内町字白井川8番地268","北海道寿都郡黒松内町字白井川8番地268","42.685612","140.427765","","","https://www.post.japanpost.jp/kitte_hagaki/stamp/fuke//detail.php?id=1565","〒048-0134 北海道寿都郡黒松内町字白井川8番地268 熱郛郵便局（風景印担当）あて"
"1562","八本松東郵便局","広島県","〒739-0142 広島県東広島市八本松東3丁目1-23","広島県東広島市八本松東3丁目1-23","34.447083","132.706375","","","https://www.post.japanpost.jp/kitte_hagaki/stamp/fuke//detail.php?id=1562","〒739-0142 広島県東広島市八本松東3丁目1-23 八本松東郵便局 記念押印担当あて ・押印サービスご希望のお客さまは、窓口にお越しいただくか郵頼にてお申込みください。 ・使用開始日の2022年2月8日(火)の日付で押印ご希望のお客さまは、2022年2月3日(木)までに必着するよう郵送してください。 ・押印の指示内容、お客さまの電話連絡先を必ずご明記ください。 ・返信用封筒を忘れずに送付してください。"
"1575","江別大麻西郵便局","北海道","〒069-0846 北海道江別市大麻桜木町26-1","北海道江別市大麻桜木町26-1","43.070892","141.48349","","","https://www.post.japanpost.jp/kitte_hagaki/stamp/fuke//detail.php?id=1575","〒069-0846 北海道江別市大麻桜木町26-1 江別大麻西郵便局（風景印担当）あて"
"1578","深沢郵便局","新潟県","〒940-2135 新潟県新潟県長岡市深沢町375-2","新潟県新潟県長岡市深沢町375-2","37.916077","139.036545","","","https://www.post.japanpost.jp/kitte_hagaki/stamp/fuke//detail.php?id=1578","〒940-2135 新潟県長岡市深沢町375－2 深沢郵便局 記念押印担当 あて"
"1584","金光郵便局","岡山県","〒719-0199 岡山県浅口市金光町大谷452-3","岡山県浅口市金光町大谷452-3","34.536758","133.624283","","","https://www.post.japanpost.jp/kitte_hagaki/stamp/fuke//detail.php?id=1584","〒719-0199 岡山県浅口市金光町大谷452-3 金光郵便局 記念押印担当あて ・押印サービスご希望のお客さまは、窓口にお越しいただくか郵頼にてお申込みください。 ・使用開始日の2022年3月23日(水)の日付で押印ご希望のお客さまは、2022年3月17日(木)までに必着するよう郵送してください。 ・押印の指示内容、お客さまの電話連絡先を必ずご明記ください。 ・指示内容に不備があり、お客さまへの連絡が取れない場合は、押印せずお返しいたします。 ・返信用封筒を忘れずに送付してください。"
"1586","赤郷郵便局","山口県","〒754-0302 山口県美祢市美東町赤425","山口県美祢市美東町赤425","34.290535","131.330826","","","https://www.post.japanpost.jp/kitte_hagaki/stamp/fuke//detail.php?id=1586","①2022年3月18日(金)まで 〒754-0301 山口県美祢市美東町絵堂182-3 絵堂郵便局 記念押印担当あて ②2022年3月22日(火)以降 〒754-0302 山口県美祢市美東町赤425 赤郷郵便局 記念押印担当あて ・押印サービスご希望のお客さまは、窓口にお越しいただくか郵頼にてお申込みください。 ・使用開始日の2022年3月22日(火)の日付で押印ご希望のお客さまは、2022年3月15日(火)までに必着するよう郵送してください。 ・押印の指示内容、お客さまの電話連絡先を必ずご明記ください。 ・指示内容に不備があり、お客さまへの連絡が取れない場合は、押印せずお返しいたします。 ・返信用封筒を忘れずに送付してください。 ・旧デザインの風景印の郵頼締切は2022年3月15日(火)です。 ・押印を希望する風景印が「旧デザインの風景印」か「新デザインの風景印」のどちらかをご明記ください。"
"1590","尼崎戸ノ内郵便局","兵庫県","〒661-0961 兵庫県尼崎市戸ノ内町3－26－16","兵庫県尼崎市戸ノ内町3－26－16","34.736828","135.457245","","","https://www.post.japanpost.jp/kitte_hagaki/stamp/fuke//detail.php?id=1590","〒661-0961 兵庫県尼崎市戸ノ内町3－26－16 尼崎戸ノ内郵便局 記念押印担当あて 【郵頼の申込方法】 ・新意匠の風景印を使用開始日（2022年4月1日）の日付で郵頼希望の場合は、2022年3月24日（木）到着分まで押印します。 ・封筒表面に「新意匠希望」と朱書きして、余裕をもって郵送してください。 ・新旧の風景印を郵頼希望の場合は、同封でも可能ですが、 2022年3月24日（木）到着分まで押印します。 ・封筒表面に「新・旧意匠希望」と朱書きして、余裕をもって郵送してください。 ・押印の指示内容、お客さまの電話連絡先を明記した指示書を必ず同封してください。 ・返信用封筒（切手貼付済）も忘れずに同封してください。 ・依頼内容に不備等があり、確認の連絡が取れない場合は、押印せずにお返しいたします。 ・多数の申込みが見込まれるため、返却にお時間がかかる場合があります。 【郵便局窓口での押印】 ・郵便局窓口での押印開始は2022年4月1日（金）営業開始時間からです。 ・混雑緩和のため、押印する台紙等をお手元にご準備の上、郵便局窓口へお越しください。（押印可能時間は窓口営業時間に準じます）"
"1593","河合谷簡易郵便局","石川県","〒929-0305 石川県河北郡津幡町下河合チ55","石川県河北郡津幡町下河合チ55","36.736839","136.787811","","","https://www.post.japanpost.jp/kitte_hagaki/stamp/fuke//detail.php?id=1593","～2022年3月25日(金)到着分まで～ 〒929-0304 石川県河北郡津幡町上河合ハ77 河合谷郵便局 風景印担当 あて ～2022年3月28日(月)以降到着分～ 〒929-0305 石川県河北郡津幡町下河合チ55 河合谷簡易郵便局 風景印担当 あて ※日本国外からの押印依頼について 河合谷簡易局では国際郵便の取扱いを行っておりませんので、日本国外あての郵便物への引受消印及び、外国来の郵頼等には対応できません。 (留意点) ・押印の具体的な指示内容等が記入された用紙等及び往信用封筒は返信いたしません。 ・依頼内容に不明な点等があり、お客さまへの連絡が取れない場合は、押印せずお返しする場合があります。 ・多数の郵頼が見込まれるため、返信にお時間がかかる場合があります。"
"1598","三好郵便局","愛知県","〒470-0299 愛知県みよし市三好町大坪26","愛知県みよし市三好町大坪26","35.091061","137.072617","","","https://www.post.japanpost.jp/kitte_hagaki/stamp/fuke//detail.php?id=1598","〒470-0299 愛知県みよし市三好町大坪26 ・新意匠の使用開始日の風景印を郵頼希望の場合は、2022年3月28日(月)までに必着するよう「新意匠押印希望」の旨を明記して余裕をもって、郵送してください。窓口での押印開始は2022年4月1日（金）窓口開始時間です。 ・郵頼のお客さまは、ご連絡先・お電話番号を必ずご明記の上返信用封筒（切手貼付済）を忘れずに同封してください。 ・多数の郵頼が見込まれるため、返信にお時間がかかる可能性があります。"
"1600","岸和田駅前郵便局","大阪府","〒596-0076 大阪府岸和田市野田町1－8－9","大阪府岸和田市野田町1－8－9","34.458996","135.377777","","","https://www.post.japanpost.jp/kitte_hagaki/stamp/fuke//detail.php?id=1600","〒596-0076 大阪府岸和田市野田町1－8－9 岸和田駅前郵便局 記念押印担当あて 【郵頼の申込方法】 ・新意匠の風景印を使用開始日（2022年4月14日）の日付で郵頼希望の場合は、2022年4月12日（火）到着分まで押印します。 ・封筒表面に「新意匠希望」と朱書きして、余裕をもって郵送してください。 ・新旧の風景印を郵頼希望の場合は、同封でも可能ですが、 2022年4月12日（火）到着分まで押印します。 ・封筒表面に「新・旧意匠希望」と朱書きして、余裕をもって郵送してください。 ・押印の指示内容、お客さまの電話連絡先を明記した指示書を必ず同封してください。 ・返信用封筒（切手貼付済）も忘れずに同封してください。 ・依頼内容に不備等があり、確認の連絡が取れない場合は、押印せずにお返しいたします。 ・多数の申込みが見込まれるため、返却にお時間がかかる場合があります。 【郵便局窓口での押印】 ・郵便局窓口での押印開始は2022年4月14日（木）営業開始時間からです。 ・混雑緩和のため、押印する台紙等をお手元にご準備の上、郵便局窓口へお越しください。（押印可能時間は窓口営業時間に準じます）"
"1605","大谷地郵便局","北海道","〒003-0026 北海道札幌市白石区本通18丁目南2-10","北海道札幌市白石区本通18丁目南2-10","43.03381","141.43663","","","https://www.post.japanpost.jp/kitte_hagaki/stamp/fuke//detail.php?id=1605","〒003-0026 北海道札幌市白石区本通18丁目南2-10 大谷地郵便局（風景印担当）あて"
"1602","高蔵寺岩成台郵便局","愛知県","〒487-0033 愛知県春日井市岩成台6-2-3（18棟1階）","愛知県春日井市岩成台6-2-3（18棟1階）","35.277153","137.045212","","","https://www.post.japanpost.jp/kitte_hagaki/stamp/fuke//detail.php?id=1602","〒487-0033 愛知県春日井市岩成台6-2-3（18棟1階） ・新意匠の使用開始日の風景印を郵頼希望の場合は、2022年4月15日(金)までに必着するよう「新意匠押印希望」の旨を明記して余裕をもって、郵送してください。窓口での押印開始は2022年4月20日（水）窓口開始時間です。 ・郵頼のお客さまは、ご連絡先・お電話番号を必ずご明記の上返信用封筒（切手貼付済）を忘れずに同封してください。 ・多数の郵頼が見込まれるため、返信にお時間がかかる可能性があります。"
"1615","大浦郵便局","岡山県","〒714-0301 岡山県笠岡市北木島町3802－4","岡山県笠岡市北木島町3802－4","34.384521","133.532074","","","https://www.post.japanpost.jp/kitte_hagaki/stamp/fuke//detail.php?id=1615","〒714-0301 岡山県笠岡市北木島町3802－4 大浦郵便局 記念押印担当あて ・押印サービスご希望のお客さまは、窓口にお越しいただくか郵頼にてお申込みください。 ・使用開始日の2022年5月20日(金)の日付で押印ご希望のお客さまは、2022年5月17日(火)までに必着するよう郵送してください。 ・押印の指示内容、お客さまの電話連絡先を必ずご明記ください。 ・指示内容に不備があり、お客さまへの連絡が取れない場合は、押印せずお返しいたします。 ・返信用封筒を忘れずに送付してください。"
"1617","真鍋島郵便局","岡山県","〒714-0037 岡山県笠岡市真鍋島4025","岡山県笠岡市真鍋島4025","34.355797","133.573486","","","https://www.post.japanpost.jp/kitte_hagaki/stamp/fuke//detail.php?id=1617","〒714-0037 岡山県笠岡市笠岡市真鍋島4025 真鍋島郵便局 記念押印担当あて ・押印サービスご希望のお客さまは、窓口にお越しいただくか郵頼にてお申込みください。 ・使用開始日の2022年5月20日(金)の日付で押印ご希望のお客さまは、2022年5月17日(火)までに必着するよう郵送してください。 ・押印の指示内容、お客さまの電話連絡先を必ずご明記ください。 ・指示内容に不備があり、お客さまへの連絡が取れない場合は、押印せずお返しいたします。 ・返信用封筒を忘れずに送付してください。"
"1621","吉野山郵便局","奈良県","〒639-3115 奈良県吉野郡吉野町吉野山548－2","奈良県吉野郡吉野町吉野山548－2","34.359539","135.85939","","","https://www.post.japanpost.jp/kitte_hagaki/stamp/fuke//detail.php?id=1621","〒639-3115 奈良県吉野郡吉野町吉野山548－2 吉野山郵便局 あて 【郵頼の申込方法】 ・新意匠の風景印を使用開始日（2022年5月23日）の日付で郵頼希望の場合は、2022年5月18日（水）到着分まで押印します。 ・封筒表面に「新意匠希望」と朱書きして、余裕をもって郵送してください。 ・新旧の風景印を郵頼希望の場合は、同封でも可能ですが、 2022年5月18日（水）到着分まで押印します。 ・封筒表面に「新・旧意匠希望」と朱書きして、余裕をもって郵送してください。 ・押印の指示内容、お客さまの電話連絡先を明記した指示書を必ず同封してください。 ・返信用封筒（切手貼付済）も忘れずに同封してください。 ・依頼内容に不備等があり、確認の連絡が取れない場合は、押印せずにお返しいたします。 ・多数の申込みが見込まれるため、返却にお時間がかかる場合があります。 【郵便局窓口での押印】 ・郵便局窓口での押印開始は2022年5月23日（月）営業開始時間からです。 ・混雑緩和のため、押印する台紙等をお手元にご準備の上、郵便局窓口へお越しください。（押印可能時間は窓口営業時間に準じます。）"
"1618","北広島中央六郵便局","北海道","〒061-1121 北海道北広島市中央6-11-10","北海道北広島市中央6-11-10","42.979496","141.566299","","","https://www.post.japanpost.jp/kitte_hagaki/stamp/fuke//detail.php?id=1618","〒061-1121 北海道北広島市中央6-11-10 北広島中央六郵便局（風景印担当）あて"
"1619","北広島西の里郵便局","北海道","〒061-1105 北海道北広島市西の里東1-13-15","北海道北広島市西の里東1-13-15","43.013813","141.504333","","","https://www.post.japanpost.jp/kitte_hagaki/stamp/fuke//detail.php?id=1619","〒061-1105 北海道北広島市西の里東1-13-15 北広島西の里郵便局（風景印担当）あて"
"1671","魚沼吉田郵便局","新潟県","〒948-0105 新潟県新潟県十日町市北鐙坂885-37","新潟県新潟県十日町市北鐙坂885-37","37.916077","139.036545","","","https://www.post.japanpost.jp/kitte_hagaki/stamp/fuke//detail.php?id=1671","〒948-0105 新潟県十日町市北鐙坂885-37 魚沼吉田郵便局 記念押印担当 あて"
"1677","六日町郵便局","新潟県","〒949-6699 新潟県南魚沼市六日町2115","新潟県南魚沼市六日町2115","37.063736","138.878159","","","https://www.post.japanpost.jp/kitte_hagaki/stamp/fuke//detail.php?id=1677","〒949-6699 新潟県南魚沼市六日町2115 六日町郵便局 『風景印』記念押印担当 あて"
"1682","倶知安北郵便局","北海道","〒044-0054 北海道虻田郡倶知安町北四条西1丁目1-5","北海道虻田郡倶知安町北四条西1丁目1-5","42.904522","140.751022","","","https://www.post.japanpost.jp/kitte_hagaki/stamp/fuke//detail.php?id=1682","〒044-0054 北海道虻田郡倶知安町北四条西1丁目1-5 倶知安北郵便局（風景印担当）宛"
"1681","倶知安郵便局","北海道","〒044-8799 北海道虻田郡倶知安町南一条東1-17","北海道虻田郡倶知安町南一条東1-17","42.900902","140.754501","","","https://www.post.japanpost.jp/kitte_hagaki/stamp/fuke//detail.php?id=1681","〒044-8799 北海道虻田郡倶知安町南一条東1-17 倶知安郵便局（風景印担当）宛"
"1687","広島JPビル郵便局","広島県","〒732-0822 広島県広島市南区松原町2－62","広島県広島市南区松原町2－62","34.397629","132.473206","","","https://www.post.japanpost.jp/kitte_hagaki/stamp/fuke//detail.php?id=1687","〒732-0822 広島県広島市南区松原町2－62 広島JPビル郵便局 記念押印担当あて ・押印サービスご希望のお客さまは、窓口にお越しいただくか郵頼にてお申込みください。 ・使用開始日の2022年9月26日(月)の日付で押印ご希望のお客さまは、2022年9月16日(金)までに必着するよう郵送してください。 ・押印の指示内容、お客さまの電話連絡先を必ずご明記ください。 ・返信用封筒を忘れずに送付してください。 ・指示内容、送付物に不備があり、お客さまへの連絡が取れない場合は、押印せずお返しいたします。"
"1692","中野郵便局","兵庫県","〒675-2102 兵庫県加西市中野町1329－4","兵庫県加西市中野町1329－4","34.8797","134.873718","","","https://www.post.japanpost.jp/kitte_hagaki/stamp/fuke//detail.php?id=1692","〒675-2102 兵庫県加西市中野町1329－4 中野郵便局 あて 【郵頼の申込方法】 ・新意匠の風景印を使用開始日（2022年11月1日）の日付で郵頼希望の場合は、2022年10月20日（木）到着分まで押印します。 ・封筒表面に「新意匠希望」と朱書きして、余裕をもって郵送してください。 ・新旧の風景印を郵頼希望の場合は、同封でも可能ですが、 2022年10月20日（木）到着分まで押印します。 ・封筒表面に「新・旧意匠希望」と朱書きして、余裕をもって郵送してください。 ・押印の指示内容、お客さまの電話連絡先を明記した指示書を必ず同封してください。 ・返信用封筒（切手貼付済）も忘れずに同封してください。 ・依頼内容に不備等があり、確認の連絡が取れない場合は、押印せずにお返しいたします。 ・多数の申込みが見込まれるため、返却にお時間がかかる場合があります。 【郵便局窓口での押印】 ・郵便局窓口での押印開始は2022年11月1日（火）営業開始時間からです。 ・混雑緩和のため、押印する台紙等をお手元にご準備の上、郵便局窓口へお越しください。（押印可能時間は窓口営業時間に準じます。）"
"1696","鴨方郵便局","岡山県","〒719-0299 岡山県岡山県浅口市鴨方町六条院中3283","岡山県岡山県浅口市鴨方町六条院中3283","34.655186","133.919754","","","https://www.post.japanpost.jp/kitte_hagaki/stamp/fuke//detail.php?id=1696","〒719-0299 岡山県浅口市鴨方町六条院中3283 鴨方郵便局 記念押印担当あて ・押印サービスご希望のお客さまは、窓口にお越しいただくか郵頼にてお申込みください。 ・使用開始日の2022年10月3日(月)の日付で押印ご希望のお客さまは、2022年9月27日(火)までに必着するよう郵送してください。 ・押印の指示内容、お客さまの電話連絡先を必ずご明記ください。 ・返信用封筒を忘れずに送付してください。 ・指示内容、送付物に不備があり、お客さまへの連絡が取れない場合は、押印せずお返しいたします。"
"1702","小浦郵便局","長崎県","〒857-0361 長崎県北松浦郡佐々町小浦免219-35","長崎県北松浦郡佐々町小浦免219-35","33.222904","129.644348","","","https://www.post.japanpost.jp/kitte_hagaki/stamp/fuke//detail.php?id=1702","〒857-0361 長崎県北松浦郡佐々町小浦免219-35 小浦郵便局（風景印担当）宛"
"1699","浦川原郵便局","新潟県","〒942-0399 新潟県上越市浦川原区釜淵1","新潟県上越市浦川原区釜淵1","37.161407","138.434601","","","https://www.post.japanpost.jp/kitte_hagaki/stamp/fuke//detail.php?id=1699","〒942-0399 上越市浦川原区釜淵1 浦川原郵便局 記念押印担当 あて"
"1712","楢葉郵便局","福島県","〒979-0604 福島県双葉郡楢葉町大字北田字中満256－3","福島県双葉郡楢葉町大字北田字中満256－3","37.273209","140.999359","","","https://www.post.japanpost.jp/kitte_hagaki/stamp/fuke//detail.php?id=1712","～2022年10月14日(金)到着分まで～ 〒979-0604 福島県双葉郡楢葉町北田鐘突堂5－6 楢葉郵便局 あて ～2022年10月17日(月)以降到着分～ 〒979-0604 福島県双葉郡楢葉町大字北田字中満256－3 楢葉郵便局 あて"
"1704","若松郵便局","福岡県","〒808-8799 福岡県北九州市若松区浜町1-11-1","福岡県北九州市若松区浜町1-11-1","33.906433","130.811142","","","https://www.post.japanpost.jp/kitte_hagaki/stamp/fuke//detail.php?id=1704","〒808-8799 福岡県北九州市若松区浜町1-11-1 若松郵便局（風景印担当）宛"
"1723","奈古郵便局","山口県","〒759-3699 山口県山口県阿武郡阿武町奈古２９５５－１２","山口県山口県阿武郡阿武町奈古２９５５－１２","34.177845","131.473022","","","https://www.post.japanpost.jp/kitte_hagaki/stamp/fuke//detail.php?id=1723","〒759-3699 山口県阿武郡阿武町奈古２９５５－１２ 奈古郵便局 記念押印担当あて ・押印サービスご希望のお客さまは、窓口にお越しいただくか郵頼にてお申込みください。 ・使用開始日の2022年11月１日(火)の日付で押印ご希望のお客さまは、2022年10月26日(水)までに必着するよう郵送してください。 ・押印の指示内容、お客さまの電話連絡先を必ずご明記ください。 ・返信用封筒を忘れずに送付してください。 ・指示内容、送付物に不備があり、お客さまへの連絡が取れない場合は、押印せずお返しいたします。"
"1725","二川郵便局","島根県","〒698-0202 島根県島根県益田市美都町宇津川ロ７１０","島根県島根県益田市美都町宇津川ロ７１０","35.472294","133.050522","","","https://www.post.japanpost.jp/kitte_hagaki/stamp/fuke//detail.php?id=1725","〒698-0202 島根県益田市美都町宇津川ロ７１０ 二川郵便局 記念押印担当あて ・押印サービスご希望のお客さまは、窓口にお越しいただくか郵頼にてお申込みください。 ・使用開始日の2022年11月２日(水)の日付で押印ご希望のお客さまは、2022年10月26日(水)までに必着するよう郵送してください。 ・押印の指示内容、お客さまの電話連絡先を必ずご明記ください。 ・返信用封筒を忘れずに送付してください。 ・指示内容、送付物に不備があり、お客さまへの連絡が取れない場合は、押印せずお返しいたします。"
"1736","新梅田シティ内郵便局","大阪府","〒531-0076 大阪府大阪市北区大淀中１－１－９０－Ｂ１００（梅田スカイビル地下１階）","大阪府大阪市北区大淀中１－１－９０－Ｂ１００（梅田スカイビル地下１階）","34.704723","135.491013","","","https://www.post.japanpost.jp/kitte_hagaki/stamp/fuke//detail.php?id=1736","〒531-0076 大阪府大阪市北区大淀中１－１－９０－Ｂ１００（梅田スカイビル地下１階） 新梅田シティ内郵便局 あて 【郵頼の申込方法】 ・新意匠の風景印を使用開始日（2022年12月5日）の日付で郵頼希望の場合は、2022年12月2日（金）到着分まで押印します。 ・封筒表面に「新意匠希望」と朱書きして、余裕をもって郵送してください。 ・新旧の風景印を郵頼希望の場合は、同封でも可能ですが、 2022年11月30日（水）到着分まで押印します。なお、旧意匠は鮮明に押印出来ない旨、ご理解願います。 ・封筒表面に「新・旧意匠希望」と朱書きして、余裕をもって郵送してください。 ・押印の指示内容、お客さまの電話連絡先を明記した指示書を必ず同封してください。 ・返信用封筒（切手貼付済）も忘れずに同封してください。 ・依頼内容に不備等があり、確認の連絡が取れない場合は、押印せずにお返しいたします。 ・多数の申込みが見込まれるため、返却にお時間がかかる場合があります。 【郵便局窓口での押印】 ・郵便局窓口での押印開始は2022年12月5日（月）営業開始時間からです。 ・混雑緩和のため、押印する台紙等をお手元にご準備の上、郵便局窓口へお越しください。（押印可能時間は窓口営業時間に準じます。）"
"1752","北広島広葉郵便局","北海道","〒061-1134 北海道北広島市広葉町3-9-6","北海道北広島市広葉町3-9-6","42.972496","141.552536","","","https://www.post.japanpost.jp/kitte_hagaki/stamp/fuke//detail.php?id=1752","〒061-1134 北海道北広島市広葉町3-9-6 北広島広葉郵便局（風景印担当）宛"
"1753","北広島里見郵便局","北海道","〒061-1147 北海道北広島市里見町4-1-3","北海道北広島市里見町4-1-3","42.959335","141.543961","","","https://www.post.japanpost.jp/kitte_hagaki/stamp/fuke//detail.php?id=1753","〒061-1147 北海道北広島市里見町4-1-3 北広島里見郵便局（風景印担当）宛"
"1754","大津神領郵便局","滋賀県","〒520-2131 滋賀県大津市三大寺４－１８","滋賀県大津市三大寺４－１８","34.974949","135.916443","","","https://www.post.japanpost.jp/kitte_hagaki/stamp/fuke//detail.php?id=1754","〒520-2131 滋賀県大津市三大寺４－１８ 大津神領郵便局 あて 【郵便局窓口での押印】 ・郵便局窓口での押印開始は2023年2月13日（月）営業開始時間からです。 ・混雑緩和のため、押印する台紙等をお手元にご準備の上、郵便局窓口へお越しください。（押印可能時間は窓口営業時間に準じます。）"
"1756","輪厚郵便局","北海道","〒061-1268 北海道北広島市輪厚中央1-2-10","北海道北広島市輪厚中央1-2-10","42.948273","141.501633","","","https://www.post.japanpost.jp/kitte_hagaki/stamp/fuke//detail.php?id=1756","〒061-1268 北海道北広島市輪厚中央1-2-10 輪厚郵便局（風景印担当）宛"
"1760","井原中町郵便局","岡山県","〒715-0019 岡山県井原市井原町１０２７－２","岡山県井原市井原町１０２７－２","34.605476","133.461945","","","https://www.post.japanpost.jp/kitte_hagaki/stamp/fuke//detail.php?id=1760","〒715-0019 岡山県井原市井原町１０２７－２ 井原中町郵便局 記念押印担当あて ・押印サービスご希望のお客さまは、窓口にお越しいただくか郵頼にてお申込みください。 ・使用開始日の2023年3月9日(木)の日付で押印ご希望のお客さまは、2023年3月6日(月)までに必着するよう郵送してください。 ・押印の指示内容、お客さまの電話連絡先を必ずご明記ください。 ・返信用封筒を忘れずに送付してください。 ・指示内容、送付物に不備があり、お客さまへの連絡が取れない場合は、押印せずお返しいたします。"
"1757","阪南和泉鳥取郵便局","大阪府","〒599-0213 大阪府阪南市和泉鳥取６６３－１０","大阪府阪南市和泉鳥取６６３－１０","34.340034","135.262451","","","https://www.post.japanpost.jp/kitte_hagaki/stamp/fuke//detail.php?id=1757","〒599-0213 大阪府阪南市和泉鳥取６６３－１０ 阪南和泉鳥取郵便局 あて 【郵便局窓口での押印】 ・郵便局窓口での押印開始は2023年3月1日（水）営業開始時間からです。 ・混雑緩和のため、押印する台紙等をお手元にご準備の上、郵便局窓口へお越しください。（押印可能時間は窓口営業時間に準じます。）"
"1765","熊本駅内郵便局","熊本県","〒860-0047 熊本県熊本市西区春日3－15－1","熊本県熊本市西区春日3－15－1","32.788967","130.688232","","","https://www.post.japanpost.jp/kitte_hagaki/stamp/fuke//detail.php?id=1765","〒860-0047 熊本県熊本市西区春日3－15－1 熊本駅内郵便局（風景印担当）宛"
"1770","新津郵便局","新潟県","〒956-8799 新潟県新潟市秋葉区新津本町2-4-32","新潟県新潟市秋葉区新津本町2-4-32","37.797211","139.12294","","","https://www.post.japanpost.jp/kitte_hagaki/stamp/fuke//detail.php?id=1770","〒956-8799 新潟県新潟市秋葉区新津本町2-4-32 新津郵便局 『風景印』記念押印担当 あて"
"1777","井原郵便局","岡山県","〒715-8799 岡山県岡山県井原市七日市町２","岡山県岡山県井原市七日市町２","34.655186","133.919754","","","https://www.post.japanpost.jp/kitte_hagaki/stamp/fuke//detail.php?id=1777","〒715-8799 岡山県井原市七日市町２ 井原郵便局 記念押印担当あて ・押印サービスご希望のお客さまは、窓口にお越しいただくか郵頼にてお申込みください。 ・使用開始日の2023年4月18日(火)の日付で押印ご希望のお客さまは、2023年4月15日(土)までに必着するよう郵送してください。 ・押印の指示内容、お客さまの電話連絡先を必ずご明記ください。 ・返信用封筒を忘れずに送付してください。 ・指示内容、送付物に不備があり、お客さまへの連絡が取れない場合は、押印せずお返しいたします。"
"1781","安謝郵便局","沖縄県","〒900-0002 沖縄県那覇市曙３－３－１","沖縄県那覇市曙３－３－１","26.241331","127.688591","","","https://www.post.japanpost.jp/kitte_hagaki/stamp/fuke//detail.php?id=1781","〒900-0002 沖縄県那覇市曙３－３－１ 安謝郵便局 「記念押印担当」宛て"
"1778","安芸三田郵便局","広島県","〒739-1521 広島県広島市安佐北区白木町三田7237－1","広島県広島市安佐北区白木町三田7237－1","34.514843","132.608963","","","https://www.post.japanpost.jp/kitte_hagaki/stamp/fuke//detail.php?id=1778","〒739-1521 広島県広島市安佐北区白木町三田７２３７－１ 安芸三田郵便局 記念押印担当あて ・押印サービスご希望のお客さまは、窓口にお越しいただくか郵頼にてお申込みください。 ・使用開始日の2023年5月1日(月)の日付で押印ご希望のお客さまは、2023年4月26日(水)までに必着するよう郵送してください。 ・押印の指示内容、お客さまの電話連絡先を必ずご明記ください。 ・返信用封筒を忘れずに送付してください。 ・指示内容、送付物に不備があり、お客さまへの連絡が取れない場合は、押印せずお返しいたします。"
"1783","開南郵便局","沖縄県","〒900-0022 沖縄県那覇市樋川２－１－３１","沖縄県那覇市樋川２－１－３１","26.210819","127.688766","","","https://www.post.japanpost.jp/kitte_hagaki/stamp/fuke//detail.php?id=1783","〒900-0022 沖縄県那覇市樋川２－１－３１ 開南郵便局 「記念押印担当」宛て"
"1780","牧志郵便局","沖縄県","〒900-0013 沖縄県那覇市牧志３－１３－１９","沖縄県那覇市牧志３－１３－１９","26.21736","127.691696","","","https://www.post.japanpost.jp/kitte_hagaki/stamp/fuke//detail.php?id=1780","〒900-0013 沖縄県那覇市牧志３－１３－１９ 牧志郵便局 「記念押印担当」宛て"
"1782","沖縄県庁内郵便局","沖縄県","〒900-0021 沖縄県那覇市泉崎１－２－２","沖縄県那覇市泉崎１－２－２","26.213303","127.679634","","","https://www.post.japanpost.jp/kitte_hagaki/stamp/fuke//detail.php?id=1782","〒900-0021 沖縄県那覇市泉崎１－２－２ 沖縄県庁内郵便局 「記念押印担当」宛て"
"1787","伊賀ゆめが丘郵便局","三重県","〒518-0131 三重県伊賀市ゆめが丘 3-15-21","三重県伊賀市ゆめが丘 3-15-21","34.736927","136.158966","","","https://www.post.japanpost.jp/kitte_hagaki/stamp/fuke//detail.php?id=1787","①(2023年5月2日(火)まで到着分) 上野桑町郵便局 〒518-0842 三重県伊賀市上野桑町1431-2 ②(2023年5月8日(月)以降) 伊賀ゆめが丘郵便局 〒518-0131 三重県伊賀市ゆめが丘3-15-21 ・2023年5月8日（月）日付の風景印を郵頼希望の場合は、2023年5月2日（火）までに必着するよう「風景印押印希望」の旨を明記して余裕をもって、郵送してください。窓口での押印開始は2023年5月8日（月）窓口開始時間です。 ・風景印の押印指示等が明確にわかるように内容を記載してください。 ・郵頼希望される場合は、ご連絡先・お電話番号を必ずご明記の上、返信用封筒（切手貼付済）を忘れずに同封してください。 ・多数の郵頼が見込まれるため、返信にお時間がかかる可能性があります。"
"1790","糸満西崎郵便局","沖縄県","〒901-0305 沖縄県糸満市西崎６－５－１","沖縄県糸満市西崎６－５－１","26.142202","127.670006","","","https://www.post.japanpost.jp/kitte_hagaki/stamp/fuke//detail.php?id=1790","〒901-0305 沖縄県糸満市西崎６－５－１ 糸満西崎郵便局 「記念押印担当」宛て"
"1800","七尾大田郵便局","石川県","〒926-0006 石川県七尾市大田町１０９－１６－１","石川県七尾市大田町１０９－１６－１","37.052795","136.998688","","","https://www.post.japanpost.jp/kitte_hagaki/stamp/fuke//detail.php?id=1800","〒926-0006 石川県七尾市大田町１０９－１６－１ 七尾大田郵便局 風景印担当あて (留意点) ・押印の具体的な指示内容等が記入された用紙等及び往信用封筒は返信いたしません。 ・締切後に到着した郵頼につきましてはお客さまへ返信させていただく場合がございます。 ・依頼内容に不明な点等があり、お客さまへの連絡が取れない場合は、押印せずお返しする場合があります。 ・多数の郵頼が見込まれるため、返信にお時間がかかる場合があります。"
"1801","首里末吉郵便局","沖縄県","〒903-0801 沖縄県那覇市首里末吉町４－２－２２","沖縄県那覇市首里末吉町４－２－２２","26.22921","127.708183","","","https://www.post.japanpost.jp/kitte_hagaki/stamp/fuke//detail.php?id=1801","〒９０３－０８０１ 沖縄県那覇市首里末吉町４－２－２２ 首里末吉郵便局「記念押印担当」宛て"
"1797","荒川郵便局","長崎県","〒853-0599 長崎県長崎県五島市玉之浦町荒川275-1","長崎県長崎県五島市玉之浦町荒川275-1","32.749527","129.879807","","","https://www.post.japanpost.jp/kitte_hagaki/stamp/fuke//detail.php?id=1797","〒853-0599 長崎県五島市玉之浦町荒川275-1 荒川郵便局（風景印担当）宛"
"1804","呉郷原郵便局","広島県","〒737-0161 広島県広島県呉市郷原町１５８３－２","広島県広島県呉市郷原町１５８３－２","34.385277","132.455276","","","https://www.post.japanpost.jp/kitte_hagaki/stamp/fuke//detail.php?id=1804","〒737-0161 広島県呉市郷原町１５８３－２ 呉郷原郵便局 記念押印担当あて ・押印サービスご希望のお客さまは、窓口にお越しいただくか郵頼にてお申込みください。 ・開始日の2023年6月6日(火)の日付で押印ご希望のお客さまは、2023年6月2日(金)までに必着するよう郵送してください。 ・押印の指示内容、お客さまの電話連絡先を必ずご明記ください。 ・返信用封筒を忘れずに送付してください。 ・指示内容、送付物に不備があり、お客さまへの連絡が取れない場合は、押印せずお返しいたします。"
"1806","兼城郵便局","沖縄県","〒901-0313 沖縄県糸満市賀数224","沖縄県糸満市賀数224","26.146299","127.692429","","","https://www.post.japanpost.jp/kitte_hagaki/stamp/fuke//detail.php?id=1806","〒901-0313 沖縄県糸満市賀数224 兼城郵便局 「記念押印担当」宛て"
"1803","曙郵便局","沖縄県","〒900-0002 沖縄県那覇市曙２－２５－２８","沖縄県那覇市曙２－２５－２８","26.239725","127.681564","","","https://www.post.japanpost.jp/kitte_hagaki/stamp/fuke//detail.php?id=1803","〒900-0002 沖縄県那覇市曙２－２５－２８ 曙郵便局 「記念押印担当」宛て"
"1809","小禄郵便局","沖縄県","〒901-0153 沖縄県那覇市宇栄原3-32-27","沖縄県那覇市宇栄原3-32-27","26.188551","127.66095","","","https://www.post.japanpost.jp/kitte_hagaki/stamp/fuke//detail.php?id=1809","〒901-0153 沖縄県那覇市宇栄原３－３２－２７ 小禄郵便局「記念押印担当」宛て"
"1807","小禄金城郵便局","沖縄県","〒901-0155 沖縄県沖縄県那覇市金城5-2-8","沖縄県沖縄県那覇市金城5-2-8","26.334202","127.805649","","","https://www.post.japanpost.jp/kitte_hagaki/stamp/fuke//detail.php?id=1807","〒901-0155 那覇市金城５－２－８ 小禄金城郵便局「記念押印担当」宛て"
"1810","小禄鏡原郵便局","沖縄県","〒901-0151 沖縄県那覇市鏡原34-25","沖縄県那覇市鏡原34-25","26.198095","127.678543","","","https://www.post.japanpost.jp/kitte_hagaki/stamp/fuke//detail.php?id=1810","〒901-0151 沖縄県那覇市鏡原町３４－２５ 小禄鏡原郵便局「記念押印担当」宛て"
"1808","古波蔵郵便局","沖縄県","〒900-0024 沖縄県那覇市古波蔵2-14-41","沖縄県那覇市古波蔵2-14-41","26.199799","127.686394","","","https://www.post.japanpost.jp/kitte_hagaki/stamp/fuke//detail.php?id=1808","〒900-0024 那覇市古波蔵2－14－41 古波蔵郵便局「記念押印担当」宛て"
"1812","首里大名郵便局","沖縄県","〒903-0802 沖縄県那覇市首里大名町3-55-5","沖縄県那覇市首里大名町3-55-5","26.231544","127.721031","","","https://www.post.japanpost.jp/kitte_hagaki/stamp/fuke//detail.php?id=1812","〒903-0802 沖縄県那覇市首里大名町3-55-5 首里大名郵便局 「記念押印担当」宛て"
"1811","小禄泉原郵便局","沖縄県","〒901-0152 沖縄県那覇市小禄1240","沖縄県那覇市小禄1240","26.19145","127.677612","","","https://www.post.japanpost.jp/kitte_hagaki/stamp/fuke//detail.php?id=1811","〒901-0152 沖縄県那覇市小禄1240 小禄泉原郵便局 「記念押印担当」宛て"
"1821","西馬城郵便局","大分県","〒872-0112 大分県大分県宇佐市大字上矢部1353-2","大分県大分県宇佐市大字上矢部1353-2","33.239445","131.609726","","","https://www.post.japanpost.jp/kitte_hagaki/stamp/fuke//detail.php?id=1821","〒872-0112 大分県宇佐市大字上矢部1353-2 西馬城郵便局（風景印担当）宛"
"1830","玄海郵便局","佐賀県","〒847-1421 佐賀県東松浦郡玄海町諸浦323-6","佐賀県東松浦郡玄海町諸浦323-6","33.469826","129.872101","","","https://www.post.japanpost.jp/kitte_hagaki/stamp/fuke//detail.php?id=1830","〒847-1421 佐賀県東松浦郡玄海町諸浦323-6 玄海郵便局（風景印担当）宛"
"1813","那覇久米郵便局","沖縄県","〒900-0032 沖縄県那覇市松山1-32-7","沖縄県那覇市松山1-32-7","26.21953","127.675537","","","https://www.post.japanpost.jp/kitte_hagaki/stamp/fuke//detail.php?id=1813","〒900-0032 沖縄県那覇市松山1-32-7 那覇久米郵便局 「記念押印担当」宛て"
"1836","美留和郵便局","北海道","〒088-3399 北海道川上郡弟子屈町美留和76","北海道川上郡弟子屈町美留和76","43.556114","144.41893","","","https://www.post.japanpost.jp/kitte_hagaki/stamp/fuke//detail.php?id=1836","〒088-3399 北海道川上郡弟子屈町美留和76 美留和郵便局（風景印担当）宛"
"1845","久賀島郵便局","長崎県","〒853-2171 長崎県五島市久賀町247-16","長崎県五島市久賀町247-16","32.786476","128.87326","","","https://www.post.japanpost.jp/kitte_hagaki/stamp/fuke//detail.php?id=1845","〒853-2171 長崎県五島市久賀町247-16 久賀島郵便局（風景印担当）宛"
"1831","値賀郵便局","佐賀県","〒847-1441 佐賀県東松浦郡玄海町今村6596-1","佐賀県東松浦郡玄海町今村6596-1","33.503384","129.852356","","","https://www.post.japanpost.jp/kitte_hagaki/stamp/fuke//detail.php?id=1831","〒847-1441 佐賀県東松浦郡玄海町今村6596-1 値賀郵便局（風景印担当）宛"
"1846","剣渕郵便局","北海道","〒098-0338 北海道上川郡剣淵町仲町８－４","北海道上川郡剣淵町仲町８－４","44.098885","142.363541","","","https://www.post.japanpost.jp/kitte_hagaki/stamp/fuke//detail.php?id=1846","〒098-0338 北海道上川郡剣淵町仲町８－４ 剣渕郵便局（風景印担当）宛"
"1851","若菜郵便局","北海道","〒068-0425 北海道夕張市若菜9-3","北海道夕張市若菜9-3","43.026405","141.971237","","","https://www.post.japanpost.jp/kitte_hagaki/stamp/fuke//detail.php?id=1851","〒068-0425 北海道夕張市若菜9-3 若菜郵便局(風景印担当あて)"
"1847","富士里簡易郵便局","長野県","〒389-1314 長野県上水内郡信濃町大字穂波446番地12","長野県上水内郡信濃町大字穂波446番地12","36.775654","138.20343","","","https://www.post.japanpost.jp/kitte_hagaki/stamp/fuke//detail.php?id=1847","〒389-1314 長野県上水内郡信濃町大字穂波446番地12 富士里簡易郵便局 記念押印担当 あて"
"1849","園原郵便局","長野県","〒395-0305 長野県下伊那郡阿智村駒2352-355","長野県下伊那郡阿智村駒2352-355","35.486961","137.65451","","","https://www.post.japanpost.jp/kitte_hagaki/stamp/fuke//detail.php?id=1849","〒395-0305 長野県下伊那郡阿智村駒2352-355 園原郵便局 記念押印担当 あて"
"1854","大屋駅郵便局","長野県","〒386-0152 長野県長野県上田市大屋414-2","長野県長野県上田市大屋414-2","36.648537","138.194824","","","https://www.post.japanpost.jp/kitte_hagaki/stamp/fuke//detail.php?id=1854","〒386-0152 長野県上田市大屋470-1 大屋郵便局 記念押印担当 あて"
"1859","美田郵便局","島根県","〒684-0303 島根県隠岐郡西ノ島町美田283-31","島根県隠岐郡西ノ島町美田283-31","36.098858","133.029358","","","https://www.post.japanpost.jp/kitte_hagaki/stamp/fuke//detail.php?id=1859","〒684-0303 島根県隠岐郡西ノ島町美田283-31 美田郵便局 記念押印担当あて ・押印サービスご希望のお客さまは、窓口にお越しいただくか郵頼にてお申込みください。 ・開始日の2024年2月5日(月)の日付で押印ご希望のお客さまは、2024年1月31日(水)までに必着するよう郵送してください。 ・押印の指示内容、お客さまの電話連絡先を必ずご明記ください。 ・返信用封筒を忘れずに送付してください。 ・指示内容、送付物に不備があり、お客さまへの連絡が取れない場合は、押印せずお返しいたします。"
"1881","呉天応郵便局","広島県","〒737-0874 広島県広島県呉市天応南町5-26","広島県広島県呉市天応南町5-26","34.385277","132.455276","","","https://www.post.japanpost.jp/kitte_hagaki/stamp/fuke//detail.php?id=1881","737-0874 広島県呉市天応南町5-26 呉天応郵便局 記念押印担当あて ・押印サービスご希望のお客さまは、窓口にお越しいただくか郵頼にてお申込みください。 ・開始日の2024年3月8日(金)の日付で押印ご希望のお客さまは、2024年3月5日(火)までに必着するよう郵送してください。 ・押印の指示内容、お客さまの電話連絡先を必ずご明記ください。 ・返信用封筒を忘れずに送付してください。 ・指示内容、送付物に不備があり、お客さまへの連絡が取れない場合は、押印せずお返しいたします。"
"1882","伊東玖須美郵便局","静岡県","〒414-0026 静岡県伊東市竹の台5-28","静岡県伊東市竹の台5-28","34.966656","139.09877","","","https://www.post.japanpost.jp/kitte_hagaki/stamp/fuke//detail.php?id=1882","①(2024年3月7日(木)まで到着分) 伊東玖須美郵便局（移転前） 〒414-0024 伊東市和田1-13-9 ・使用開始日の風景印を郵頼希望される場合は、2024年3月7日(木)までに届くように余裕を持って郵送をお願いします。 ・風景印の押印の具体的な要望等が明確にわかるように内容を記載してください。 ②(2024年3月11日(月)以降) 伊東玖須美郵便局（移転後） 〒414-0026 伊東市竹の台5-28 ・窓口での押印開始は2024年3月11日（月）窓口開始時間です。 【注意事項等】 ・お申し込みの際、複数種類の郵頼を一つの往信封筒に入れるのは、ご遠慮ください。 ・依頼内容に不備があった場合などで、確認の連絡が取れない場合には、押印せずに返送させていただきます。 ・押印の具体的な要望等が書かれた用紙等及び往信用封筒は返信いたしません。 ・多数の申込みが見込まれる為、返却にお時間がかかる場合があります。 ・切手の貼り方や台紙の材質によって印影が乱れる場合があります。 ・ご希望に添えない場合もございますのでご了承ください。"
"1884","高岡守山郵便局","富山県","〒933-0986 富山県高岡市西海老坂２９２","富山県高岡市西海老坂２９２","36.780476","136.995209","","","https://www.post.japanpost.jp/kitte_hagaki/stamp/fuke//detail.php?id=1884","〒933-0986 富山県高岡市西海老坂２９２ 高岡守山郵便局 風景印担当あて (留意点) ・押印の具体的な指示内容等が記入された用紙等及び往信用封筒は返信いたしません。 ・締切後に到着した郵頼につきましてはお客さまへ返信させていただく場合がございます。 ・依頼内容に不明な点等があり、お客さまへの連絡が取れない場合は、押印せずお返しする場合があります。 ・多数の郵頼が見込まれるため、返信にお時間がかかる場合があります。"
"1890","竹田簡易郵便局","福井県","〒910-0203 福井県坂井市丸岡町山口第５６号２４－１","福井県坂井市丸岡町山口第５６号２４－１","36.148796","136.388306","","","https://www.post.japanpost.jp/kitte_hagaki/stamp/fuke//detail.php?id=1890","〒910-0203 福井県坂井市丸岡町山口第５６号２４－１ 竹田簡易郵便局 記念押印担当 あて ※日本国外からの押印依頼について 国際郵便の取扱いを行っておりませんので、日本国外あての郵便物への引受消印及び、外国来の郵頼等には対応できません。 (留意点) ・押印の具体的な指示内容等が記入された用紙等及び往信用封筒は返信いたしません。 ・締切後に到着した郵頼につきましてはお客さまへ返信させていただく場合がございます。 ・依頼内容に不明な点等があり、お客さまへの連絡が取れない場合は、押印せずお返しする場合があります。 ・多数の郵頼が見込まれるため、返信にお時間がかかる場合があります。"
"1892","鳴鹿簡易郵便局","福井県","〒910-0337 福井県坂井市丸岡町新鳴鹿３－１００","福井県坂井市丸岡町新鳴鹿３－１００","36.107925","136.297989","","","https://www.post.japanpost.jp/kitte_hagaki/stamp/fuke//detail.php?id=1892","〒910-0337 福井県坂井市丸岡町新鳴鹿３－１００ 鳴鹿簡易郵便局 記念押印担当 あて ※日本国外からの押印依頼について 国際郵便の取扱いを行っておりませんので、日本国外あての郵便物への引受消印及び、外国来の郵頼等には対応できません。 (留意点) ・押印の具体的な指示内容等が記入された用紙等及び往信用封筒は返信いたしません。 ・締切後に到着した郵頼につきましてはお客さまへ返信させていただく場合がございます。 ・依頼内容に不明な点等があり、お客さまへの連絡が取れない場合は、押印せずお返しする場合があります。 ・多数の郵頼が見込まれるため、返信にお時間がかかる場合があります。"
"1894","六呂師高原簡易郵便局","福井県","〒912-0131 福井県大野市南六呂師第３９号１－２","福井県大野市南六呂師第３９号１－２","36.022434","136.598022","","","https://www.post.japanpost.jp/kitte_hagaki/stamp/fuke//detail.php?id=1894","〒912-0131 福井県大野市南六呂師第３９号１－２ 六呂師簡易郵便局 記念押印担当 あて ※日本国外からの押印依頼について 国際郵便の取扱いを行っておりませんので、日本国外あての郵便物への引受消印及び、外国来の郵頼等には対応できません。 (留意点) ・押印の具体的な指示内容等が記入された用紙等及び往信用封筒は返信いたしません。 ・締切後に到着した郵頼につきましてはお客さまへ返信させていただく場合がございます。 ・依頼内容に不明な点等があり、お客さまへの連絡が取れない場合は、押印せずお返しする場合があります。 ・多数の郵頼が見込まれるため、返信にお時間がかかる場合があります。"
"1891","芦見簡易郵便局","福井県","〒910-2203 福井県福井市西中町３－９－１","福井県福井市西中町３－９－１","36.032185","136.409561","","","https://www.post.japanpost.jp/kitte_hagaki/stamp/fuke//detail.php?id=1891","〒910-2203 福井県福井市西中町３－９－１ 芦見簡易郵便局 記念押印担当 あて ※日本国外からの押印依頼について 国際郵便の取扱いを行っておりませんので、日本国外あての郵便物への引受消印及び、外国来の郵頼等には対応できません。 (留意点) ・押印の具体的な指示内容等が記入された用紙等及び往信用封筒は返信いたしません。 ・締切後に到着した郵頼につきましてはお客さまへ返信させていただく場合がございます。 ・依頼内容に不明な点等があり、お客さまへの連絡が取れない場合は、押印せずお返しする場合があります。 ・多数の郵頼が見込まれるため、返信にお時間がかかる場合があります。"
"1893","新横江簡易郵便局","福井県","〒916-0043 福井県鯖江市定次町２-２４","福井県鯖江市定次町２-２４","35.938019","136.196396","","","https://www.post.japanpost.jp/kitte_hagaki/stamp/fuke//detail.php?id=1893","〒916-0043 福井県鯖江市定次町２-２４ 新横江簡易郵便局 記念押印担当 あて ※日本国外からの押印依頼について 国際郵便の取扱いを行っておりませんので、日本国外あての郵便物への引受消印及び、外国来の郵頼等には対応できません。 (留意点) ・押印の指示内容等が記入された用紙等及び往信用封筒は返信いたしません。 ・依頼内容に不明な点等があり、お客さまへの連絡が取れない場合は、押印せずお返しする場合があります。 ・多数の郵頼が見込まれるため、返信にお時間がかかる場合があります。"
"1902","富士駅前郵便局","静岡県","〒416-0923 静岡県富士市横割本町1-1 ソシエルふじ 1階","静岡県富士市横割本町1-1 ソシエルふじ 1階","35.150612","138.650818","","","https://www.post.japanpost.jp/kitte_hagaki/stamp/fuke//detail.php?id=1902","①4月15日(月)の到着分まで 富士水戸島郵便局 〒416-0921 富士市水戸島1-5-17 ※「富士駅前郵便局の初日押印」並びに「移転前の富士水戸島郵便局の風景」を希望される場合は、4月15日(月)までに到着するよう余裕を持って郵送をお願いします。 ②初日押印以外の押印 富士駅前郵便局 〒416-0923 富士市横割本町1-1 ソシエルふじ 1階 【注意事項等】 ・お申し込みの際、複数種類の郵頼を一つの往信封筒に入れるのは、ご遠慮ください。 ・依頼内容に不備があった場合やご希望に添えない場合などで、確認の連絡が取れない場合には、押印せずに返送させていただきます。 ・押印の具体的な要望等が書かれた用紙等及び往信用封筒は返信いたしません。 ・多数の申込みが見込まれる為、返却にお時間がかかる場合があります。 ・切手の貼り方や台紙の材質によって印影が乱れる場合があります。"
"1906","さっぽろ東急百貨店内郵便局","北海道","〒060-8619 北海道北海道札幌市中央区北四条西２丁目１","北海道北海道札幌市中央区北四条西２丁目１","43.802906","143.894684","","","https://www.post.japanpost.jp/kitte_hagaki/stamp/fuke//detail.php?id=1906","〒060-8619 北海道札幌市中央区北4条西2丁目1 さっぽろ東急百貨店内郵便局（風景印担当）宛"
"1897","名古屋池下郵便局","愛知県","〒464-0067 愛知県名古屋市千種区池下1-10-2","愛知県名古屋市千種区池下1-10-2","35.168255","136.943909","","","https://www.post.japanpost.jp/kitte_hagaki/stamp/fuke//detail.php?id=1897","名古屋池下郵便局 〒464-0067 名古屋市千種区池下1-10-2 ※「新意匠の初日押印」並びに「旧意匠の風景印」を希望される場合は、3月27日(水)までに到着するよう余裕を持って郵送をお願いします。 【注意事項等】 ・お申し込みの際、複数種類の郵頼を一つの往信封筒に入れるのは、ご遠慮ください。 ・依頼内容に不備があった場合やご希望に添えない場合などで、確認の連絡が取れない場合には、押印せずに返送させていただきます。 ・押印の具体的な要望等が書かれた用紙等及び往信用封筒は返信いたしません。 ・多数の申込みが見込まれる為、返却にお時間がかかる場合があります。 ・切手の貼り方や台紙の材質によって印影が乱れる場合があります。"
"1928","福井北四ツ居郵便局","福井県","〒918-8205 福井県福井市北四ツ居3－11－15","福井県福井市北四ツ居3－11－15","36.069221","136.246429","","","https://www.post.japanpost.jp/kitte_hagaki/stamp/fuke//detail.php?id=1928","〒918-8205 福井県福井市北四ツ居3-11-15 福井北四ツ居郵便局 風景印担当あて (留意点) ・押印の具体的な指示内容等が記入された用紙等及び往信用封筒は返信いたしません。 ・締切後に到着した郵頼につきましてはお客さまへ返信させていただく場合がございます。 ・依頼内容に不明な点等があり、お客さまへの連絡が取れない場合は、押印せずお返しする場合があります。 ・多数の郵頼が見込まれるため、返信にお時間がかかる場合があります。"
"1941","田原郵便局","和歌山県","〒649-4112 和歌山県東牟婁郡串本町田原４２６","和歌山県東牟婁郡串本町田原４２６","33.540421","135.873093","","","https://www.post.japanpost.jp/kitte_hagaki/stamp/fuke//detail.php?id=1941","〒649-4112 和歌山県東牟婁郡串本町田原４２６ 田原郵便局 「記念押印担当」あて ※郵便による初日押印は2024/7/29(月)到着分まで受付いたします。 【郵頼について】 ・「引受消印」及び「記念押印」の両方をご希望される場合は、それぞれ別々の封筒でお申込みください。 ・押印の指示内容、お客さまの日中に繋がる電話連絡先を明記した指示書及び返信用封筒（返送先を明記し、必要な切手を貼りつけたもの）等を必ず同封してください。 ※押印内容の確認等でご連絡をさせていただく場合がございます。 【注意事項】 ・イベントが中止となった場合、お申し込みいただきました郵頼については、押印せずに返送させていただきます。 ・依頼内容に不備があった場合などで、確認の連絡が取れない場合には、押印せずにお返しいたします。 【その他】 ・多数の申込みが見込まれる為、返却にお時間がかかる場合があります。 ・切手の貼り方や台紙の材質によって印影が乱れる場合があります。"
"1916","阿倍野文の里駅前郵便局","大阪府","〒545-0004 大阪府大阪市阿倍野区文の里１－７－４１","大阪府大阪市阿倍野区文の里１－７－４１","34.637131","135.518677","","","https://www.post.japanpost.jp/kitte_hagaki/stamp/fuke//detail.php?id=1916","①2024年5月24日(金)まで 〒545-0004 大阪府大阪市阿倍野区文の里２－１７－９ 阿倍野文ノ里郵便局 あて ②2024年5月27日(月)以降(※初日押印の対応は出来かねますのでご注意ください。) 〒545-0004 大阪府大阪市阿倍野区文の里１－７－４１ 阿倍野文の里駅前郵便局あて 【初日押印の郵頼について】 ・使用開始日の2024年5月27日(月)の日付で押印ご希望のお客さまは、2024年5月17日(金)(当日消印有効)までに①の宛先へ必着するよう郵送してください。 【押印サービス申込方法について】 ・押印サービスご希望のお客さまは、窓口にお越しいただくか郵頼にてお申込みください。 ・郵便局窓口での押印を希望されるお客さまは、混雑緩和のため、事前に押印する台紙等をお手元にご準備の上、郵便局窓口へお越しください。 (郵便局窓口における押印可能時間は、平日9：00～17：00です。) ・指示内容に不備があり、お客さまへの連絡が取れない場合は、押印せずお返しいたします。 ・旧意匠(阿倍野文ノ里郵便局)の風景印の郵頼締切は2024年5月17日(金)(当日消印有効)です。 ・押印を希望する風景印が「旧意匠の風景印」か「新意匠の風景印」のどちらかをご明記ください。 ・郵頼にて「引受消印」及び「記念押印」の両方をご希望される場合は、それぞれ別々の封筒でお申込みください。 ・封筒の表面には「引受消印」または「記念押印」と朱書きしてください。 【納入物について】 ・押印の指示内容、お客さまの電話連絡先を明記した指示書を必ず同封してください。 ・返信用封筒等も忘れずに同封してください。 【連絡先の記載】 ・郵頼に関する確認のご連絡をさせていただく場合がございますので、お申込封筒または押印指示書等にご連絡先の電話番号を記載してください。 【注意事項】 ・依頼内容に不備があった場合などで、確認の連絡が取れない場合には、押印せずにお返しいたします。 【その他】 ・郵頼は余裕を持ってお申込ください。 ・なお、多数の申込が見込まれる為、返却まで数カ月頂戴する場合がございますのでご了承ください。 ・台紙等の材質・切手の貼り方によって鮮明に映らない場合がございますのでご了承願います。"
"1944","釧路桜ヶ岡郵便局","北海道","〒085-0805 北海道北海道釧路市桜ケ岡4-3-32","北海道北海道釧路市桜ケ岡4-3-32","43.802906","143.894684","","","https://www.post.japanpost.jp/kitte_hagaki/stamp/fuke//detail.php?id=1944","〒085-0805 北海道釧路市桜ケ岡4-3-32 釧路桜ヶ岡郵便局（風景印担当）宛"
"1948","函館時任郵便局","北海道","〒040-0012 北海道北海道函館市時任町23-8","北海道北海道函館市時任町23-8","43.802906","143.894684","","","https://www.post.japanpost.jp/kitte_hagaki/stamp/fuke//detail.php?id=1948","北海道函館市時任町23-8 函館時任郵便局(風景印担当あて)"
"1945","釧路桜ヶ岡五郵便局","北海道","〒085-0805 北海道北海道釧路市桜ケ岡5-10-17","北海道北海道釧路市桜ケ岡5-10-17","43.802906","143.894684","","","https://www.post.japanpost.jp/kitte_hagaki/stamp/fuke//detail.php?id=1945","〒085-0805 北海道釧路市桜ケ岡5-10-17 釧路桜ヶ岡五郵便局（風景印担当）宛"
"1953","広島矢野東郵便局","広島県","〒736-0085 広島県広島市安芸区矢野西7-2-2","広島県広島市安芸区矢野西7-2-2","34.345551","132.53801","","","https://www.post.japanpost.jp/kitte_hagaki/stamp/fuke//detail.php?id=1953","736-0085 広島県広島市安芸区矢野西7-2-2 広島矢野東郵便局 記念押印担当あて ・押印サービスご希望のお客さまは、窓口にお越しいただくか郵頼にてお申込みください。 ・開始日の2024年9月17日(火)の日付で押印ご希望のお客さまは、2024年9月10日(火)までに必着するよう郵送してください。 ・押印の指示内容、お客さまの電話連絡先を必ずご明記ください。 ・返信用封筒を忘れずに送付してください。 ・指示内容、送付物に不備があり、お客さまへの連絡が取れない場合は、押印せずお返しいたします。"
"1942","名古屋振甫郵便局","愛知県","〒464-0072 愛知県名古屋市千種区振甫町2-25-8","愛知県名古屋市千種区振甫町2-25-8","35.174152","136.950333","","","https://www.post.japanpost.jp/kitte_hagaki/stamp/fuke//detail.php?id=1942","名古屋振甫郵便局 〒464-0072 愛知県名古屋市千種区振甫町2-25-8 ※新意匠風景印で使用開始日（2024年8月1日(木)）、旧意匠風景印で廃止日（2024年7月31日(水)）の日付で押印をご希望のお客さまは、2024年7月29日(月)までに必着するよう郵送してください。 【注意事項等】 ・お申し込みの際、複数種類の郵頼を一つの往信封筒に入れるのは、ご遠慮ください。 ・郵頼は余裕を持ってお申し込みください。 ・依頼内容に不備があった場合やご希望に添えない場合などで、確認の連絡が取れない場合には、押印せずに返送させていただきます。 ・押印の具体的な要望等が書かれた用紙等及び往信用封筒は返信いたしません。 ・多数の申込みが見込まれる為、返却にお時間がかかる場合があります。 ・切手の貼り方や台紙の材質によって印影が乱れる場合があります。 ・旧意匠風景印は摩耗が激しいため、鮮明に映らない場合がございますのでご了承願います。"
"1958","京田辺駅前郵便局","京都府","〒610-0334 京都府京田辺市田辺中央5-2-1 アル・プラザ京田辺1階","京都府京田辺市田辺中央5-2-1 アル・プラザ京田辺1階","34.821999","135.768936","","","https://www.post.japanpost.jp/kitte_hagaki/stamp/fuke//detail.php?id=1958","①2024年10月18日(金)まで 〒610-0331 京都府京田辺市田辺平田１５－１７ 新田辺郵便局 あて ※使用開始日の2024年10月21日(月)の日付で押印ご希望のお客さまは、2024年10月11日(金)(必着)までに郵送してください。 ②2024年10月21日(月)以降(※初日押印の対応は出来かねますのでご注意ください。) 〒610-0334 京都府京田辺市田辺中央５－２－１ 京田辺駅前郵便局あて 【新意匠での初日押印の郵頼について】 ・使用開始日の2024年10月21日(月)の日付で押印ご希望のお客さまは、2024年10月11日(金)(必着)までに①の宛先へ郵送してください。 【押印サービス申込方法について】 ・押印サービスご希望のお客さまは、窓口にお越しいただくか郵頼にてお申込みください。 ・郵便局窓口での押印を希望されるお客さまは、混雑緩和のため、事前に押印する台紙等をお手元にご準備の上、郵便局窓口へお越しください。 (郵便局窓口における押印可能時間は、平日9：00～17：00です。) ・指示内容に不備があり、お客さまへの連絡が取れない場合は、押印せずお返しいたします。 ・旧意匠(新田辺郵便局)の風景印の郵頼締切は2024年10月11日(金)(必着)です。 ・押印を希望する風景印が「旧意匠の風景印」か「新意匠の風景印」のどちらであるかをご明記ください。 ・郵頼にて「引受消印」及び「記念押印」の両方をご希望される場合は、それぞれ別々の封筒でお申込みください。 ・封筒の表面には「引受消印」または「記念押印」と朱書きしてください。 【納入物について】 ・押印の指示内容、お客さまの電話連絡先を明記した指示書を必ず同封してください。 ・返信用封筒等も忘れずに同封してください。 【連絡先の記載】 ・郵頼に関する確認のご連絡をさせていただく場合がございますので、お申込封筒または押印指示書等にご連絡先の電話番号を記載してください。 【注意事項】 ・依頼内容に不備があった場合などで、確認の連絡が取れない場合には、押印せずにお返しいたします。 【その他】 ・郵頼は余裕を持ってお申込ください。 ・なお、多数の申込が見込まれる為、返却まで数カ月頂戴する場合がございますのでご了承ください。 ・細心の注意を払って押印対応しておりますが、手押し印のため、印影に汚れや擦れ、ずれ等が生じる場合がございます。 その場合、再押印や補償はいたしかねますのであらかじめご了承ください。"
"1965","湯田上郵便局","新潟県","〒959-1502 新潟県南蒲原郡田上町田上丙649-20","新潟県南蒲原郡田上町田上丙649-20","37.708984","139.074142","","","https://www.post.japanpost.jp/kitte_hagaki/stamp/fuke//detail.php?id=1965","〒959-1502 新潟県南蒲原郡田上町田上丙649-20 湯田上郵便局 記念押印担当 あて"
"1955","千早簡易郵便局","大阪府","〒585-0051 大阪府南河内郡千早赤阪村千早２３５","大阪府南河内郡千早赤阪村千早２３５","34.418232","135.646667","","","https://www.post.japanpost.jp/kitte_hagaki/stamp/fuke//detail.php?id=1955","〒585-0051 大阪府南河内郡千早赤阪村千早２３５ 千早簡易郵便局 あて 【押印サービス申込方法について】 ・押印サービスをご希望のお客さまは、郵便局窓口にお越しいただくか郵頼にてお申込みください。 ・郵便局窓口での押印を希望されるお客さまは、混雑緩和のため、事前に押印する台紙等をお手元にご準備の上、郵便局窓口へお越しください。(郵便局窓口における押印可能時間は、平日9：00～16：00です。) ・郵頼にて「引受消印」及び「記念押印」の両方を ご希望される場合は、それぞれ別々の封筒でお申込みください。 ・封筒の表面には「引受消印」または「記念押印」と朱書きしてください。 【納入物について】 ・押印の指示内容、お客さまの電話連絡先を明記した指示書を必ず同封してください。 ・返信用封筒(切手を貼付したもの)等も忘れずに同封してください。 【連絡先の記載】 ・郵頼に関する確認のご連絡をさせていただく場合がございますので、お申込封筒または押印指示書等にご連絡先の電話番号を記載してください。 【注意事項】 ・依頼内容に不備があった場合などで、確認の連絡が取れない場合には、押印せずにお返しいたします。 ・記念押印の郵頼につきまして、返信用封筒(切手を貼付したもの)が同封されていないものは指定の宛先にお送りすることができません。 ・細心の注意を払って押印対応しておりますが、手押し印のため、印影に汚れや擦れ、ずれ等が生じる場合がございます。 その場合、再押印や補償はいたしかねますのであらかじめご了承ください。 【その他】 ・郵頼は余裕を持ってお申込ください。 ・なお、多数の申込みが見込まれる為、返却にお時間がかかる場合があります。 ・摩耗が激しいため、鮮明に映らない場合がございますのでご了承願います。"
"1164","八幡吉田簡易郵便局","岐阜県","〒501-4203 岐阜県郡上市八幡町初納野垣1324－2","岐阜県郡上市八幡町初納野垣1324－2","35.792637","136.998856","","","https://www.post.japanpost.jp/kitte_hagaki/stamp/fuke//detail.php?id=1164","〒501-4203 岐阜県郡上市八幡町初納野垣1324－2 八幡吉田簡易郵便局 ●使用開始日の風景印を郵頼希望の場合は、2月6日(木)までに必着するよう「風景印押印希望」の旨を明記して余裕をもって、郵送してください。窓口での押印開始は2月10日（月）窓口開始時間です。 ●郵頼のお客さまは、ご連絡先・お電話番号を必ずご明記の上返信用封筒（切手貼付済）を忘れずに同封してください。"
"1304","戸畑郵便局","福岡県","〒804-8799 福岡県北九州市戸畑区新池1-2-2","福岡県北九州市戸畑区新池1-2-2","33.894989","130.829651","","","https://www.post.japanpost.jp/kitte_hagaki/stamp/fuke//detail.php?id=1304","〒804-8799 福岡県北九州市戸畑区新池1-2-2 戸畑郵便局（風景印担当）宛"
"1449","東下条郵便局","新潟県","〒959-4634 新潟県新潟県東蒲原郡阿賀町熊渡1310","新潟県新潟県東蒲原郡阿賀町熊渡1310","37.916077","139.036545","","","https://www.post.japanpost.jp/kitte_hagaki/stamp/fuke//detail.php?id=1449","〒959-4634 新潟県東蒲原郡阿賀町熊渡1310 東下条郵便局 記念押印担当 宛"
"1531","川越富洲原郵便局","三重県","〒510-8122 三重県三重郡川越町大字豊田81-4","三重県三重郡川越町大字豊田81-4","35.018036","136.658875","","","https://www.post.japanpost.jp/kitte_hagaki/stamp/fuke//detail.php?id=1531","〒510-8122 三重県三重郡川越町大字豊田81-4 ・2022年1月4日（火）日付の風景印を郵頼希望の場合は、2021年12月29日（水）までに必着するよう「風景印押印希望」の旨を明記して余裕をもって、郵送してください。窓口での押印開始は2022年1月4日（火）窓口開始時間です。 ・郵頼希望される場合は、ご連絡先・お電話番号を必ずご明記の上、返信用封筒（切手貼付済）を忘れずに同封してください。 ・多数の郵頼が見込まれるため、返信にお時間がかかる可能性があります。"
"1583","高岡丸の内郵便局","富山県","〒933-0913 富山県高岡市本町1-3","富山県高岡市本町1-3","36.750187","137.018021","","","https://www.post.japanpost.jp/kitte_hagaki/stamp/fuke//detail.php?id=1583","～2022年3月11日(金)到着分まで～ 〒933-0039 富山県高岡市大手町11-2 高岡大手町郵便局 風景印担当 あて ～2022年3月14日(月)以降到着分～ 〒933-0913 富山県高岡市本町1-3 高岡丸の内郵便局 風景印担当 あて (留意点) ・押印の具体的な指示内容等が記入された用紙等及び往信用封筒は返信いたしません。 ・依頼内容に不明な点等があり、お客さまへの連絡が取れない場合は、押印せずお返しする場合があります。 ・多数の郵頼が見込まれるため、返信にお時間がかかる場合があります。"
"1614","北木島郵便局","岡山県","〒714-0399 岡山県笠岡市北木島町9749","岡山県笠岡市北木島町9749","34.384521","133.532074","","","https://www.post.japanpost.jp/kitte_hagaki/stamp/fuke//detail.php?id=1614","〒714-0399 岡山県笠岡市北木島町9749 北木島郵便局 記念押印担当あて ・押印サービスご希望のお客さまは、窓口にお越しいただくか郵頼にてお申込みください。 ・使用開始日の2022年5月20日(金)の日付で押印ご希望のお客さまは、2022年5月17日(火)までに必着するよう郵送してください。 ・押印の指示内容、お客さまの電話連絡先を必ずご明記ください。 ・指示内容に不備があり、お客さまへの連絡が取れない場合は、押印せずお返しいたします。 ・返信用封筒を忘れずに送付してください。"
"1616","白石島郵便局","岡山県","〒714-0036 岡山県笠岡市白石島555","岡山県笠岡市白石島555","34.403118","133.515121","","","https://www.post.japanpost.jp/kitte_hagaki/stamp/fuke//detail.php?id=1616","〒714-0036 岡山県笠岡市白石島555 白石島郵便局 記念押印担当あて ・押印サービスご希望のお客さまは、窓口にお越しいただくか郵頼にてお申込みください。 ・使用開始日の2022年5月20日(金)の日付で押印ご希望のお客さまは、2022年5月17日(火)までに必着するよう郵送してください。 ・押印の指示内容、お客さまの電話連絡先を必ずご明記ください。 ・指示内容に不備があり、お客さまへの連絡が取れない場合は、押印せずお返しいたします。 ・返信用封筒を忘れずに送付してください。"
"1802","首里山川郵便局","沖縄県","〒903-0825 沖縄県那覇市首里山川町 1-72","沖縄県那覇市首里山川町 1-72","26.220089","127.711891","","","https://www.post.japanpost.jp/kitte_hagaki/stamp/fuke//detail.php?id=1802","〒903-0825 沖縄県那覇市首里山川町 1-72 首里山川郵便局「記念押印担当」宛て"
"1888","名古屋中日ビル内郵便局","愛知県","〒460-0008 愛知県名古屋市中区栄4-1-1","愛知県名古屋市中区栄4-1-1","35.168846","136.909363","","","https://www.post.japanpost.jp/kitte_hagaki/stamp/fuke//detail.php?id=1888","①3月13日(水)の到着分まで 名古屋栄四郵便局 〒460-0008 名古屋市中区栄4-1-8 ※「名古屋中日ビル内郵便局の初日押印」並びに「移転前の名古屋栄四郵便局の風景」を希望される場合は、3月13日(水)までに到着するよう余裕を持って郵送をお願いします。 ②初日押印以外の押印 名古屋中日ビル内郵便局 〒460-0008 名古屋市中区栄4-1-1 【注意事項等】 ・お申し込みの際、複数種類の郵頼を一つの往信封筒に入れるのは、ご遠慮ください。 ・依頼内容に不備があった場合やご希望に添えない場合などで、確認の連絡が取れない場合には、押印せずに返送させていただきます。 ・押印の具体的な要望等が書かれた用紙等及び往信用封筒は返信いたしません。 ・多数の申込みが見込まれる為、返却にお時間がかかる場合があります。 ・切手の貼り方や台紙の材質によって印影が乱れる場合があります。"
"9148","春日郵便局","愛知県","〒452-0961 愛知県清須市春日振形１7","愛知県清須市春日振形１7","35.239269","136.841202","","","https://www.post.japanpost.jp/kitte_hagaki/stamp/fuke//detail.php?id=9148","春日郵便局 〒452-0961 愛知県清須市春日振形17 ※旧意匠風景印で廃止日(2025年7月4日(金))、新意匠風景印で使用開始日（2025年7月7日(月)）の日付で押印をご希望のお客さまは、2025年7月4日(金)までに必着するよう郵送してください。 【注意事項等】 ・お申し込みの際、複数種類の郵頼を一つの往信封筒に入れるのは、ご遠慮ください。 ・依頼内容に不備があった場合やご希望に添えない場合などで、確認の連絡が取れない場合には、押印せずに返送させていただきます。 ・押印の具体的な要望等が書かれた用紙等及び往信用封筒は返信いたしません。 ・多数の申込みが見込まれる為、返却にお時間がかかる場合があります。 ・切手の貼り方や台紙の材質によって印影が乱れる場合があります。 ・旧意匠風景印は摩耗が激しいため、鮮明に映らない場合がございますのでご了承願います。 使用開始日は不明です。"
"12294","振内郵便局","北海道","〒055-0499 北海道沙流郡平取町振内町20-14","北海道沙流郡平取町振内町20-14","42.735939","142.302109","","","https://www.post.japanpost.jp/kitte_hagaki/stamp/fuke//detail.php?id=12294","〒055-0499 北海道沙流郡平取町振内町20-14 振内郵便局（風景印担当）宛"
"12298","天理前栽郵便局","奈良県","〒632-0078 奈良県天理市杉本町３５３－１","奈良県天理市杉本町３５３－１","34.599209","135.81633","","","https://www.post.japanpost.jp/kitte_hagaki/stamp/fuke//detail.php?id=12298","〒632-0078 奈良県天理市杉本町３５３－１ 天理前栽郵便局 あて 【郵便局窓口での押印】 ・郵便局窓口での押印開始は2025年2月12日（水）営業開始時間からです。 ・混雑緩和のため、押印する台紙等をお手元にご準備の上、郵便局窓口へお越しください。（押印可能時間は窓口営業時間に準じます。） 【注意事項】 ・依頼内容に不備があった場合などで、確認の連絡が取れない場合には、押印せずにお返しいたします。 ・切手の貼り方や台紙の材質によって印影が乱れる場合があります。 ・細心の注意を払って押印対応しておりますが、手押し印のため、印影に汚れや擦れ、ずれ等が生じる場合がございます。 その場合、再押印や補償はいたしかねますのであらかじめご了承ください。 【その他】 ・多数の申込みが見込まれる為、返却にお時間がかかる場合があります。"
"12297","大東久野郵便局","島根県","〒699-1211 島根県島根県雲南市大東町上久野１６－８","島根県島根県雲南市大東町上久野１６－８","35.472294","133.050522","","","https://www.post.japanpost.jp/kitte_hagaki/stamp/fuke//detail.php?id=12297","699-1211 島根県雲南市大東町上久野16-8 大東久野郵便局 記念押印担当あて ・押印サービスご希望のお客さまは、窓口にお越しいただくか郵頼にてお申込みください。 ・開始日の2025年2月3日(月)の日付で押印ご希望のお客さまは、2025年1月28日(火)までに必着するよう郵送してください。 ・押印の指示内容、お客さまの電話連絡先を必ずご明記ください。 ・返信用封筒を忘れずに送付してください。 ・指示内容、送付物に不備があり、お客さまへの連絡が取れない場合は、押印せずお返しいたします。"
"12303","新庄簡易郵便局","福井県","〒919-1144 福井県三方郡美浜町新庄第６５-６２","福井県三方郡美浜町新庄第６５-６２","35.545101","135.987396","","","https://www.post.japanpost.jp/kitte_hagaki/stamp/fuke//detail.php?id=12303","〒919-1144 福井県三方郡美浜町新庄第６５-６２ 新庄簡易郵便局 記念押印担当 あて ※日本国外からの押印依頼について 国際郵便の取扱いを行っておりませんので、日本国外あての郵便物への引受消印及び、外国来の郵頼等には対応できません。 (留意点) ・押印の具体的な指示内容等が記入された用紙等及び往信用封筒は返信いたしません。 ・締切後に到着した郵頼につきましてはお客さまへ返信させていただく場合がございます。 ・依頼内容に不明な点等があり、お客さまへの連絡が取れない場合は、押印せずお返しする場合があります。 ・多数の郵頼が見込まれるため、返信にお時間がかかる場合があります。"
"12302","那智勝浦港郵便局","和歌山県","〒649-5334 和歌山県東牟婁郡那智勝浦町大字勝浦４１６－１","和歌山県東牟婁郡那智勝浦町大字勝浦４１６－１","33.625633","135.951523","","","https://www.post.japanpost.jp/kitte_hagaki/stamp/fuke//detail.php?id=12302","〒649-5334 和歌山県東牟婁郡那智勝浦町大字勝浦４１６－１ 那智勝浦港郵便局 あて 【新意匠での初日押印の郵頼について】 ・使用開始日の2025年2月14日(金)の日付で押印ご希望のお客さまは、2025年2月7日(金)(必着)までに上記の宛先へ郵送してください。 【押印サービス申込方法について】 ・押印サービスご希望のお客さまは、窓口にお越しいただくか郵頼にてお申込みください。 ・郵便局窓口での押印を希望されるお客さまは、混雑緩和のため、事前に押印する台紙等をお手元にご準備の上、郵便局窓口へお越しください。 (郵便局窓口における押印可能時間は、平日9：00～17：00です。) ・指示内容に不備があり、お客さまへの連絡が取れない場合は、押印せずお返しいたします。 ・旧意匠の風景印の郵頼締切2025年2月7日(金)(必着)です。 ・押印を希望する風景印が「旧意匠の風景印」か「新意匠の風景印」のどちらであるかをご明記ください。 ・郵頼にて「引受消印」及び「記念押印」の両方をご希望される場合は、それぞれ別々の封筒でお申込みください。 ・封筒の表面には「引受消印」または「記念押印」と朱書きしてください。 【納入物について】 ・押印の指示内容、お客さまの電話連絡先を明記した指示書を必ず同封してください。 ・返信用封筒等も忘れずに同封してください。 【連絡先の記載】 ・郵頼に関する確認のご連絡をさせていただく場合がございますので、お申込封筒または押印指示書等にご連絡先の電話番号を記載してください。 【注意事項】 ・依頼内容に不備があった場合などで、確認の連絡が取れない場合には、押印せずにお返しいたします。 【その他】 ・郵頼は余裕を持ってお申込ください。 ・なお、多数の申込が見込まれる為、返却まで数カ月頂戴する場合がございますのでご了承ください。 ・細心の注意を払って押印対応しておりますが、手押し印のため、印影に汚れや擦れ、ずれ等が生じる場合がございます。 その場合、再押印や補償はいたしかねますのであらかじめご了承ください。"
"12315","和歌山鷹匠郵便局","和歌山県","〒640-8135 和歌山県和歌山市鷹匠町２－５１","和歌山県和歌山市鷹匠町２－５１","34.222164","135.177063","","","https://www.post.japanpost.jp/kitte_hagaki/stamp/fuke//detail.php?id=12315","〒640-8135 和歌山県和歌山市鷹匠町２－５１ 和歌山鷹匠郵便局 あて 【納入物について】 ・押印の指示内容、お客さまの電話連絡先を明記した指示書を必ず同封してください。 ・返信用封筒等も忘れずに同封してください。 【連絡先の記載】 ・郵頼に関する確認のご連絡をさせていただく場合がございますので、お申込封筒または押印指示書等にご連絡先の電話番号を記載してください。 【注意事項】 ・依頼内容に不備があった場合などで、確認の連絡が取れない場合には、押印せずにお返しいたします。 【その他】 ・郵頼は余裕を持ってお申込ください。 ・なお、多数の申込が見込まれる為、返却まで数カ月頂戴する場合がございますのでご了承ください。 ・細心の注意を払って押印対応しておりますが、手押し印のため、印影に汚れや擦れ、ずれ等が生じる場合がございます。 その場合、再押印や補償はいたしかねますのであらかじめご了承ください。"
"12312","和歌山広瀬郵便局","和歌山県","〒640-8113 和歌山県和歌山市広瀬通丁２－７","和歌山県和歌山市広瀬通丁２－７","34.226547","135.181564","","","https://www.post.japanpost.jp/kitte_hagaki/stamp/fuke//detail.php?id=12312","〒640-8113 和歌山県和歌山市広瀬通丁２－７ 和歌山広瀬郵便局 あて 【納入物について】 ・押印の指示内容、お客さまの電話連絡先を明記した指示書を必ず同封してください。 ・返信用封筒等も忘れずに同封してください。 【連絡先の記載】 ・郵頼に関する確認のご連絡をさせていただく場合がございますので、お申込封筒または押印指示書等にご連絡先の電話番号を記載してください。 【注意事項】 ・依頼内容に不備があった場合などで、確認の連絡が取れない場合には、押印せずにお返しいたします。 【その他】 ・郵頼は余裕を持ってお申込ください。 ・なお、多数の申込が見込まれる為、返却まで数カ月頂戴する場合がございますのでご了承ください。 ・細心の注意を払って押印対応しておりますが、手押し印のため、印影に汚れや擦れ、ずれ等が生じる場合がございます。 その場合、再押印や補償はいたしかねますのであらかじめご了承ください。"
"12313","和歌山葦原郵便局","和歌山県","〒640-8124 和歌山県和歌山市雄松町３－１８－２７","和歌山県和歌山市雄松町３－１８－２７","34.220905","135.182556","","","https://www.post.japanpost.jp/kitte_hagaki/stamp/fuke//detail.php?id=12313","〒640-8124 和歌山県和歌山市雄松町３－１８－２７ 和歌山葦原郵便局 あて 【納入物について】 ・押印の指示内容、お客さまの電話連絡先を明記した指示書を必ず同封してください。 ・返信用封筒等も忘れずに同封してください。 【連絡先の記載】 ・郵頼に関する確認のご連絡をさせていただく場合がございますので、お申込封筒または押印指示書等にご連絡先の電話番号を記載してください。 【注意事項】 ・依頼内容に不備があった場合などで、確認の連絡が取れない場合には、押印せずにお返しいたします。 【その他】 ・郵頼は余裕を持ってお申込ください。 ・なお、多数の申込が見込まれる為、返却まで数カ月頂戴する場合がございますのでご了承ください。 ・細心の注意を払って押印対応しておりますが、手押し印のため、印影に汚れや擦れ、ずれ等が生じる場合がございます。 その場合、再押印や補償はいたしかねますのであらかじめご了承ください。"
"12317","和歌山堀止郵便局","和歌山県","〒641-0041 和歌山県和歌山市堀止南ノ丁１－６","和歌山県和歌山市堀止南ノ丁１－６","34.214119","135.170944","","","https://www.post.japanpost.jp/kitte_hagaki/stamp/fuke//detail.php?id=12317","〒641-0041 和歌山県和歌山市堀止南ノ丁１－６ 和歌山堀止郵便局 あて 【納入物について】 ・押印の指示内容、お客さまの電話連絡先を明記した指示書を必ず同封してください。 ・返信用封筒等も忘れずに同封してください。 【連絡先の記載】 ・郵頼に関する確認のご連絡をさせていただく場合がございますので、お申込封筒または押印指示書等にご連絡先の電話番号を記載してください。 【注意事項】 ・依頼内容に不備があった場合などで、確認の連絡が取れない場合には、押印せずにお返しいたします。 【その他】 ・郵頼は余裕を持ってお申込ください。 ・なお、多数の申込が見込まれる為、返却まで数カ月頂戴する場合がございますのでご了承ください。 ・細心の注意を払って押印対応しておりますが、手押し印のため、印影に汚れや擦れ、ずれ等が生じる場合がございます。 その場合、再押印や補償はいたしかねますのであらかじめご了承ください。"
"12314","和歌山吹上郵便局","和歌山県","〒640-8137 和歌山県和歌山市吹上２－５－９","和歌山県和歌山市吹上２－５－９","34.220493","135.170319","","","https://www.post.japanpost.jp/kitte_hagaki/stamp/fuke//detail.php?id=12314","〒640-8137 和歌山県和歌山市吹上２－５－９ 和歌山吹上郵便局 あて 【納入物について】 ・押印の指示内容、お客さまの電話連絡先を明記した指示書を必ず同封してください。 ・返信用封筒等も忘れずに同封してください。 【連絡先の記載】 ・郵頼に関する確認のご連絡をさせていただく場合がございますので、お申込封筒または押印指示書等にご連絡先の電話番号を記載してください。 【注意事項】 ・依頼内容に不備があった場合などで、確認の連絡が取れない場合には、押印せずにお返しいたします。 【その他】 ・郵頼は余裕を持ってお申込ください。 ・なお、多数の申込が見込まれる為、返却まで数カ月頂戴する場合がございますのでご了承ください。 ・細心の注意を払って押印対応しておりますが、手押し印のため、印影に汚れや擦れ、ずれ等が生じる場合がございます。 その場合、再押印や補償はいたしかねますのであらかじめご了承ください。"
"12323","玄界島郵便局","福岡県","〒819-0205 福岡県福岡市西区玄界島浜の上21-12","福岡県福岡市西区玄界島浜の上21-12","33.688496","130.231827","","","https://www.post.japanpost.jp/kitte_hagaki/stamp/fuke//detail.php?id=12323","〒819-0205 福岡県福岡市西区玄界島浜の上21-12 玄界島郵便局（風景印担当）宛"
"12330","大分東浜郵便局","大分県","〒870-0932 大分県大分市東浜1-3-16","大分県大分市東浜1-3-16","33.247444","131.630203","","","https://www.post.japanpost.jp/kitte_hagaki/stamp/fuke//detail.php?id=12330","〒870-0932 大分県大分市東浜1-3-16 大分東浜郵便局（風景印担当）宛"
"12344","那智井関郵便局","和歌山県","〒649-5303 和歌山県東牟婁郡那智勝浦町井関９４６－１","和歌山県東牟婁郡那智勝浦町井関９４６－１","33.665672","135.925385","","","https://www.post.japanpost.jp/kitte_hagaki/stamp/fuke//detail.php?id=12344","〒649-5303 和歌山県東牟婁郡那智勝浦町井関９４６－１ 那智井関郵便局「風景印押印担当」あて ※使用開始日(5月12日（月）)の郵頼による押印は2025年5月2日(金)到着分まで受付いたします。 【郵頼について】 ・「引受消印」及び「記念押印」の両方をご希望される場合は、それぞれ別々の封筒でお申し込みください。 ・押印の指示内容、お客さまの日中に繋がる電話連絡先を明記した指示書及び返信用封筒（返送先を明記し、必要な切手を貼りつけたもの）等を必ず同封してください。 ※押印内容の確認等でご連絡をさせていただく場合がございます。 【注意事項】 ・依頼内容に不備があった場合などで、確認の連絡が取れない場合には、押印せずにお返しいたします。 【その他】 ・郵頼は余裕を持ってお申込ください。 ・なお、多数の申込みが見込まれる為、返却にお時間がかかる場合があります。 ・切手の貼り方や台紙の材質によって印影が乱れる場合があります。 ・細心の注意を払って押印対応しておりますが、手押し印のため、印影に汚れや擦れ、ずれ等が生じる場合がございます。 その場合、再押印や補償はいたしかねますのであらかじめご了承ください。"
"12353","吉木郵便局","福岡県","〒811-4242 福岡県遠賀郡岡垣町吉木西1-7-5","福岡県遠賀郡岡垣町吉木西1-7-5","33.861137","130.600372","","","https://www.post.japanpost.jp/kitte_hagaki/stamp/fuke//detail.php?id=12353","〒811-4242 福岡県遠賀郡岡垣町吉木西1-7-5 吉木郵便局（風景印担当）宛"
"12352","岡垣郵便局","福岡県","〒811-4236 福岡県遠賀郡岡垣町海老津駅前8-10","福岡県遠賀郡岡垣町海老津駅前8-10","33.842075","130.621582","","","https://www.post.japanpost.jp/kitte_hagaki/stamp/fuke//detail.php?id=12352","〒811-4236 福岡県遠賀郡岡垣町海老津駅前8-10 岡垣郵便局（風景印担当）宛"
"12356","止々呂美簡易郵便局","大阪府","〒563-0252 大阪府箕面市下止々呂美９５３","大阪府箕面市下止々呂美９５３","34.88237","135.463974","","","https://www.post.japanpost.jp/kitte_hagaki/stamp/fuke//detail.php?id=12356","〒563-0252 大阪府箕面市下止々呂美９５３ 止々呂美簡易郵便局 「風景印押印担当」あて ※使用開始日(7月1日（火）)の郵頼による押印は2025年6月23日(月)到着分まで押印します。余裕をもってお申し込みください。 【郵頼について】 ・「引受消印」及び「記念押印」の両方をご希望される場合は、それぞれ別々の封筒でお申し込みください。 ・押印の指示内容、お客さまの日中に繋がる電話連絡先を明記した指示書及び返信用封筒（返送先を明記し、必要な切手を貼りつけたもの）等を必ず同封してください。 ※押印内容の確認等で、ご連絡をさせていただく場合があります。 【注意事項】 ・依頼内容に不備があった場合などで、確認の連絡が取れない場合には、押印せずにお返しいたします。 【その他】 ・多数の申込みが見込まれる為、返却までにお時間をいただく場合があります。 ・切手の貼り方や台紙の材質によって、印影が乱れる場合があります。 ・細心の注意を払って押印対応しておりますが、手押し印のため、印影に汚れや擦れ、ずれ等が生じる場合があります。 その場合、再押印や補償はいたしかねますのであらかじめご了承ください。"
"12358","鳥上郵便局","島根県","〒699-1802 島根県仁多郡奥出雲町大呂 １１８２－２","島根県仁多郡奥出雲町大呂 １１８２－２","35.176281","133.130295","","","https://www.post.japanpost.jp/kitte_hagaki/stamp/fuke//detail.php?id=12358","〒699-1802 島根県仁多郡奥出雲町大呂1182-2 鳥上郵便局 記念押印担当あて ・押印サービスご希望のお客さまは、窓口にお越しいただくか郵頼にてお申込みください。 ・開始日の2025年7月1日(火)の日付で押印ご希望のお客さまは、2025年6月25日(水)までに必着するよう郵送してください。 ・押印の指示内容、お客さまの電話連絡先を必ずご明記ください。 ・返信用封筒を忘れずに送付してください。 ・指示内容、送付物に不備があり、お客さまへの連絡が取れない場合は、押印せずお返しいたします。"
"12370","尾張新川郵便局","愛知県","〒452-0914 愛知県清須市土器野334","愛知県清須市土器野334","35.193478","136.853348","","","https://www.post.japanpost.jp/kitte_hagaki/stamp/fuke//detail.php?id=12370","尾張新川郵便局 〒452-0914 愛知県清須市土器野334 ※新意匠風景印で使用開始日（2025年7月7日(月)）、旧意匠風景印で廃止日(2025年7月4日(金))の日付で押印をご希望のお客さまは、2025年7月4日(金)までに必着するよう郵送してください。 【注意事項等】 ・お申し込みの際、複数種類の郵頼を一つの往信封筒に入れるのは、ご遠慮ください。 ・郵頼は余裕を持ってお申し込みください。 ・依頼内容に不備があった場合やご希望に添えない場合などで、確認の連絡が取れない場合には、押印せずに返送させていただきます。 ・押印の具体的な要望等が書かれた用紙等及び往信用封筒は返信いたしません。 ・多数の申込みが見込まれる為、返却にお時間がかかる場合があります。 ・切手の貼り方や台紙の材質によって印影が乱れる場合があります。 ・旧意匠風景印は摩耗が激しいため、鮮明に映らない場合がございますのでご了承願います。"
"12393","小浜郵便局","福井県","〒917-8799 福井県小浜市一番町1-1","福井県小浜市一番町1-1","35.499451","135.745636","","","https://www.post.japanpost.jp/kitte_hagaki/stamp/fuke//detail.php?id=12393","〒917-8799 福井県小浜市一番町1-1 小浜郵便局 風景印担当あて (留意点) ・押印の具体的な指示内容等が記入された用紙等及び往信用封筒は返信いたしません。 ・締切後に到着した郵頼につきましてはお客さまへ返信させていただく場合がございます。 ・依頼内容に不明な点等があり、お客さまへの連絡が取れない場合は、押印せずお返しする場合があります。 ・多数の郵頼が見込まれるため、返信にお時間がかかる場合があります。"
"12409","水巻頃末郵便局","福岡県","〒807-0022 福岡県遠賀郡水巻町頃末北1-12-1","福岡県遠賀郡水巻町頃末北1-12-1","33.854084","130.694214","","","https://www.post.japanpost.jp/kitte_hagaki/stamp/fuke//detail.php?id=12409","〒807-0022 福岡県遠賀郡水巻町頃末北1-12-1 水巻頃末郵便局（風景印担当）宛"
"12410","水巻吉田郵便局","福岡県","〒807-0046 福岡県遠賀郡水巻町吉田西4-1-17","福岡県遠賀郡水巻町吉田西4-1-17","33.844131","130.704269","","","https://www.post.japanpost.jp/kitte_hagaki/stamp/fuke//detail.php?id=12410","〒807-0046 福岡県遠賀郡水巻町吉田西4-1-17 水巻吉田郵便局（風景印担当）宛"
"12412","松江春日簡易郵便局","島根県","〒690-0877 島根県松江市春日町５８２－６","島根県松江市春日町５８２－６","35.482052","133.047531","","","https://www.post.japanpost.jp/kitte_hagaki/stamp/fuke//detail.php?id=12412","〒690-0877 島根県松江市春日町５８２－６ 松江春日簡易郵便局 「風景印押印担当」あて ※使用開始日(9月29日(月))の押印をご希望の方は、2025年9月19日(金)到着分まで押印します。余裕をもってお申し込みください。 【郵頼について】 ・押印の指示内容、お客さまの日中に繋がる電話連絡先を明記した指示書及び返信用封筒(返送先を明記し、必要な切手を貼りつけたもの)等を必ず同封してください。 ※押印内容の確認等で、ご連絡をさせていただく場合があります。 【ご注意】 ・依頼内容に不備があった場合などで、確認の連絡が取れない場合には、押印せずにお返しいたします。 ・多数の申込みが見込まれる為、返却までにお時間をいただく場合があります。 ・切手の貼り方や台紙の材質によって、印影が乱れる場合があります。 ・細心の注意を払って押印対応しておりますが、手押し印のため、印影に汚れや擦れ、ずれ等が生じる場合があります。 ・再押印や補償はいたしかねますので予めご了承ください。 ・押印の具体的な指示内容等が記された用紙等および往信用封筒は返送いたしません。"
"12411","水巻梅ノ木郵便局","福岡県","〒807-0006 福岡県遠賀郡水巻町梅ノ木団地41-6","福岡県遠賀郡水巻町梅ノ木団地41-6","33.870815","130.689133","","","https://www.post.japanpost.jp/kitte_hagaki/stamp/fuke//detail.php?id=12411","〒807-0006 福岡県遠賀郡水巻町梅ノ木団地41-6 水巻梅ノ木郵便局（風景印担当）宛"
"12399","岬多奈川郵便局","大阪府","〒599-0311 大阪府泉南郡岬町多奈川谷川１６３３－１７","大阪府泉南郡岬町多奈川谷川１６３３－１７","34.317806","135.122498","","","https://www.post.japanpost.jp/kitte_hagaki/stamp/fuke//detail.php?id=12399","〒599-0311 大阪府泉南郡岬町多奈川谷川１６３３－１７ 岬多奈川郵便局 「風景印押印担当」あて ※使用開始日(9月1日(月))の郵頼による押印は2025年8月28日(木)到着分まで押印します。余裕をもってお申し込みください。 【郵頼について】 ・「引受消印」及び「記念押印」の両方をご希望される場合は、それぞれ別々の封筒でお申し込みください。 ・押印の指示内容、お客さまの日中に繋がる電話連絡先を明記した指示書及び返信用封筒（返送先を明記し、必要な切手を貼りつけたもの）等を必ず同封してください。 ※押印内容の確認等で、ご連絡をさせていただく場合があります。 【注意事項】 ・依頼内容に不備があった場合などで、確認の連絡が取れない場合には、押印せずにお返しいたします。 【その他】 ・多数の申込みが見込まれる為、返却までにお時間をいただく場合があります。 ・切手の貼り方や台紙の材質によって、印影が乱れる場合があります。 ・細心の注意を払って押印対応しておりますが、手押し印のため、印影に汚れや擦れ、ずれ等が生じる場合があります。 その場合、再押印や補償はいたしかねますのであらかじめご了承ください。"
"12419","口山郵便局","徳島県","〒777-0006 徳島県徳島県美馬市穴吹町口山宮内１２３－６","徳島県徳島県美馬市穴吹町口山宮内１２３－６","34.070091","134.554703","","","https://www.post.japanpost.jp/kitte_hagaki/stamp/fuke//detail.php?id=12419","〒777-0006 徳島県美馬市穴吹町口山宮内１２３－６ 口山郵便局 記念押印担当あて ・押印サービスご希望のお客さまは、窓口にお越しいただくか郵頼にてお申込みください。 ・使用開始日の2025年12月1日(月)の日付で押印ご希望のお客さまは、2025年11月28日(金)までに必着するよう郵送してください。 ・旧デザインの風景印の郵頼締切は2025年11月28日(金)です。 ・押印を希望する風景印が「旧デザインの風景印」か「新デザインの風景印」のどちらかをご明記ください。 ・押印の指示内容、お客さまの電話連絡先を必ずご明記ください。 ・返信用封筒を忘れずに送付してください。"
"12418","若佐郵便局","北海道","〒091-0551 北海道常呂郡佐呂間町字若佐46番地","北海道常呂郡佐呂間町字若佐46番地","43.983315","143.704239","","","https://www.post.japanpost.jp/kitte_hagaki/stamp/fuke//detail.php?id=12418","〒091-0551 北海道常呂郡佐呂間町字若佐46番地 若佐郵便局（風景印担当）宛"
"12432","石川県庁内郵便局","石川県","〒920-8203 石川県金沢市鞍月１－１（石川県庁庁舎２階）","石川県金沢市鞍月１－１（石川県庁庁舎２階）","36.594818","136.625351","","","https://www.post.japanpost.jp/kitte_hagaki/stamp/fuke//detail.php?id=12432","〒920-8203 石川県金沢市鞍月１－１（石川県庁庁舎２階） 石川県庁内郵便局 風景印担当あて (留意点) ・押印の具体的な指示内容等が記入された用紙等及び往信用封筒は返信いたしません。 ・締切後に到着した初日押印希望の郵頼につきましては原則として押印せずお客さまへ返信させていただきます。 ・記念押印の日付指定は、局の状況により対応できない場合があります。その際は、お客さまへご連絡、もしくは理由を記載した付箋を添えてご返送させていただく場合がございますので、あらかじめご了承ください。 ・依頼内容に不明な点等があり、お客さまへの連絡が取れない場合は、押印せずお返しする場合があります。 ・多数の郵頼が見込まれるため、返信にお時間がかかる場合があります。 〇ひゃくまんさん使用許諾番号 ・Ⓒ 2013 石川県ひゃくまんさん#1182"
"12430","七尾松本郵便局","石川県","〒926-0865 石川県七尾市松本町72-1","石川県七尾市松本町72-1","37.049446","136.959442","","","https://www.post.japanpost.jp/kitte_hagaki/stamp/fuke//detail.php?id=12430","〒926-0865 石川県七尾市松本町72-1 七尾松本郵便局 風景印担当あて (留意点) ・押印の具体的な指示内容等が記入された用紙等及び往信用封筒は返信いたしません。 ・締切後に到着した初日押印希望の郵頼につきましては原則として押印せずお客さまへ返信させていただきます。 ・記念押印の日付指定は、局の状況により対応できない場合があります。その際は、お客さまへご連絡、もしくは理由を記載した付箋を添えてご返送させていただく場合がございますので、あらかじめご了承ください。 ・依頼内容に不明な点等があり、お客さまへの連絡が取れない場合は、押印せずお返しする場合があります。 ・多数の郵頼が見込まれるため、返信にお時間がかかる場合があります。"
"12421","下狛郵便局","京都府","〒619-0245 京都府相楽郡精華町下狛拝殿１９－４","京都府相楽郡精華町下狛拝殿１９－４","34.77779","135.788452","","","https://www.post.japanpost.jp/kitte_hagaki/stamp/fuke//detail.php?id=12421","〒619-0245 京都府相楽郡精華町下狛拝殿１９－４ 下狛郵便局 あて 【新意匠での初日押印の郵頼について】 ・使用開始日の2025年12月12日(金)の日付で押印をご希望のお客さまは、2025年12月8日(月)(必着)までに上記の宛先へ郵送してください。 【押印サービス申込方法について】 ・押印サービスをご希望のお客さまは、郵便局窓口にお越しいただくか、郵頼にてお申込みください。 ・押印をご希望されるお客さまは、混雑緩和のため、事前に押印する台紙等をお手元にご準備の上、郵便局窓口へお越しください。 (郵便局窓口における押印可能時間は、平日9：00～17：00です。) ・旧意匠の風景印の郵頼締切日は2025年12月8日(月)(必着)です。 ・押印を希望する風景印が「旧意匠の風景印」か「新意匠の風景印」のどちらであるかをご明記ください。 ・郵頼にて「引受消印」及び「記念押印」の両方をご希望される場合は、それぞれ別々の封筒でお申込みください。 ・封筒の表面には「引受消印」または「記念押印」と朱書きください。 【郵頼について】 ・押印の指示内容、お客さまの電話連絡先を明記した指示書及び返信用封筒（返送先を明記し、必要な切手を貼り付けたもの）等を必ず同封してください。 ※押印内容の確認等でご連絡をさせていただく場合がございます。 【注意事項】 ・依頼内容に不備があった場合において、連絡が取れない場合には、押印せずにお返しいたします。 【その他】 ・多数の申込みが見込まれる為、返却にお時間がかかる場合がございます。 ・細心の注意を払って押印対応しておりますが、手押し印のため、印影に汚れや擦れ、ずれ等が生じる場合がございます。 その場合、再押印や補償はいたしかねますのであらかじめご了承ください。"
"12427","御座郵便局","三重県","〒517-0705 三重県志摩市志摩町御座1116-3","三重県志摩市志摩町御座1116-3","34.269543","136.766724","","","https://www.post.japanpost.jp/kitte_hagaki/stamp/fuke//detail.php?id=12427","〒517-0705 三重県志摩市志摩町御座1116-3 御座郵便局 風景印担当 あて ※使用開始日(2026年1月13日(火))の日付で押印をご希望のお客さまは、2026年1月6日(火)までに必着するよう郵送してください。 【注意事項等】 ・お申し込みの際、複数種類の郵頼を一つの往信封筒に入れるのは、ご遠慮ください。 ・郵頼は余裕を持ってお申し込みください。 ・依頼内容に不備があった場合やご希望に添えない場合などで、確認の連絡が取れない場合には、押印せずに返送させていただきます。 ・押印の具体的な要望等が書かれた用紙等及び往信用封筒は返信いたしません。 ・多数の申込みが見込まれる為、返却にお時間がかかる場合があります。 ・切手の貼り方や台紙の材質によって印影が乱れる場合があります。 ・細心の注意を払って押印対応しておりますが、手押し印のため、印影に汚れや擦れ、ずれ等が生じる場合がございます。その場合、再押印や補償はいたしかねますのであらかじめご了承ください。"
"12424","湯島郵便局","熊本県","〒869-3711 熊本県上天草市大矢野町湯島464-1","熊本県上天草市大矢野町湯島464-1","32.602688","130.337769","","","https://www.post.japanpost.jp/kitte_hagaki/stamp/fuke//detail.php?id=12424","〒869-3711 熊本県上天草市大矢野町湯島464-1 湯島郵便局（風景印担当）宛"
"12431","上宇坂郵便局","福井県","〒910-2399 福井県福井市境寺町1-1","福井県福井市境寺町1-1","36.001556","136.372238","","","https://www.post.japanpost.jp/kitte_hagaki/stamp/fuke//detail.php?id=12431","〒910-2399 福井県福井市境寺町1-1 上宇坂郵便局 風景印担当あて (留意点) ・押印の具体的な指示内容等が記入された用紙等及び往信用封筒は返信いたしません。 ・締切後に到着した初日押印希望の郵頼につきましては原則として押印せずお客さまへ返信させていただきます。 ・記念押印の日付指定は、局の状況により対応できない場合があります。その際は、お客さまへご連絡、もしくは理由を記載した付箋を添えてご返送させていただく場合がございますので、あらかじめご了承ください。 ・依頼内容に不明な点等があり、お客さまへの連絡が取れない場合は、押印せずお返しする場合があります。 ・多数の郵頼が見込まれるため、返信にお時間がかかる場合があります。"
"12438","竹原東野郵便局","広島県","〒725-0004 広島県竹原市東野町１１２－１","広島県竹原市東野町１１２－１","34.373802","132.893402","","","https://www.post.japanpost.jp/kitte_hagaki/stamp/fuke//detail.php?id=12438","〒725-0004 広島県竹原市東野町１１２－１ 竹原東野郵便局 「風景印押印担当」あて ※使用開始日(3月3日(火))の押印をご希望の方は、2026年2月24日(火)到着分まで押印します。余裕をもってお申し込みください。 【郵頼について】 ・押印の指示内容、お客さまの日中に繋がる電話連絡先を明記した指示書及び返信用封筒(返送先を明記し、必要な切手を貼りつけたもの)等を必ず同封してください。 ※押印内容の確認等で、ご連絡をさせていただく場合があります。 【注意事項等】 ・依頼内容に不備があった場合などで、確認の連絡が取れない場合には、押印せずにお返しいたします。 ・多数の申込みが見込まれる為、返却までにお時間をいただく場合があります。 ・切手の貼り方や台紙の材質によって、印影が乱れる場合があります。 ・細心の注意を払って押印対応しておりますが、手押し印のため、印影に汚れや擦れ、ずれ等が生じる場合があります。 ・再押印や補償はいたしかねますので予めご了承ください。 ・押印の具体的な指示内容等が記された用紙等および往信用封筒は返送いたしません。"
"12434","竹原本川郵便局","広島県","〒725-0026 広島県竹原市中央１－１０－１２","広島県竹原市中央１－１０－１２","34.34087","132.913193","","","https://www.post.japanpost.jp/kitte_hagaki/stamp/fuke//detail.php?id=12434","〒725-0026 広島県竹原市中央１－１０－１２ 竹原本川郵便局 「風景印押印担当」あて ※使用開始日(3月3日(火))の押印をご希望の方は、2026年2月24日(火)到着分まで押印します。余裕をもってお申し込みください。 【郵頼について】 ・押印の指示内容、お客さまの日中に繋がる電話連絡先を明記した指示書及び返信用封筒(返送先を明記し、必要な切手を貼りつけたもの)等を必ず同封してください。 ※押印内容の確認等で、ご連絡をさせていただく場合があります。 【注意事項等】 ・依頼内容に不備があった場合などで、確認の連絡が取れない場合には、押印せずにお返しいたします。 ・多数の申込みが見込まれる為、返却までにお時間をいただく場合があります。 ・切手の貼り方や台紙の材質によって、印影が乱れる場合があります。 ・細心の注意を払って押印対応しておりますが、手押し印のため、印影に汚れや擦れ、ずれ等が生じる場合があります。 ・再押印や補償はいたしかねますので予めご了承ください。 ・押印の具体的な指示内容等が記された用紙等および往信用封筒は返送いたしません。"
"12436","荘野郵便局","広島県","〒725-0003 広島県竹原市新庄町１３３３－１","広島県竹原市新庄町１３３３－１","34.391693","132.891235","","","https://www.post.japanpost.jp/kitte_hagaki/stamp/fuke//detail.php?id=12436","〒725-0003 広島県竹原市新庄町１３３３－１ 荘野郵便局 「風景印押印担当」あて ※使用開始日(3月3日(火))の押印をご希望の方は、2026年2月24日(火)到着分まで押印します。余裕をもってお申し込みください。 【郵頼について】 ・押印の指示内容、お客さまの日中に繋がる電話連絡先を明記した指示書及び返信用封筒(返送先を明記し、必要な切手を貼りつけたもの)等を必ず同封してください。 ※押印内容の確認等で、ご連絡をさせていただく場合があります。 【注意事項等】 ・依頼内容に不備があった場合などで、確認の連絡が取れない場合には、押印せずにお返しいたします。 ・多数の申込みが見込まれる為、返却までにお時間をいただく場合があります。 ・切手の貼り方や台紙の材質によって、印影が乱れる場合があります。 ・細心の注意を払って押印対応しておりますが、手押し印のため、印影に汚れや擦れ、ずれ等が生じる場合があります。 ・再押印や補償はいたしかねますので予めご了承ください。 ・押印の具体的な指示内容等が記された用紙等および往信用封筒は返送いたしません。"
"12435","田万里郵便局","広島県","〒725-0001 広島県竹原市田万里町１９４９－３","広島県竹原市田万里町１９４９－３","34.407326","132.843811","","","https://www.post.japanpost.jp/kitte_hagaki/stamp/fuke//detail.php?id=12435","〒725-0001 広島県竹原市田万里町１９４９－３ 田万里郵便局 「風景印押印担当」あて ※使用開始日(3月3日(火))の押印をご希望の方は、2026年2月24日(火)到着分まで押印します。余裕をもってお申し込みください。 【郵頼について】 ・押印の指示内容、お客さまの日中に繋がる電話連絡先を明記した指示書及び返信用封筒(返送先を明記し、必要な切手を貼りつけたもの)等を必ず同封してください。 ※押印内容の確認等で、ご連絡をさせていただく場合があります。 【注意事項等】 ・依頼内容に不備があった場合などで、確認の連絡が取れない場合には、押印せずにお返しいたします。 ・多数の申込みが見込まれる為、返却までにお時間をいただく場合があります。 ・切手の貼り方や台紙の材質によって、印影が乱れる場合があります。 ・細心の注意を払って押印対応しておりますが、手押し印のため、印影に汚れや擦れ、ずれ等が生じる場合があります。 ・再押印や補償はいたしかねますので予めご了承ください。 ・押印の具体的な指示内容等が記された用紙等および往信用封筒は返送いたしません。"
"12441","下條郵便局","長野県","〒399-2199 長野県下伊那郡下條村睦沢9299-1","長野県下伊那郡下條村睦沢9299-1","35.404663","137.781342","","","https://www.post.japanpost.jp/kitte_hagaki/stamp/fuke//detail.php?id=12441","〒399-2199 長野県下伊那郡下條村睦沢9299-1 下条郵便局 風景印担当 あて"
"12439","大乗郵便局","広島県","〒729-2313 広島県竹原市高崎町７１－５","広島県竹原市高崎町７１－５","34.337013","132.935333","","","https://www.post.japanpost.jp/kitte_hagaki/stamp/fuke//detail.php?id=12439","〒729-2313 広島県竹原市高崎町７１－５ 大乗郵便局 「風景印押印担当」あて ※使用開始日(3月3日(火))の押印をご希望の方は、2026年2月24日(火)到着分まで押印します。余裕をもってお申し込みください。 【郵頼について】 ・押印の指示内容、お客さまの日中に繋がる電話連絡先を明記した指示書及び返信用封筒(返送先を明記し、必要な切手を貼りつけたもの)等を必ず同封してください。 ※押印内容の確認等で、ご連絡をさせていただく場合があります。 【注意事項等】 ・依頼内容に不備があった場合などで、確認の連絡が取れない場合には、押印せずにお返しいたします。 ・多数の申込みが見込まれる為、返却までにお時間をいただく場合があります。 ・切手の貼り方や台紙の材質によって、印影が乱れる場合があります。 ・細心の注意を払って押印対応しておりますが、手押し印のため、印影に汚れや擦れ、ずれ等が生じる場合があります。 ・再押印や補償はいたしかねますので予めご了承ください。 ・押印の具体的な指示内容等が記された用紙等および往信用封筒は返送いたしません。"
"12445","小川町郵便局","東京都","〒101-0052 東京都千代田区神田小川町３－２２","東京都千代田区神田小川町３－２２","35.696419","139.762054","","2026/3/19廃止予定","https://www.post.japanpost.jp/kitte_hagaki/stamp/fuke//detail.php?id=12445","〒101-0052 東京都千代田区神田小川町３－２２ 小川町郵便局 記念押印担当 あて"
"12440","信濃金沢郵便局","長野県","〒391-0012 長野県茅野市金沢2206-1","長野県茅野市金沢2206-1","35.948086","138.187515","","","https://www.post.japanpost.jp/kitte_hagaki/stamp/fuke//detail.php?id=12440","〒391-0012 長野県茅野市金沢2206-1 信濃金沢郵便局 記念押印担当 あて"
"12437","吉名郵便局","広島県","〒725-0013 広島県竹原市吉名町西条４９２７－４","広島県竹原市吉名町西条４９２７－４","34.321735","132.869171","","","https://www.post.japanpost.jp/kitte_hagaki/stamp/fuke//detail.php?id=12437","〒725-0013 広島県竹原市吉名町西条４９２７－４ 吉名郵便局 「風景印押印担当」あて ※使用開始日(3月3日(火))の押印をご希望の方は、2026年2月24日(火)到着分まで押印します。余裕をもってお申し込みください。 【郵頼について】 ・押印の指示内容、お客さまの日中に繋がる電話連絡先を明記した指示書及び返信用封筒(返送先を明記し、必要な切手を貼りつけたもの)等を必ず同封してください。 ※押印内容の確認等で、ご連絡をさせていただく場合があります。 【注意事項等】 ・依頼内容に不備があった場合などで、確認の連絡が取れない場合には、押印せずにお返しいたします。 ・多数の申込みが見込まれる為、返却までにお時間をいただく場合があります。 ・切手の貼り方や台紙の材質によって、印影が乱れる場合があります。 ・細心の注意を払って押印対応しておりますが、手押し印のため、印影に汚れや擦れ、ずれ等が生じる場合があります。 ・再押印や補償はいたしかねますので予めご了承ください。 ・押印の具体的な指示内容等が記された用紙等および往信用封筒は返送いたしません。"
"12446","下条郵便局","長野県","〒399-2199 長野県下伊那郡下條村睦沢9299-1","長野県下伊那郡下條村睦沢9299-1","35.404663","137.781342","","2026/3/31廃止予定","https://www.post.japanpost.jp/kitte_hagaki/stamp/fuke//detail.php?id=12446","〒399-2199 長野県下伊那郡下條村睦沢9299-1 下条郵便局 風景印担当 あて"
"12444","宇治中ノ田郵便局","京都府","〒611-0043 京都府宇治市伊勢田町中ノ田５５-３","京都府宇治市伊勢田町中ノ田５５-３","34.886761","135.769821","","","https://www.post.japanpost.jp/kitte_hagaki/stamp/fuke//detail.php?id=12444","①2026年2月20日(金)まで 〒611-0043 京都府宇治市伊勢田町蔭田２３－２８ 宇治蔭田郵便局 あて ②2026年2月24日(火)以降(※初日押印の対応は出来かねますのでご注意ください。) 〒611-0043 京都府宇治市伊勢田町中ノ田５５-３ 宇治中ノ田郵便局あて 【初日押印の郵頼について】 ・使用開始日の2026年2月24日(火)の日付で押印ご希望のお客さまは、2026年2月13日(金)(当日消印有効)までに①の宛先へ必着するよう郵送してください。 【押印サービス申込方法について】 ・押印サービスご希望のお客さまは、窓口にお越しいただくか、郵頼にてお申込みください。 ・郵便局窓口での押印を希望されるお客さまは、混雑緩和のため、事前に押印する台紙等をお手元にご準備の上、郵便局窓口へお越しください。 (郵便局窓口における押印可能時間は、平日9：00～17：00です。) ・指示内容に不備があり、お客さまへの連絡が取れない場合は、押印せずお返しいたします。 ・旧意匠(宇治蔭田郵便局)の風景印の郵頼締切は2026年2月13日(金)(当日消印有効)です。 ・押印を希望する風景印が「旧意匠の風景印」か「新意匠の風景印」のどちらかをご明記ください。 ・郵頼にて「引受消印」及び「記念押印」の両方をご希望される場合は、それぞれ別々の封筒でお申込みください。 ・封筒の表面には「引受消印」または「記念押印」と朱書きしてください。 【納入物について】 ・押印の指示内容、お客さまの電話連絡先を明記した指示書を必ず同封してください。返信用封筒等も忘れずに同封してください。 【連絡先の記載】 ・郵頼に関する確認のご連絡をさせていただく場合がございますので、お申込封筒または押印指示書等にご連絡先の電話番号を記載してください。 【注意事項】 ・依頼内容に不備があった場合などで、確認の連絡が取れない場合には、押印せずに返却いたします。 【その他】 ・郵頼は余裕を持ってお申込ください。 ・なお、多数の申込が見込まれるため、返却まで数カ月頂戴する場合がございますのでご了承ください。 ・細心の注意を払って押印対応しておりますが、手押し印のため、印影に汚れや擦れ、ずれ等が生じる場合がございます。その場合、再押印や補償はいたしかねますのであらかじめご了承ください。"
"12455","阿倍野苗代田郵便局","大阪府","〒545-0021 大阪府大阪市阿倍野区阪南町１-１２-３１","大阪府大阪市阿倍野区阪南町１-１２-３１","34.638279","135.515625","","2026/3/13廃止予定","https://www.post.japanpost.jp/kitte_hagaki/stamp/fuke//detail.php?id=12455","〒545-0021 大阪府大阪市阿倍野区阪南町１-１２-３１ 阿倍野苗代田郵便局 あて 【押印サービス申込方法について】 ・押印サービスをご希望のお客さまは、郵便局窓口にお越しいただくか、郵頼にてお申込みください。 ・郵便局窓口での押印を希望されるお客さまは、混雑緩和のため、事前に押印する台紙等をお手元にご準備の上、郵便局窓口へお越しください。 (郵便局窓口における押印可能時間は、平日9:00～11:00、12:00～17:00です。11:00～12:00は窓口業務を 休止しております。) ・郵頼にて「引受消印」及び「記念押印」の両方をご希望される場合は、それぞれ別々の封筒でお申込みください。 ・封筒の表面には「引受消印」または「記念押印」と朱書きしてください。 【納入物について】 ・押印の指示内容、お客さまの電話連絡先を明記した指示書を必ず同封してください。 ・返信用封筒(切手を貼付したもの)等も忘れずに同封してください。 【連絡先の記載】 ・郵頼に関する確認のご連絡をさせていただく場合がございますので、お申込封筒または押印指示書等にご連絡先の電話番号を記載してください。 【注意事項】 ・依頼内容に不備があった場合などで、確認の連絡が取れない場合には、押印せずにお返しいたします。 【その他】 ・郵頼は余裕を持ってお申込ください。 ・なお、多数の申込みが見込まれるため、返却にお時間がかかる場合がございます。 ・細心の注意を払って押印対応しておりますが、手押し印のため、印影に汚れや擦れ、ずれ等が生じる場合が ございます。その場合、再押印や補償はいたしかねますのであらかじめご了承ください。"
"12461","内之浦郵便局","鹿児島県","〒893-1499 鹿児島県肝属郡肝付町南方2647-1","鹿児島県肝属郡肝付町南方2647-1","31.256077","131.040863","","2026/3/31廃止予定","https://www.post.japanpost.jp/kitte_hagaki/stamp/fuke//detail.php?id=12461","〒893-1499 鹿児島県肝属郡肝付町南方2647-1 内之浦郵便局（風景印押印担当）宛"
"12454","二口郵便局","富山県","〒939-0234 富山県射水市二口1046-2","富山県射水市二口1046-2","36.725334","137.0504","","2026/3/19廃止予定","https://www.post.japanpost.jp/kitte_hagaki/stamp/fuke//detail.php?id=12454","〒939-0234 富山県射水市二口1046-2 二口郵便局 風景印担当あて (留意点) ・押印の具体的な指示内容等が記入された用紙等及び往信用封筒は返信いたしません。 ・郵頼締切後に到着した郵頼につきましては原則として押印せずお客さまへ返信させていただきます。 ・記念押印の日付指定は、局の状況により対応できない場合があります。その際は、理由を記載した付箋を添えてご返送させていただきますので、あらかじめご了承ください。 ・依頼内容に不明な点等があり、お客さまへの連絡が取れない場合は、局の判断にて押印の上、お返しさせていただきます。 ・多数の郵頼が見込まれるため、返信にお時間がかかる場合があります。"
"12456","豊岡小田井郵便局","兵庫県","〒668-0022 兵庫県豊岡市小田井町１４-２５","兵庫県豊岡市小田井町１４-２５","35.549263","134.824219","","2026/3/13廃止予定","https://www.post.japanpost.jp/kitte_hagaki/stamp/fuke//detail.php?id=12456","〒668-0022 兵庫県豊岡市小田井町１４-２５ 豊岡小田井郵便局 あて 【押印サービス申込方法について】 ・押印サービスをご希望のお客さまは、郵便局窓口にお越しいただくか、郵頼にてお申込みください。 ・郵便局窓口での押印を希望されるお客さまは、混雑緩和のため、事前に押印する台紙等をお手元にご準備の上、郵便局窓口へお越しください。 ・郵頼にて「引受消印」及び「記念押印」の両方をご希望される場合は、それぞれ別々の封筒でお申込みください。 ・封筒の表面には「引受消印」または「記念押印」と朱書きしてください。 【納入物について】 ・押印の指示内容、お客さまの電話連絡先を明記した指示書を必ず同封してください。 ・返信用封筒(切手を貼付したもの)等も忘れずに同封してください。 【連絡先の記載】 ・郵頼に関する確認のご連絡をさせていただく場合がございますので、お申込封筒または押印指示書等にご連絡先の電話番号を記載してください。 【注意事項】 ・依頼内容に不備があった場合などで、確認の連絡が取れない場合には、押印せずにお返しいたします。 【その他】 ・郵頼は余裕を持ってお申込ください。 ・なお、多数の申込みが見込まれるため、返却にお時間がかかる場合がございます。 ・細心の注意を払って押印対応しておりますが、手押し印のため、印影に汚れや擦れ、ずれ等が生じる場合がございます。その場合、再押印や補償はいたしかねますのであらかじめご了承ください。"
"12460","八幡熊手郵便局","福岡県","〒806-0028 福岡県北九州市八幡西区熊手2-3-11","福岡県北九州市八幡西区熊手2-3-11","33.862492","130.766693","","","https://www.post.japanpost.jp/kitte_hagaki/stamp/fuke//detail.php?id=12460","〒806-0028 福岡県北九州市八幡西区熊手2-3-11 八幡熊手郵便局（風景印担当）宛"
"12457","石坂郵便局","北海道","〒089-2125 北海道広尾郡大樹町石坂３７５","北海道広尾郡大樹町石坂３７５","42.448353","143.31868","","2026/3/10廃止予定","https://www.post.japanpost.jp/kitte_hagaki/stamp/fuke//detail.php?id=12457","〒089-2125 北海道広尾郡大樹町石坂３７５ 石坂郵便局（風景印担当）宛"
"12466","松任安田郵便局","石川県","〒924-0862 石川県白山市安田町52-1","石川県白山市安田町52-1","36.523254","136.561493","","2026/3/19廃止予定","https://www.post.japanpost.jp/kitte_hagaki/stamp/fuke//detail.php?id=12466","〒924-0862 石川県白山市安田町52-1 松任安田郵便局 風景印担当あて (留意点) ・押印の具体的な指示内容等が記入された用紙等及び往信用封筒は返信いたしません。 ・郵頼締切後に到着した郵頼につきましては原則として押印せずお客さまへ返信させていただきます。 ・記念押印の日付指定は、局の状況により対応できない場合があります。その際は、お客さまへご連絡、もしくは理由を記載した付箋を添えてご返送させていただく場合がございますので、あらかじめご了承ください。 ・依頼内容に不明な点等があり、お客さまへの連絡が取れない場合は、押印せずお返しする場合があります。 ・多数の郵頼が見込まれるため、返信にお時間がかかる場合があります。"
"12462","大堂津郵便局","宮崎県","〒889-3141 宮崎県日南市大堂津3-10-13","宮崎県日南市大堂津3-10-13","31.555967","131.380859","","2026/3/31廃止予定","https://www.post.japanpost.jp/kitte_hagaki/stamp/fuke//detail.php?id=12462","〒889-3141 宮崎県日南市大堂津3-10-13 大堂津郵便局（風景印押印担当）宛"
"12458","石倉郵便局","北海道","〒049-2463 北海道茅部郡森町石倉町６２３－１","北海道茅部郡森町石倉町６２３－１","42.158604","140.46109","","2026/3/19廃止予定","https://www.post.japanpost.jp/kitte_hagaki/stamp/fuke//detail.php?id=12458","〒049-2463 北海道茅部郡森町石倉町６２３－１ 石倉郵便局（風景印担当）宛"
"12465","西金沢駅前郵便局","石川県","〒921-8044 石川県金沢市米泉町8-67","石川県金沢市米泉町8-67","36.551491","136.625153","","2026/3/19廃止予定","https://www.post.japanpost.jp/kitte_hagaki/stamp/fuke//detail.php?id=12465","〒921-8044 石川県金沢市米泉町8-67 西金沢駅前郵便局 風景印担当あて (留意点) ・押印の具体的な指示内容等が記入された用紙等及び往信用封筒は返信いたしません。 ・郵頼締切後に到着した郵頼につきましては原則として押印せずお客さまへ返信させていただきます。 ・記念押印の日付指定は、局の状況により対応できない場合があります。その際は、お客さまへご連絡、もしくは理由を記載した付箋を添えてご返送させていただく場合がございますので、あらかじめご了承ください。 ・依頼内容に不明な点等があり、お客さまへの連絡が取れない場合は、押印せずお返しする場合があります。 ・多数の郵頼が見込まれるため、返信にお時間がかかる場合があります。"
"12470","久留米大学病院前郵便局","福岡県","〒830-0011 福岡県久留米市旭町65-1","福岡県久留米市旭町65-1","33.328304","130.509964","","2026/3/27廃止予定","https://www.post.japanpost.jp/kitte_hagaki/stamp/fuke//detail.php?id=12470","〒830-0011 福岡県久留米市旭町65-1 久留米大学病院前郵便局（風景印押印担当）宛"
"12467","新保郵便局","福井県","〒913-0031 福井県坂井市三国町新保7-5-2","福井県坂井市三国町新保7-5-2","36.211002","136.142334","","2026/3/19廃止予定","https://www.post.japanpost.jp/kitte_hagaki/stamp/fuke//detail.php?id=12467","〒913-0031 福井県坂井市三国町新保7-5-2 新保郵便局 風景印担当あて (留意点) ・押印の具体的な指示内容等が記入された用紙等及び往信用封筒は返信いたしません。 ・郵頼締切後に到着した郵頼につきましては原則として押印せずお客さまへ返信させていただきます。 ・記念押印の日付指定は、局の状況により対応できない場合があります。その際は、お客さまへご連絡、もしくは理由を記載した付箋を添えてご返送させていただく場合がございますので、あらかじめご了承ください。 ・依頼内容に不明な点等があり、お客さまへの連絡が取れない場合は、押印せずお返しする場合があります。 ・多数の郵頼が見込まれるため、返信にお時間がかかる場合があります。"
"12469","新平野郵便局","福井県","〒917-0226 福井県小浜市平野28-27","福井県小浜市平野28-27","35.471535","135.807632","","2026/3/19廃止予定","https://www.post.japanpost.jp/kitte_hagaki/stamp/fuke//detail.php?id=12469","〒917-0226 福井県小浜市平野28-27 新平野郵便局 風景印担当あて (留意点) ・押印の具体的な指示内容等が記入された用紙等及び往信用封筒は返信いたしません。 ・郵頼締切後に到着した郵頼につきましては原則として押印せずお客さまへ返信させていただきます。 ・記念押印の日付指定は、局の状況により対応できない場合があります。その際は、お客さまへご連絡、もしくは理由を記載した付箋を添えてご返送させていただく場合がございますので、あらかじめご了承ください。 ・依頼内容に不明な点等があり、お客さまへの連絡が取れない場合は、押印せずお返しする場合があります。 ・多数の郵頼が見込まれるため、返信にお時間がかかる場合があります。"
"12468","下味見郵便局","福井県","〒910-2474 福井県福井市折立町11－32","福井県福井市折立町11－32","35.942783","136.341965","","2026/3/19廃止予定","https://www.post.japanpost.jp/kitte_hagaki/stamp/fuke//detail.php?id=12468","〒910-2474 福井県福井市折立町11－32 下味見郵便局 風景印担当あて (留意点) ・押印の具体的な指示内容等が記入された用紙等及び往信用封筒は返信いたしません。 ・郵頼締切後に到着した郵頼につきましては原則として押印せずお客さまへ返信させていただきます。 ・記念押印の日付指定は、局の状況により対応できない場合があります。その際は、お客さまへご連絡、もしくは理由を記載した付箋を添えてご返送させていただく場合がございますので、あらかじめご了承ください。 ・依頼内容に不明な点等があり、お客さまへの連絡が取れない場合は、押印せずお返しする場合があります。 ・多数の郵頼が見込まれるため、返信にお時間がかかる場合があります。"
"12474","城西郵便局","静岡県","〒431-4112 静岡県静岡県浜松市天竜区佐久間町奥領家１６８１－１","静岡県静岡県浜松市天竜区佐久間町奥領家１６８１－１","34.975185","138.383286","","2026/3/19廃止予定","https://www.post.japanpost.jp/kitte_hagaki/stamp/fuke//detail.php?id=12474","〒431-4112 静岡県浜松市天竜区佐久間町奥領家1681-1 城西郵便局 風景印担当 宛 ※最終営業日(2026年3月19日(木))の日付をご希望の場合は、 2026年3月17日(火)までに必着するように郵送してください。 【注意事項等】 ・お申し込みの際、複数種類の郵頼を一つの往信封筒に入れるのは、ご遠慮ください。 ・依頼内容に不備があった場合やご希望に添えない場合などで、確認の連絡が取れない場合には、押印せずに返送させていただきます。 ・押印の具体的な要望等が書かれた用紙等及び往信用封筒は返信いたしません。 ・多数の申込みが見込まれる為、返却にお時間がかかる場合があります。 ・切手の貼り方や台紙の材質によって印影が乱れる場合があります。 ・摩耗が激しいため、鮮明に映らない場合がございますのでご了承願います。"
"12304","越中八尾郵便局","富山県","〒939-2399 富山県富山市八尾町上新町２６５７－１","富山県富山市八尾町上新町２６５７－１","36.575882","137.132736","","","https://www.post.japanpost.jp/kitte_hagaki/stamp/fuke//detail.php?id=12304","〒939-2399 富山県富山市八尾町上新町２６５７－1 越中八尾郵便局 風景印担当あて (留意点) ・押印の具体的な指示内容等が記入された用紙等及び往信用封筒は返信いたしません。 ・締切後に到着した郵頼につきましてはお客さまへ返信させていただく場合がございます。 ・依頼内容に不明な点等があり、お客さまへの連絡が取れない場合は、押印せずお返しする場合があります。 ・多数の郵頼が見込まれるため、返信にお時間がかかる場合があります。"
"12316","和歌山島崎郵便局","和歌山県","〒640-8125 和歌山県和歌山市島崎町７－１６","和歌山県和歌山市島崎町７－１６","34.216312","135.178696","","","https://www.post.japanpost.jp/kitte_hagaki/stamp/fuke//detail.php?id=12316","〒640-8125 和歌山県和歌山市島崎町７－１６ 和歌山島崎郵便局 あて 【納入物について】 ・押印の指示内容、お客さまの電話連絡先を明記した指示書を必ず同封してください。 ・返信用封筒等も忘れずに同封してください。 【連絡先の記載】 ・郵頼に関する確認のご連絡をさせていただく場合がございますので、お申込封筒または押印指示書等にご連絡先の電話番号を記載してください。 【注意事項】 ・依頼内容に不備があった場合などで、確認の連絡が取れない場合には、押印せずにお返しいたします。 【その他】 ・郵頼は余裕を持ってお申込ください。 ・なお、多数の申込が見込まれる為、返却まで数カ月頂戴する場合がございますのでご了承ください。 ・細心の注意を払って押印対応しておりますが、手押し印のため、印影に汚れや擦れ、ずれ等が生じる場合がございます。 その場合、再押印や補償はいたしかねますのであらかじめご了承ください。"
